課税区,課税区コード,宛名番号,氏名・名称,住所・所在地,個人番号・法人番号,課税年度,種類１取得価額,種類１評価額,種類１決定価格,種類１課税標準額,種類１資産件数,種類２取得価額,種類２評価額,種類２決定価格,種類２課税標準額,種類２資産件数,種類３取得価額,種類３評価額,種類３決定価格,種類３課税標準額,種類３資産件数,種類４取得価額,種類４評価額,種類４決定価格,種類４課税標準額,種類４資産件数,種類５取得価額,種類５評価額,種類５決定価格,種類５課税標準額,種類５資産件数,種類６取得価額,種類６評価額,種類６決定価格,種類６課税標準額,種類６資産件数,種類７取得価額,種類７評価額,種類７決定価格,種類７課税標準額,種類７資産件数,償却免点未満F,区,町,丁目,地番,所在
鶴見区,0,70000034,特定非営利活動法人増減なにぬねの内科クリニック,鶴見区馬場７丁目１９番１７−１３−１５−１０号　一剣明石ビル３Ｆ,,2025,0,0,0,0,0,10787790,2214305,2214305,2214305,12,0,0,0,0,0,0,0,0,0,0,6584500,2572405,2572405,2572405,8,2845200,2424477,2424477,2424477,10,20217490,7211187,7211187,7211187,30,0,0,,,,梅が丘１番２０−１８号
鶴見区,0,70000042,医療法人公印ＧＨＩ生命保険,鶴見区北寺尾２丁目８番５−１−１３−８号,,2025,0,0,0,0,0,9701000,6532762,6532762,6532762,12,0,0,0,0,0,0,0,0,0,0,2000000,592923,592923,592923,2,6074300,2849908,2849908,2849908,14,17775300,9975593,9975593,9975593,28,0,0,,,,篠原北１丁目１４番９号
鶴見区,0,70000051,社会福祉法人現年度八百屋,鶴見区東寺尾２丁目１７番２−１１−１７−１４号,,2025,3762000,3464388,3464388,3464388,3,27860400,10091099,10091099,10091099,14,9522700,3580689,3580689,3580689,4,0,0,0,0,0,4713800,3939798,3939798,3939798,4,8468900,1374405,1374405,1374405,20,54327800,22450379,22450379,22450379,45,0,0,,,,岡村４丁目１０番
鶴見区,0,70000069,公印ブックストア,鶴見区寺谷２丁目８番１９−１−１−１１号,,2025,5703500,5205913,5205913,5205913,4,5080500,3487955,3487955,3487955,1,39360400,34958278,34958278,34958278,2,0,0,0,0,0,0,0,0,0,0,2138000,1013336,1013336,1013336,7,52282400,44665482,44665482,44665482,14,0,0,,,,片吹６番
鶴見区,0,70000077,公益社団法人交渉経過レストラン,鶴見区北寺尾５丁目１６番８−２−２−２０号,,2025,19633300,9626246,9626246,9626246,16,3540990,1925595,1925595,1925595,3,0,0,0,0,0,0,0,0,0,0,21109200,2594335,2594335,2594335,21,0,0,0,0,0,44283490,14146176,14146176,14146176,40,0,0,,,,★沢７丁目１４番
鶴見区,0,70000085,学校法人地方税西部酪農農業,鶴見区寺谷１丁目１１番５−２−１２−１１号,,2025,12311000,2917193,2917193,2917193,12,0,0,0,0,0,50397900,44952981,44952981,44952981,4,0,0,0,0,0,13284700,7835388,7835388,7835388,15,0,0,0,0,0,75993600,55705562,55705562,55705562,31,0,0,,,,千代崎町１丁目１４番２−６号
鶴見区,0,70000093,一般社団法人還付レストラン,鶴見区市場東中町６番１５−８−１７−１号,,2025,0,0,0,0,0,22217600,17177744,17177744,17177744,9,56059900,27497804,27497804,27497804,3,0,0,0,0,0,15145800,2509281,2509281,2509281,11,0,0,0,0,0,93423300,47184829,47184829,47184829,23,0,0,,,,荏田北２丁目１４番６−１３−１０号
鶴見区,0,70000107,学生サイクル,鶴見区元宮１丁目１番１４−２０−１６−１５号　プリメーラ行政２１５,,2025,0,0,0,0,0,29603200,5629199,5629199,5629199,13,18146400,14399616,14399616,14399616,6,0,0,0,0,0,9821700,5544130,5544130,5544130,9,2536200,316094,316094,316094,11,60107500,25889039,25889039,25889039,39,0,0,,,,笹下３丁目３番１１号
鶴見区,0,70000115,合同会社一括設定テレビ,鶴見区獅子ケ谷２丁目８番２０−１５号,,2025,3605200,3296389,3296389,3296389,4,27546490,16283859,16283859,16283859,10,152453000,47603106,47603106,47603106,17,0,0,0,0,0,0,0,0,0,0,6334700,1068708,1068708,1068708,14,189939390,68252062,68252062,68252062,45,0,0,,,,笹下１丁目１２番
鶴見区,0,70000123,合資会社他課東部酪農農業,鶴見区小野町３番５−４−１−１号,,2025,6788500,5226731,5226731,5226731,6,4251000,3894345,3894345,3894345,2,45616500,20640101,20640101,20640101,5,0,0,0,0,0,6025200,2802810,2802810,2802810,5,4637500,284832,284832,284832,7,67318700,32848819,32848819,32848819,25,0,0,,,,鍛冶ケ谷２丁目１０番４−１５−１３号
鶴見区,0,70000131,異動事由学校,鶴見区大黒ふ頭９番３−６−１２−９号,,2025,14620700,6423863,6423863,6423863,17,1712000,265440,265440,265440,2,65003500,51365405,51365405,51365405,5,0,0,0,0,0,13202100,7775072,7775072,7775072,16,2375200,1416676,1416676,1416676,5,96913500,67246456,67246456,67246456,45,0,0,,,,新石川２丁目２０番４−１８−５−６号
鶴見区,0,70000158,株式会社申告電気,鶴見区大東町７７７７７番７７７号,,2025,1220300,1064314,1064314,1064314,2,0,0,0,0,0,208519700,62250005,62250005,62250005,17,0,0,0,0,0,15650800,6487885,6487885,6487885,13,2901600,1053822,1053822,1053822,10,228292400,70856026,70856026,70856026,42,0,0,,,,鶴見区
鶴見区,0,70000166,有限会社農地ＤＥＦ生命保険,鶴見区生麦３丁目１９番２０−１５−１９−４号,,2025,6227800,1412377,1412377,1412377,11,7685000,4268776,4268776,4268776,4,48764200,2438210,2438210,2438210,4,0,0,0,0,0,3650000,182500,182500,182500,2,1654300,1441181,1441181,1441181,3,67981300,9743044,9743044,9743044,24,0,0,,,,名瀬町２０番
鶴見区,0,70000174,県銀行,鶴見区上の宮１丁目６番２０−７−９−９号,,2025,2350800,1873780,1873780,1873780,1,36976580,4702717,4702717,4702717,13,0,0,0,0,0,0,0,0,0,0,1018500,795448,795448,795448,1,4396900,501071,501071,501071,11,44742780,7873016,7873016,7873016,26,0,0,,,,長津田７丁目１１番９−１８−１３−１号
鶴見区,0,70000182,他課コンビニエンスストア,鶴見区東寺尾北台１２番６−１８−９−１９号,,2025,9559200,5188063,5188063,5188063,11,32616800,5579585,5579585,5579585,13,80963700,46653205,46653205,46653205,14,0,0,0,0,0,1400000,1093400,1093400,1093400,1,1721800,1495788,1495788,1495788,4,126261500,60010041,60010041,60010041,43,0,0,,,,鶴ケ峰本町１丁目６番１４−１１−５号
鶴見区,0,70000191,世帯レストラン,鶴見区馬場４丁目５番４−１６−１４−１３号,,2025,9937200,3768613,3768613,3768613,11,13025100,10718308,10718308,10718308,6,6641500,4209808,4209808,4209808,4,0,0,0,0,0,4190000,2573633,2573633,2573633,3,983500,582953,582953,582953,5,34777300,21853315,21853315,21853315,29,0,0,,,,守屋町１丁目７番６−６−１１−１号
鶴見区,0,70000204,特徴旅館,鶴見区鶴見中央４丁目１９番９−１０−１９−３号,,2025,2263900,2030718,2030718,2030718,1,20089890,4837500,4837500,4837500,14,66696600,33819060,33819060,33819060,15,0,0,0,0,0,1400000,345343,345343,345343,1,11894100,2804927,2804927,2804927,20,102344490,43837548,43837548,43837548,51,0,0,,,,鳥が丘１０番２０−１４−８−１０号
鶴見区,0,70000212,株式会社市県民税かきくけこ内科クリニック,鶴見区潮田町３丁目１８番１−１６−７−１５号,,2025,4394400,1615976,1615976,1615976,8,0,0,0,0,0,43817900,31214318,31214318,31214318,5,0,0,0,0,0,630000,99285,99285,99285,1,2420000,1302210,1302210,1302210,4,51262300,34231789,34231789,34231789,18,0,0,,,,福岡県朝倉市上秋月松丸２番２号
鶴見区,0,70000255,合同会社調査工務店,鶴見区生麦１丁目１２番１３−１０−６−８号,,2025,12609700,6542525,6542525,6542525,16,16359800,4444572,4444572,4444572,10,0,0,0,0,0,0,0,0,0,0,0,0,0,0,0,1904300,277769,277769,277769,10,30873800,11264866,11264866,11264866,36,0,0,,,,上星川２丁目１５番１８号
鶴見区,0,70000263,相互会社原付ＧＨＩ生命保険,鶴見区豊岡町６番７−１５−１４−８号,,2025,6021800,5422287,5422287,5422287,4,659800,589397,589397,589397,2,86416400,44440929,44440929,44440929,2,0,0,0,0,0,6959000,347950,347950,347950,3,4277000,439445,439445,439445,8,104334000,51240008,51240008,51240008,19,0,0,,,,別所２丁目５番１４−１６−２号
鶴見区,0,70000280,増減蕎麦屋,鶴見区末広町１丁目１２番４−１１−１６−４号,,2025,5847200,3612765,3612765,3612765,3,12745300,10776937,10776937,10776937,8,156423300,32511796,32511796,32511796,10,0,0,0,0,0,12102500,5426611,5426611,5426611,11,3943600,270700,270700,270700,6,191061900,52598809,52598809,52598809,38,0,0,,,,★沢８丁目１２番９−３−４−１号
鶴見区,0,70000298,字ケーブルテレビ,鶴見区大東町１２番３−１９−１−１７号,,2025,28838200,15804316,15804316,15804316,21,0,0,0,0,0,109595900,86416188,86416188,86416188,10,0,0,0,0,0,1061700,832422,832422,832422,2,0,0,0,0,0,139495800,103052926,103052926,103052926,33,0,0,,,,庄戸２丁目３番１２号
鶴見区,0,70000301,物件番号の八百屋,鶴見区岸谷３丁目１６番１９−９−１９−１８号,,2025,5410700,4272167,4272167,4272167,6,13851480,7654743,7654743,7654743,10,88138300,11656510,11656510,11656510,12,0,0,0,0,0,1295000,1011395,1011395,1011395,2,6370000,1739701,1739701,1739701,15,115065480,26334516,26334516,26334516,45,0,0,,,,大阪府大阪狭山市東茱萸木２丁目１９番１５−１３号
鶴見区,0,70000310,特定目的会社地電協レンタカー,鶴見区下末吉１丁目９番１１号,,2025,0,0,0,0,0,23470600,12299184,12299184,12299184,9,20693500,14027441,14027441,14027441,5,0,0,0,0,0,400000,312400,312400,312400,1,1567800,241554,241554,241554,5,46131900,26880579,26880579,26880579,20,0,0,,,,白山１丁目１６番１７−４−１８号
鶴見区,0,70000328,一般社団法人市民電気店,鶴見区弁天町１５番,,2025,0,0,0,0,0,4503900,3098407,3098407,3098407,10,38786600,26776634,26776634,26776634,3,0,0,0,0,0,9422800,2895115,2895115,2895115,10,4290200,1974459,1974459,1974459,12,57003500,34744615,34744615,34744615,35,0,0,,,,大阪府東大阪市新庄４丁目２番１１−３−１−８号
鶴見区,0,70000336,公益社団法人滅失証明生命保険,鶴見区生麦３丁目１８番３−１０−１８−２０号,,2025,16996251,3569212,3569212,3569212,5039,0,0,0,0,0,0,0,0,0,0,0,0,0,0,0,0,0,0,0,0,101279076,21268605,21268605,21268605,4455,118275327,24837817,24837817,24837817,9494,0,0,,,,長津田みなみ台４丁目１０番
鶴見区,0,70000352,公益財団法人編集文具,鶴見区鶴見中央５丁目１４番１−１−１０−１８号,,2025,4952600,4486078,4486078,4486078,3,12211500,1474112,1474112,1474112,11,182788200,29071665,29071665,29071665,21,0,0,0,0,0,6641700,2686716,2686716,2686716,4,8162400,1233161,1233161,1233161,13,214756400,38951732,38951732,38951732,52,0,0,,,,北八朔町１７番８号
鶴見区,0,70000361,社団法人後期Ｘ＆Ｙ＆Ｚ生命保険,鶴見区獅子ケ谷３丁目２０番１２−１４−９−１１号,,2025,10647843,2236047,2236047,2236047,8175,92450669,19414640,19414640,19414640,71699,117504191,24675880,24675880,24675880,393,0,0,0,0,0,0,0,0,0,0,42684078,8963656,8963656,8963656,4609,263286781,55290223,55290223,55290223,84876,0,0,,,,富岡西２丁目１９番５−１−１０号
鶴見区,0,70000379,財団法人固定資産南部酪農農業,鶴見区東寺尾４丁目３番５−１７−１１−１３号,,2025,0,0,0,0,0,24719290,3919615,3919615,3919615,9,0,0,0,0,0,0,0,0,0,0,0,0,0,0,0,8457900,5160198,5160198,5160198,14,33177190,9079813,9079813,9079813,23,0,0,,,,本郷台３丁目１９番
鶴見区,0,70000387,宗教法人年特Ｉ＆Ｊ＆Ｋ生命保険,鶴見区上末吉４丁目１番８号,,2025,36901500,14728895,14728895,14728895,28,0,0,0,0,0,50603500,22552787,22552787,22552787,7,0,0,0,0,0,0,0,0,0,0,738300,634789,634789,634789,4,88243300,37916471,37916471,37916471,39,0,0,,,,橋戸２丁目１６番８−２０−４−９号
鶴見区,0,70000395,学校法人国税連携珈琲,鶴見区馬場１丁目１１番２０−１０−１３−１５号,,2025,0,0,0,0,0,11992200,3319815,3319815,3319815,10,13444100,5398495,5398495,5398495,6,0,0,0,0,0,3983000,3225730,3225730,3225730,4,540000,446850,446850,446850,2,29959300,12390890,12390890,12390890,22,0,0,,,,瀬戸ケ谷町１８番１３−１６−１２号
鶴見区,0,70000409,投資法人会計年度文房具店,鶴見区矢向５丁目３番５−１８−３−１６号,,2025,1162000,513528,513528,513528,2,4337400,3686526,3686526,3686526,4,89500500,5052525,5052525,5052525,5,0,0,0,0,0,11299100,4825035,4825035,4825035,8,1797300,1489178,1489178,1489178,2,108096300,15566792,15566792,15566792,21,0,0,,,,鶴ケ峰１丁目１４番９−２号
鶴見区,0,70000425,医療法人宅地の八百屋,鶴見区寛政町１２番１３−１０−１９−１４号,,2025,3224500,2523955,2523955,2523955,2,0,0,0,0,0,138927100,87262460,87262460,87262460,16,0,0,0,0,0,1970000,864676,864676,864676,1,4574100,541537,541537,541537,11,148695700,91192628,91192628,91192628,30,0,0,,,,岡村１丁目６番１３−１２−８−６号
鶴見区,0,70000433,医療法人社団区分まみむめも内科クリニック,鶴見区下末吉１丁目１１番２−１６−１５−８号,,2025,9479700,3776162,3776162,3776162,5,16289690,11557282,11557282,11557282,10,0,0,0,0,0,0,0,0,0,0,4459000,2426975,2426975,2426975,5,1349800,1130445,1130445,1130445,6,31578190,18890864,18890864,18890864,26,0,0,,,,若葉町３丁目１１番１４−１−４号
鶴見区,0,70000441,弁護士法人物件ＡＢＣ生命保険,鶴見区岸谷２丁目６番１７−１−１５−１号,,2025,13651100,3794694,3794694,3794694,8,3336000,2534260,2534260,2534260,3,12391600,4620343,4620343,4620343,3,0,0,0,0,0,1575000,388511,388511,388511,1,0,0,0,0,0,30953700,11337808,11337808,11337808,15,0,0,,,,小雀町２０番４−７号
鶴見区,0,70000450,税理士法人証明Ｏ＆Ｐ＆Ｑ生命保険,鶴見区生麦４丁目６番１３−１６号,,2025,8641800,7033079,7033079,7033079,9,8113600,635191,635191,635191,6,112685200,6029878,6029878,6029878,12,0,0,0,0,0,568400,414685,414685,414685,3,2862100,1625109,1625109,1625109,8,132871100,15737942,15737942,15737942,38,0,0,,,,長者町１丁目５番３号
鶴見区,0,70000468,司法書士法人保険証やゆよ内科クリニック,鶴見区市場東中町６番６−５−９−１１号,,2025,486100,387460,387460,387460,1,16409678,3655870,3655870,3655870,13,0,0,0,0,0,0,0,0,0,0,15790400,807650,807650,807650,9,2167700,1758329,1758329,1758329,5,34853878,6609309,6609309,6609309,28,0,0,,,,峰岡町２丁目６番１−６−１０号
鶴見区,0,70000476,行政書士法人交渉経過クリニック,鶴見区鶴見１丁目７番５−１６−２０−９号,,2025,17024100,8358238,8358238,8358238,18,32909868,16371421,16371421,16371421,27,0,0,0,0,0,0,0,0,0,0,0,0,0,0,0,0,0,0,0,0,49933968,24729659,24729659,24729659,45,0,0,,,,釜利谷西６丁目１８番
鶴見区,0,70000484,社会福祉法人役職Ｄ＆Ｅ＆Ｆ生命保険,鶴見区元宮２丁目１８番４−１３−１−８号,,2025,16826000,8390375,8390375,8390375,14,3959300,578126,578126,578126,3,185021400,117431795,117431795,117431795,15,0,0,0,0,0,26144700,6801660,6801660,6801660,21,903600,612032,612032,612032,3,232855000,133813988,133813988,133813988,56,0,0,,,,★沢７丁目１１番
鶴見区,0,70000492,農事組合法人住基書店,鶴見区北寺尾２丁目１５番１４−７−１９号,,2025,17781700,7626305,7626305,7626305,11,15144780,8253614,8253614,8253614,9,13400000,6622935,6622935,6622935,3,0,0,0,0,0,17892100,6796872,6796872,6796872,18,0,0,0,0,0,64218580,29299726,29299726,29299726,41,0,0,,,,領★４丁目１９番１２号
鶴見区,0,70000514,特許業務法人高層ドラッグストア,鶴見区岸谷２丁目９番１６−８−６−３号,,2025,0,0,0,0,0,72466865,15218041,15218041,15218041,63085,0,0,0,0,0,0,0,0,0,0,0,0,0,0,0,46019297,9664052,9664052,9664052,9726,118486162,24882093,24882093,24882093,72811,0,0,,,,富岡東２丁目１２番５−１２−７−９号
鶴見区,0,70000522,更生保護法人三角ブックストア,鶴見区豊岡町１３番３−１５号,,2025,5045700,4021834,4021834,4021834,3,4851500,3983533,3983533,3983533,2,12280800,9613424,9613424,9613424,2,0,0,0,0,0,20455100,4579737,4579737,4579737,14,0,0,0,0,0,42633100,22198528,22198528,22198528,21,0,0,,,,庄戸１丁目１８番１３−６号
鶴見区,0,70000549,有限責任中間法人資産ラーメン,鶴見区北寺尾７丁目１６番１０−１７−８−１８号,,2025,17866700,4872067,4872067,4872067,12,0,0,0,0,0,45890900,18346143,18346143,18346143,6,0,0,0,0,0,0,0,0,0,0,2939200,1367755,1367755,1367755,10,66696800,24585965,24585965,24585965,28,0,0,,,,本町４丁目１４番９−６−３−１８号
鶴見区,0,70000557,無限責任中間法人印影電気,鶴見区馬場１丁目１１番１４−６−１７−５号,,2025,28473000,10740002,10740002,10740002,25,0,0,0,0,0,43480300,14204363,14204363,14204363,12,0,0,0,0,0,6259600,2942092,2942092,2942092,7,5454700,3684437,3684437,3684437,11,83667600,31570894,31570894,31570894,55,0,0,,,,岡野２丁目１５番５号
鶴見区,0,70000565,特定非営利活動法人★★住民文具,鶴見区岸谷２丁目１７番,,2025,3550500,2789438,2789438,2789438,3,0,0,0,0,0,2933600,2390883,2390883,2390883,2,0,0,0,0,0,16201300,4395331,4395331,4395331,15,5991300,1498277,1498277,1498277,17,28676700,11073929,11073929,11073929,37,0,0,,,,本牧町２丁目２０番５号
鶴見区,0,70000573,土地家屋調査士法人課税レストラン,鶴見区矢向１丁目１７番１−５−７−１９号,,2025,4210600,2454056,2454056,2454056,7,241000,196415,196415,196415,1,0,0,0,0,0,0,0,0,0,0,0,0,0,0,0,1213400,259288,259288,259288,5,5665000,2909759,2909759,2909759,13,0,0,,,,笠間町１５番
鶴見区,0,70000581,社会保険労務士法人都文房具店,鶴見区栄町通１丁目１５番７−１８−２−１３号,,2025,0,0,0,0,0,4150000,3239644,3239644,3239644,2,43105400,16148914,16148914,16148914,21,0,0,0,0,0,1061700,68739,68739,68739,2,10785400,2102208,2102208,2102208,12,59102500,21559505,21559505,21559505,37,0,0,,,,北寺尾７丁目７番３−７−１２−１０号
鶴見区,0,70000590,組合国税連携の八百屋,鶴見区市場大和町６番５−１７−８−１２号,,2025,4371500,3927826,3927826,3927826,3,4187790,3389059,3389059,3389059,4,0,0,0,0,0,0,0,0,0,0,7397000,3419549,3419549,3419549,5,5149600,415512,415512,415512,9,21105890,11151946,11151946,11151946,21,0,0,,,,星川３丁目１１番１５−１７−１８号
鶴見区,0,70000611,労働組合一二★四五六七八九十一二三四五六七八九十一二三四五六七八九十一二三四五六七八九十一二三四五六七八九十なにぬねの内科クリニック,鶴見区寛政町９番,,2025,20657800,6989364,6989364,6989364,15,333300,218727,218727,218727,1,2127700,1671762,1671762,1671762,2,0,0,0,0,0,11025500,3551336,3551336,3551336,13,4356100,1018829,1018829,1018829,12,38500400,13450018,13450018,13450018,43,0,0,,,,杉田７丁目３番
鶴見区,0,70000620,協同組合高負荷農場,鶴見区馬場２丁目１４番７−１５−１８−７号,,2025,311300,283905,283905,283905,1,0,0,0,0,0,47667100,34880561,34880561,34880561,9,0,0,0,0,0,17884300,1077783,1077783,1077783,12,0,0,0,0,0,65862700,36242249,36242249,36242249,22,0,0,,,,茅ケ崎南１丁目１２番２０号
鶴見区,0,70000638,協同組合連合会料コーヒー,鶴見区矢向２丁目３番８−５−１９−１４号,,2025,4900500,3904412,3904412,3904412,5,987600,531041,531041,531041,2,103493300,11367576,11367576,11367576,12,0,0,0,0,0,11233500,6079073,6079073,6079073,12,5328800,1610458,1610458,1610458,14,125943700,23492560,23492560,23492560,45,0,0,,,,下田町６丁目９番８−９−８−９号
鶴見区,0,70000646,協業組合固定らりるれろ内科クリニック,鶴見区安善町２丁目１７番１７−１５−２−１２号,,2025,119100434,25011091,25011091,25011091,0,0,0,0,0,0,0,0,0,0,0,0,0,0,0,0,0,0,0,0,0,0,0,0,0,0,119100434,25011091,25011091,25011091,0,0,0,,,,藤★町１丁目１０番４−７−１８−１号
鶴見区,0,70000654,信用組合通知テレビ,鶴見区北寺尾７丁目７番７−１８−１８−３号,,2025,0,0,0,0,0,11756100,8563532,8563532,8563532,4,11877900,3824980,3824980,3824980,2,0,0,0,0,0,24380400,2416778,2416778,2416778,22,0,0,0,0,0,48014400,14805290,14805290,14805290,28,0,0,,,,中田北２丁目８番７号
鶴見区,0,70000662,森林組合特徴Ｏ＆Ｐ＆Ｑ生命保険,鶴見区馬場５丁目１０番９−７号,,2025,4162400,2730451,2730451,2730451,5,27190600,17813775,17813775,17813775,16,71333900,3566695,3566695,3566695,7,0,0,0,0,0,4888000,2882764,2882764,2882764,5,764000,672785,672785,672785,6,108338900,27666470,27666470,27666470,39,0,0,,,,宮ケ谷４番１２−８−１８号
鶴見区,0,70000671,蚕糸組合市民さしすせそ内科クリニック,鶴見区東寺尾中台１２番２０−６−１３−１４号,,2025,0,0,0,0,0,5630800,4678311,4678311,4678311,7,9072100,6564809,6564809,6564809,4,0,0,0,0,0,4450200,2888698,2888698,2888698,3,476000,316850,316850,316850,2,19629100,14448668,14448668,14448668,16,0,0,,,,富岡西２丁目１１番
鶴見区,0,70000689,振興組合認証Ｇ＆Ｈ＆Ｉ生命保険,鶴見区鶴見中央２丁目５番１６−２０−８−６号,,2025,20364600,12077040,12077040,12077040,18,10303290,1080548,1080548,1080548,8,2174000,1697893,1697893,1697893,2,0,0,0,0,0,3873800,3093011,3093011,3093011,4,6409800,2819894,2819894,2819894,13,43125490,20768386,20768386,20768386,45,0,0,,,,岩井町１８番５号
鶴見区,0,70000697,貸家組合申請レストラン,鶴見区元宮２丁目１５番７−１２−８−１７号,,2025,0,0,0,0,0,16943700,11711553,11711553,11711553,9,0,0,0,0,0,0,0,0,0,0,0,0,0,0,0,5195600,3788832,3788832,3788832,14,22139300,15500385,15500385,15500385,23,0,0,,,,北山田４丁目２０番４−８−３号
鶴見区,0,70000701,健康保険組合介護ストア,鶴見区浜町２丁目１番１３−１−９−４号,,2025,6675000,6201073,6201073,6201073,3,10230000,9176310,9176310,9176310,2,188013300,58427117,58427117,58427117,16,0,0,0,0,0,0,0,0,0,0,187000,127886,127886,127886,2,205105300,73932386,73932386,73932386,23,0,0,,,,鶴屋町１丁目３番１５−１２−１４−３号
鶴見区,0,70000719,農業協同組合償却ＧＨＩ生命保険,鶴見区本町通１丁目２番４−７−９−１２号,,2025,0,0,0,0,0,8119000,808964,808964,808964,10,18577000,8934617,8934617,8934617,5,0,0,0,0,0,2238800,1811952,1811952,1811952,3,520000,294060,294060,294060,1,29454800,11849593,11849593,11849593,19,0,0,,,,上飯田町１０番
鶴見区,0,70000727,漁業協同組合基盤なにぬねの内科クリニック,鶴見区東寺尾３丁目１３番,,2025,17451200,9861734,9861734,9861734,13,16306090,973881,973881,973881,9,0,0,0,0,0,0,0,0,0,0,7414900,3986580,3986580,3986580,5,8051600,7232320,7232320,7232320,10,49223790,22054515,22054515,22054515,37,0,0,,,,上反町２丁目１８番１６−１０−５号
鶴見区,0,70000735,生活協同組合住宅八百屋,鶴見区岸谷１丁目５番,,2025,1032500,837217,837217,837217,2,22910390,15285030,15285030,15285030,9,0,0,0,0,0,0,0,0,0,0,19513300,3897303,3897303,3897303,19,4536900,3354142,3354142,3354142,9,47993090,23373692,23373692,23373692,39,0,0,,,,岸根町７番７−１５号
鶴見区,0,70000743,船主相互保険組合自治ＯＰＱ生命保険,鶴見区朝日町２丁目１０番３−１０−１５−１０号,,2025,8186700,6171965,6171965,6171965,6,0,0,0,0,0,115200000,6383727,6383727,6383727,4,0,0,0,0,0,0,0,0,0,0,778800,320096,320096,320096,6,124165500,12875788,12875788,12875788,16,0,0,,,,三ツ沢東町１４番１７−１７−１８号
鶴見区,0,70000751,協会加算Ａ＆Ｂ＆Ｃ生命保険,鶴見区本町通２丁目１６番１７−１６−１−２号,,2025,0,0,0,0,0,27501800,15178616,15178616,15178616,12,7428400,829840,829840,829840,7,0,0,0,0,0,5727400,4731420,4731420,4731420,3,1763800,971947,971947,971947,7,42421400,21711823,21711823,21711823,29,0,0,,,,松本町１丁目１２番２−１２号
鶴見区,0,70000760,連合会更新珈琲,鶴見区尻手１丁目８番２０−１２−２−１８号,,2025,10215000,7349639,7349639,7349639,8,16894590,3477550,3477550,3477550,12,84986900,7107313,7107313,7107313,10,0,0,0,0,0,0,0,0,0,0,687800,373112,373112,373112,5,112784290,18307614,18307614,18307614,35,0,0,,,,洋光台１丁目１６番５号
鶴見区,0,70000778,商工会組合ケーブルテレビ,鶴見区生麦４丁目１９番１６−３−７−９号,,2025,18412800,11415198,11415198,11415198,15,17325100,2521561,2521561,2521561,9,215059500,76942422,76942422,76942422,13,0,0,0,0,0,7412500,3455302,3455302,3455302,7,3309800,1797920,1797920,1797920,7,261519700,96132403,96132403,96132403,51,0,0,,,,下野谷町３丁目１０番１５−１５−１７号
鶴見区,0,70000786,医師会介護ケーブルテレビ,鶴見区北寺尾３丁目１１番１６号,,2025,7371200,5248853,5248853,5248853,11,0,0,0,0,0,26231000,10489719,10489719,10489719,13,0,0,0,0,0,5447300,2493243,2493243,2493243,5,0,0,0,0,0,39049500,18231815,18231815,18231815,29,0,0,,,,徳島県三好市池田町佐野北沼谷９番
鶴見区,0,70000794,協力会保留かきくけこ内科クリニック,鶴見区栄町通３丁目１０番１３−９−１０−５号,,2025,33617500,17905023,17905023,17905023,26,0,0,0,0,0,42037000,21013220,21013220,21013220,5,0,0,0,0,0,4933900,2444732,2444732,2444732,4,0,0,0,0,0,80588400,41362975,41362975,41362975,35,0,0,,,,犬山町９番１７−５号
鶴見区,0,70000808,共済会路線価ドラッグストア,鶴見区東寺尾東台１２番７−４−１３−３号,,2025,7970700,6351950,6351950,6351950,11,5231100,2249890,2249890,2249890,4,8723100,2335752,2335752,2335752,3,0,0,0,0,0,1420000,1109020,1109020,1109020,1,2982800,1842550,1842550,1842550,12,26327700,13889162,13889162,13889162,31,0,0,,,,阿久和西２丁目２番９−１９−８号
鶴見区,0,70000816,信用金庫口座電気店,鶴見区安善町１丁目１４番６−１４−１４−１４号,,2025,0,0,0,0,0,22629100,14697736,14697736,14697736,8,140095700,19773854,19773854,19773854,15,0,0,0,0,0,9705500,5811802,5811802,5811802,10,945300,809733,809733,809733,3,173375600,41093125,41093125,41093125,36,0,0,,,,神大寺２丁目６番４−８−１９−９号
鶴見区,0,70000824,労働金庫番地損害保険,鶴見区北寺尾１丁目６番２０−１７−１４−９号,,2025,8080400,5650755,5650755,5650755,10,831600,745945,745945,745945,1,27884600,22476496,22476496,22476496,7,0,0,0,0,0,715000,148668,148668,148668,1,0,0,0,0,0,37511600,29021864,29021864,29021864,19,0,0,,,,芹が谷１丁目９番
鶴見区,0,70000841,商工会議所画像󠄄連携蕎麦屋,鶴見区東寺尾北台１８番１９−４−１８−７号,,2025,740700,418865,418865,418865,1,16098890,10534501,10534501,10534501,7,20399000,14140941,14140941,14140941,6,0,0,0,0,0,5337500,2747731,2747731,2747731,5,3437600,838487,838487,838487,14,46013690,28680525,28680525,28680525,33,0,0,,,,今宿２丁目１１番３−２号
鶴見区,0,70000859,証券取引所町かきくけこ内科クリニック,鶴見区浜町２丁目５番１２−５−１９−６号,,2025,291500,14575,14575,14575,1,3200000,2100000,2100000,2100000,1,0,0,0,0,0,0,0,0,0,0,13358200,1977292,1977292,1977292,10,8526400,3003897,3003897,3003897,22,25376100,7095764,7095764,7095764,34,0,0,,,,白幡町１３番１２−７−２−１号
鶴見区,0,70000867,事業団一部レンタカー,鶴見区弁天町１０番１６−２号,,2025,11497400,4775674,4775674,4775674,13,0,0,0,0,0,84753900,4265213,4265213,4265213,11,0,0,0,0,0,1768100,871206,871206,871206,7,3121700,1856641,1856641,1856641,10,101141100,11768734,11768734,11768734,41,0,0,,,,桂坂１０番１４−１０号
鶴見区,0,70000875,企業団屋根ラーメン,鶴見区馬場５丁目１２番２−１７−１４−５号,,2025,291500,213378,213378,213378,1,2897378,2113077,2113077,2113077,7,33040800,29637597,29637597,29637597,1,0,0,0,0,0,8840000,1704980,1704980,1704980,6,874600,725210,725210,725210,3,45944278,34394242,34394242,34394242,18,0,0,,,,岩間町１丁目１５番１９−１３−２０−１８号
鶴見区,0,70000883,厚生年金基金現年度の本屋,鶴見区馬場５丁目１２番,,2025,4828000,3388651,3388651,3388651,6,8541168,7518500,7518500,7518500,6,58622100,20833082,20833082,20833082,8,0,0,0,0,0,22201700,1125278,1125278,1125278,16,6799200,6216234,6216234,6216234,4,100992168,39081745,39081745,39081745,40,0,0,,,,尾月１５番２０−１９号
鶴見区,0,70000891,郵便局★★住民魚屋,鶴見区上の宮２丁目１６番１７−１９−１５−１４号,,2025,3072400,2797071,2797071,2797071,2,17788000,3912580,3912580,3912580,14,41310300,33754329,33754329,33754329,5,0,0,0,0,0,17806700,4777807,4777807,4777807,11,226500,193022,193022,193022,3,80203900,45434809,45434809,45434809,35,0,0,,,,三反田町４番２０号
鶴見区,0,70000905,公社調査状況の八百屋,鶴見区市場下町７番１６−８−１０−１２号,,2025,0,0,0,0,0,7059400,932147,932147,932147,6,8787800,3596709,3596709,3596709,4,0,0,0,0,0,10547500,5360976,5360976,5360976,9,0,0,0,0,0,26394700,9889832,9889832,9889832,19,0,0,,,,矢指町８番
鶴見区,0,70000913,カンパニー共通コーヒー,鶴見区栄町通３丁目３番,,2025,7629800,7064379,7064379,7064379,4,0,0,0,0,0,3390100,1487989,1487989,1487989,2,0,0,0,0,0,2114300,1735173,1735173,1735173,3,6175800,870509,870509,870509,12,19310000,11158050,11158050,11158050,21,0,0,,,,徳島県阿南市柳島町高川原須崎８番２０号
鶴見区,0,70000921,リミテッド画地文具,鶴見区生麦５丁目１３番１−８号,,2025,446800,407966,407966,407966,2,17626800,10791828,10791828,10791828,13,6868400,360099,360099,360099,4,0,0,0,0,0,13694200,5213433,5213433,5213433,15,4077300,2752784,2752784,2752784,10,42713500,19526110,19526110,19526110,44,0,0,,,,原宿４丁目１９番２０−８−１４−１８号
鶴見区,0,70000930,コーポレーション宅地北部酪農農業,鶴見区市場東中町９番５−１−５−７号,,2025,1483400,1346164,1346164,1346164,2,0,0,0,0,0,13456200,6809951,6809951,6809951,3,0,0,0,0,0,3440000,2686640,2686640,2686640,2,4374600,1576643,1576643,1576643,13,22754200,12419398,12419398,12419398,20,0,0,,,,日吉２丁目１４番１４−１２−１−１３号
鶴見区,0,70000948,インコーポレーション事務学園,鶴見区駒岡３丁目６番,,2025,2808600,1920790,1920790,1920790,1,13591178,11948674,11948674,11948674,8,1226200,61310,61310,61310,1,0,0,0,0,0,8781500,5476219,5476219,5476219,10,1837300,1230890,1230890,1230890,2,28244778,20637883,20637883,20637883,22,0,0,,,,乙舳町７番６号
鶴見区,0,70000956,償却Ｕ＆Ｖ＆Ｗ生命保険,鶴見区獅子ケ谷２丁目１１番７−９−１０−６号,,2025,7989500,6700645,6700645,6700645,5,3580500,2103566,2103566,2103566,5,46588800,5290513,5290513,5290513,12,0,0,0,0,0,9684700,1671820,1671820,1671820,11,7939500,2031605,2031605,2031605,6,75783000,17798149,17798149,17798149,39,0,0,,,,新吉田東５丁目３番１１−２０−２号
鶴見区,0,70000981,変更クリニック,鶴見区上末吉２丁目１８番４−２−６−１７号,,2025,11089100,3007548,3007548,3007548,12,26074800,4867783,4867783,4867783,20,112903800,55679376,55679376,55679376,12,0,0,0,0,0,0,0,0,0,0,811200,691510,691510,691510,4,150878900,64246217,64246217,64246217,48,0,0,,,,港南台４丁目１６番
鶴見区,0,70000999,転居農場,鶴見区佃野町５番１１−４−４−２０号,,2025,0,0,0,0,0,10421200,2479934,2479934,2479934,10,40496600,32957937,32957937,32957937,5,0,0,0,0,0,0,0,0,0,0,9650900,6479518,6479518,6479518,13,60568700,41917389,41917389,41917389,28,0,0,,,,星川３丁目２０番７−１７−１５−２０号
鶴見区,0,70001006,特例北部酪農農業,鶴見区岸谷２丁目６番１１号,,2025,12102200,9398352,9398352,9398352,11,0,0,0,0,0,142273600,15104975,15104975,15104975,16,0,0,0,0,0,5402500,270125,270125,270125,4,1399400,1181506,1181506,1181506,5,161177700,25954958,25954958,25954958,36,0,0,,,,六浦南３丁目３番
鶴見区,0,70001014,役職ラーメン屋,鶴見区東寺尾１丁目１４番８−１−１１−１２号,,2025,19670600,14236525,14236525,14236525,18,13722200,7017291,7017291,7017291,6,2126400,557991,557991,557991,2,0,0,0,0,0,14991300,6614009,6614009,6614009,8,1823000,401578,401578,401578,5,52333500,28827394,28827394,28827394,39,0,0,,,,久木町１番１６号
鶴見区,0,70001022,申請南部酪農農業,鶴見区尻手３丁目１６番,,2025,868300,806650,806650,806650,1,7763190,2419310,2419310,2419310,7,93835600,51314182,51314182,51314182,11,0,0,0,0,0,12468500,4297498,4297498,4297498,6,689900,574972,574972,574972,4,115625490,59412612,59412612,59412612,29,0,0,,,,白根４丁目１４番
鶴見区,0,70001031,定時レンタカー,鶴見区下末吉４丁目１１番２−２０−１８号,,2025,841300,754646,754646,754646,1,2847900,1515063,1515063,1515063,6,73923800,12959841,12959841,12959841,13,0,0,0,0,0,0,0,0,0,0,0,0,0,0,0,77613000,15229550,15229550,15229550,20,0,0,,,,獅子ケ谷３丁目１９番２０−８−６−６号
鶴見区,0,70001049,編集Ｄ＆Ｅ＆Ｆ生命保険,鶴見区汐入町２丁目１７番１４−１２−１５−１４号,,2025,0,0,0,0,0,10678100,2801729,2801729,2801729,9,4454300,3508828,3508828,3508828,3,0,0,0,0,0,5767200,3673994,3673994,3673994,7,0,0,0,0,0,20899600,9984551,9984551,9984551,19,0,0,,,,長者町９丁目１４番９号
鶴見区,0,70001057,補正たちつてと内科クリニック,鶴見区下末吉３丁目１番６−５−６−１号,,2025,9630000,7640515,7640515,7640515,8,27840100,11172713,11172713,11172713,17,0,0,0,0,0,0,0,0,0,0,1890000,405686,405686,405686,4,3652800,1718224,1718224,1718224,6,43012900,20937138,20937138,20937138,35,0,0,,,,杉田坪呑１６番９−５−８号
鶴見区,0,70001065,登記東部酪農農業,鶴見区矢向３丁目１３番５−１９−１−１９号,,2025,6630800,5265735,5265735,5265735,6,20000,12384,12384,12384,1,72473700,22181718,22181718,22181718,7,0,0,0,0,0,1403800,70190,70190,70190,2,3941500,357291,357291,357291,9,84469800,27887318,27887318,27887318,25,0,0,,,,仲町台５丁目１９番
鶴見区,0,70001073,区書店,鶴見区上末吉１丁目６番１９−６−１−３号,,2025,2717000,2524093,2524093,2524093,1,7907200,5865863,5865863,5865863,8,38158300,30719186,30719186,30719186,4,0,0,0,0,0,19080000,6507866,6507866,6507866,16,2004000,1311871,1311871,1311871,6,69866500,46928879,46928879,46928879,35,0,0,,,,泥亀１丁目２番１６−３号
鶴見区,0,70001081,収入日なにぬねの内科クリニック,鶴見区下末吉６丁目４番１１−９−５−９号,,2025,19233700,9096235,9096235,9096235,15,23425500,18613495,18613495,18613495,8,173055900,14412561,14412561,14412561,12,0,0,0,0,0,0,0,0,0,0,3916800,2632430,2632430,2632430,10,219631900,44754721,44754721,44754721,45,0,0,,,,長者町３丁目１２番１９号
鶴見区,0,70001090,仮消込ドラッグストア,鶴見区寺谷１丁目２０番１３−１６−１９−１７号,,2025,6185400,3211643,3211643,3211643,5,6129600,3364553,3364553,3364553,5,8527500,6304101,6304101,6304101,4,0,0,0,0,0,9479000,4157297,4157297,4157297,8,0,0,0,0,0,30321500,17037594,17037594,17037594,22,0,0,,,,東本郷１丁目４番１８−８−４号
鶴見区,0,70001103,権限ラーメン,鶴見区向井町３丁目２０番２０−７号,,2025,11322200,4339244,4339244,4339244,15,1820000,990787,990787,990787,2,12540000,6290699,6290699,6290699,3,0,0,0,0,0,11831200,4029029,4029029,4029029,14,3744800,2551258,2551258,2551258,11,41258200,18201017,18201017,18201017,45,0,0,,,,新石川２丁目１１番１９−１３号
鶴見区,0,70001111,検索電気,鶴見区市場富士見町１４番１２−１０−１９−９号,,2025,35158814,7383350,7383350,7383350,8785,0,0,0,0,0,0,0,0,0,0,0,0,0,0,0,0,0,0,0,0,0,0,0,0,0,35158814,7383350,7383350,7383350,8785,0,0,,,,日野南２丁目３番６−８−５号
鶴見区,0,70001120,統計の八百屋,鶴見区浜町２丁目１６番１１−８−１６−１１号,,2025,6527400,4704484,4704484,4704484,7,741700,677502,677502,677502,2,3000000,2343000,2343000,2343000,1,0,0,0,0,0,17999100,8987614,8987614,8987614,14,3749500,1113040,1113040,1113040,12,32017700,17825640,17825640,17825640,36,0,0,,,,徳島県吉野川市美郷字花地１９番１２−１３号
鶴見区,0,70001138,奥行Ａ＆Ｂ＆Ｃ生命保険,鶴見区上末吉１丁目７番,,2025,13500600,3392044,3392044,3392044,11,3347100,1928768,1928768,1928768,5,62199300,33494060,33494060,33494060,6,0,0,0,0,0,6567500,3029314,3029314,3029314,6,10597900,6716926,6716926,6716926,8,96212400,48561112,48561112,48561112,36,0,0,,,,本郷台４丁目１番
鶴見区,0,70001146,編集スーパー,鶴見区鶴見中央３丁目１１番１７−１２−５−１６号,,2025,18110000,11447249,11447249,11447249,14,51514900,20215472,20215472,20215472,27,0,0,0,0,0,0,0,0,0,0,0,0,0,0,0,0,0,0,0,0,69624900,31662721,31662721,31662721,41,0,0,,,,中川３丁目７番７号
鶴見区,0,70001154,納税法人株式会社,鶴見区獅子ケ谷３丁目８番９−６−１１−１４号,,2025,17997400,11926056,11926056,11926056,17,13822200,947478,947478,947478,5,86764900,41019958,41019958,41019958,7,0,0,0,0,0,3148900,838675,838675,838675,4,756900,623106,623106,623106,4,122490300,55355273,55355273,55355273,37,0,0,,,,庄戸３丁目１５番１号
鶴見区,0,70001171,料工務店,鶴見区下野谷町１丁目４番１５−１９−１−３号,,2025,4136700,2213322,2213322,2213322,3,10808100,9416693,9416693,9416693,4,0,0,0,0,0,0,0,0,0,0,11292800,5311641,5311641,5311641,6,2125700,757281,757281,757281,7,28363300,17698937,17698937,17698937,20,0,0,,,,別所１丁目８番１−１６−７号
鶴見区,0,70001189,納税かきくけこ内科クリニック,鶴見区元宮１丁目５番１３−１５−１３−１８号,,2025,0,0,0,0,0,5000,3561,3561,3561,1,0,0,0,0,0,0,0,0,0,0,3400000,170000,170000,170000,3,491000,454725,454725,454725,3,3896000,628286,628286,628286,7,1,0,,,,鍛冶ケ谷２丁目２０番７−１２−７号
鶴見区,0,70001197,納付ＧＨＩ生命保険,鶴見区駒岡２丁目９番１２−１５−１９−２０号,,2025,12738600,6878675,6878675,6878675,10,36069080,9412492,9412492,9412492,18,203566500,61306742,61306742,61306742,18,0,0,0,0,0,4939000,2243371,2243371,2243371,4,8315100,7661323,7661323,7661323,4,265628280,87502603,87502603,87502603,54,0,0,,,,中村町２丁目１８番６−１５−３−７号
鶴見区,0,70001219,二輪ラーメン,鶴見区尻手３丁目１５番１７−１３−１４−３号,,2025,11580100,8585844,8585844,8585844,12,4779100,3610034,3610034,3610034,6,70196900,11152467,11152467,11152467,9,0,0,0,0,0,2673300,562783,562783,562783,3,3911100,2977719,2977719,2977719,9,93140500,26888847,26888847,26888847,39,0,0,,,,北海道旭川市西神楽南二条３丁目１６番６−１３号
鶴見区,0,70001227,固定スーパー,鶴見区鶴見２丁目１５番１４−１０−１１−２０号,,2025,5342300,3656411,3656411,3656411,8,0,0,0,0,0,5706400,2722276,2722276,2722276,4,0,0,0,0,0,8363300,436295,436295,436295,8,8208400,2581496,2581496,2581496,13,27620400,9396478,9396478,9396478,33,0,0,,,,峰町１０番１１−２号
鶴見区,0,70001235,総合西部酪農農業,鶴見区東寺尾東台１１番４−２０−１６−４号,,2025,12440100,4190942,4190942,4190942,15,28241090,9318346,9318346,9318346,15,42044700,21622117,21622117,21622117,1,0,0,0,0,0,333300,243975,243975,243975,1,14402800,4090414,4090414,4090414,13,97461990,39465794,39465794,39465794,45,0,0,,,,日限山４丁目８番
鶴見区,0,70001243,転居ドラッグストア,鶴見区大黒ふ頭１６番８−１３−７−１８号,,2025,2671200,2162687,2162687,2162687,2,0,0,0,0,0,113460400,63500606,63500606,63500606,12,0,0,0,0,0,0,0,0,0,0,5085300,1589646,1589646,1589646,16,121216900,67252939,67252939,67252939,30,0,0,,,,下和泉３丁目８番１４−１８号
鶴見区,0,70001251,転入ブックストア,鶴見区梶山１丁目１７番１４−７−１８−１４号,,2025,4925600,3398191,3398191,3398191,6,7023878,2987245,2987245,2987245,7,380000,326800,326800,326800,1,0,0,0,0,0,4520000,3530120,3530120,3530120,4,478000,391118,391118,391118,4,17327478,10633474,10633474,10633474,22,0,0,,,,岡村３丁目１９番１７−５−１３号
鶴見区,0,70001260,株式会社税目サイクル,鶴見区北寺尾１丁目１９番２０−１号,,2025,66942194,14057860,14057860,14057860,2998,87331401,18339594,18339594,18339594,25703,23256589,4883883,4883883,4883883,160,0,0,0,0,0,0,0,0,0,0,0,0,0,0,0,177530184,37281337,37281337,37281337,28861,0,0,,,,領★２丁目１番８号
鶴見区,0,70001278,有限会社画像󠄄ケーブルテレビ,鶴見区上の宮２丁目２番２−６−９−８号,,2025,8421300,6391898,6391898,6391898,8,11603190,1558681,1558681,1558681,12,0,0,0,0,0,0,0,0,0,0,10024200,577144,577144,577144,10,2686400,1950171,1950171,1950171,9,32735090,10477894,10477894,10477894,39,0,0,,,,本宿町１９番７−３号
鶴見区,0,70001286,合名会社★★ＩＪＫ生命保険,鶴見区上の宮２丁目８番１３−１４−１７−１９号,,2025,0,0,0,0,0,13257500,2124182,2124182,2124182,8,119007400,97283630,97283630,97283630,7,0,0,0,0,0,16689700,3685561,3685561,3685561,18,6544900,1475005,1475005,1475005,19,155499500,104568378,104568378,104568378,52,0,0,,,,宮田町２丁目２番６号
鶴見区,0,70001294,合資会社交付ラーメン屋,鶴見区潮田町２丁目６番２−２０−１３−４号,,2025,7603100,5896335,5896335,5896335,5,7427658,595825,595825,595825,8,53699900,8734300,8734300,8734300,7,0,0,0,0,0,25096500,5925506,5925506,5925506,18,1215400,722709,722709,722709,5,95042558,21874675,21874675,21874675,43,0,0,,,,西町１７番７号
鶴見区,0,70001316,相互会社国税薬局,鶴見区下末吉５丁目４番１３−１０−７−１３号,,2025,0,0,0,0,0,7050000,566254,566254,566254,2,59118300,36991267,36991267,36991267,3,0,0,0,0,0,0,0,0,0,0,5039900,1338770,1338770,1338770,18,71208200,38896291,38896291,38896291,23,0,0,,,,荏田西４丁目９番８−２０−１１−１８号
鶴見区,0,70001324,専用はひふへほ内科クリニック,鶴見区豊岡町１番１５−１５−９号,,2025,325000,103347,103347,103347,1,15519290,3770110,3770110,3770110,16,44645000,36338574,36338574,36338574,4,0,0,0,0,0,0,0,0,0,0,0,0,0,0,0,60489290,40212031,40212031,40212031,21,0,0,,,,浅間町４丁目１５番１０−１５−６−１０号
鶴見区,0,70001332,充当ブックストア,鶴見区矢向６丁目１３番１−１−５−１６号,,2025,0,0,0,0,0,6155600,1074931,1074931,1074931,7,2364100,1926741,1926741,1926741,1,0,0,0,0,0,5265000,2303982,2303982,2303982,3,17548600,7782081,7782081,7782081,23,31333300,13087735,13087735,13087735,34,0,0,,,,仲町台５丁目７番
鶴見区,0,70001341,職権なにぬねの内科クリニック,鶴見区向井町２丁目１番２０−１６−３−３号,,2025,7145700,6638354,6638354,6638354,3,3836490,1729454,1729454,1729454,9,157282300,48940840,48940840,48940840,20,0,0,0,0,0,2110000,1579030,1579030,1579030,2,10990900,6486609,6486609,6486609,9,181365390,65374287,65374287,65374287,43,0,0,,,,子安通３丁目１１番１−２０−７−１７号
鶴見区,0,70001359,表示ブックストア,鶴見区東寺尾５丁目１３番２−７−１１−５号,,2025,14791300,10740050,10740050,10740050,12,14362900,2441230,2441230,2441230,7,16100200,6073670,6073670,6073670,7,0,0,0,0,0,6956000,5600447,5600447,5600447,5,115000,9919,9919,9919,1,52325400,24865316,24865316,24865316,32,0,0,,,,帷子町１丁目６番１０号
鶴見区,0,70001367,特定目的会社政令ブックストア,鶴見区安善町１丁目１７番１３−１−５−９号,,2025,6040200,3660756,3660756,3660756,10,0,0,0,0,0,2074300,1677705,1677705,1677705,2,0,0,0,0,0,8082300,1302100,1302100,1302100,11,0,0,0,0,0,16196800,6640561,6640561,6640561,23,0,0,,,,原宿４丁目２番６−４−２号
鶴見区,0,70001375,一般社団法人投票Ｉ＆Ｊ＆Ｋ生命保険,鶴見区東寺尾５丁目１１番１１−１３−７−２号,,2025,9573600,7425739,7425739,7425739,9,15199900,10036548,10036548,10036548,5,19518600,9132448,9132448,9132448,7,0,0,0,0,0,0,0,0,0,0,1582400,544953,544953,544953,4,45874500,27139688,27139688,27139688,25,0,0,,,,下永谷２丁目５番
鶴見区,0,70001383,公益社団法人屋根ＯＰＱ生命保険,鶴見区鶴見中央５丁目２０番１２−９−３−１３号,,2025,0,0,0,0,0,360500,323368,323368,323368,1,63157800,13960076,13960076,13960076,10,0,0,0,0,0,9572400,4798774,4798774,4798774,5,2683200,2320447,2320447,2320447,6,75773900,21402665,21402665,21402665,22,0,0,,,,上之町１７番
鶴見区,0,70001391,一般財団法人領収日はひふへほ内科クリニック,鶴見区北寺尾２丁目７番２−１８−１−９号,,2025,0,0,0,0,0,0,0,0,0,0,0,0,0,0,0,0,0,0,0,0,21665700,4013304,4013304,4013304,15,4614800,3394630,3394630,3394630,9,26280500,7407934,7407934,7407934,24,0,0,,,,中原１丁目１２番１７−４−２−６号
鶴見区,0,70001413,社団法人直接生命保険,鶴見区朝日町２丁目１３番４−１２−５−２０号,,2025,0,0,0,0,0,33285800,5042870,5042870,5042870,17,56686000,37279301,37279301,37279301,6,0,0,0,0,0,1155000,57750,57750,57750,1,10017100,7040250,7040250,7040250,10,101143900,49420171,49420171,49420171,34,0,0,,,,紅葉ケ丘２０番１号
鶴見区,0,70001430,宗教法人番号書店,鶴見区馬場４丁目２番１−９−６−１３号,,2025,3480700,3198206,3198206,3198206,4,21464390,11767460,11767460,11767460,12,115136600,76694423,76694423,76694423,10,0,0,0,0,0,16010500,836785,836785,836785,13,10215800,7293269,7293269,7293269,12,166307990,99790143,99790143,99790143,51,0,0,,,,市沢町１０番１２−９−１２−２号
鶴見区,0,70001456,投資法人督促電気屋,鶴見区寺谷１丁目１４番１−１３−１４号,,2025,291500,213378,213378,213378,1,3205400,2746311,2746311,2746311,4,120723700,9898353,9898353,9898353,14,0,0,0,0,0,9403400,5014019,5014019,5014019,7,0,0,0,0,0,133624000,17872061,17872061,17872061,26,0,0,,,,日野中央３丁目１１番２−９号
鶴見区,0,70001464,監査法人地下損害保険,鶴見区矢向５丁目２０番１６−２−４−１号,,2025,0,0,0,0,0,0,0,0,0,0,228628000,62821227,62821227,62821227,14,0,0,0,0,0,844900,555944,555944,555944,2,27047900,10332394,10332394,10332394,28,256520800,73709565,73709565,73709565,44,0,0,,,,北寺尾４丁目１４番１−１６−７−８号
鶴見区,0,70001472,医療法人基盤ＵＶＷ生命保険,鶴見区馬場２丁目１１番１−１８−１１−８号,,2025,1523100,1195177,1195177,1195177,2,11108300,1601901,1601901,1601901,9,110381800,41568711,41568711,41568711,12,0,0,0,0,0,0,0,0,0,0,5142400,723486,723486,723486,12,128155600,45089275,45089275,45089275,35,0,0,,,,山内町１番２−４号
鶴見区,0,70001481,医療法人社団閲覧テレビ,鶴見区上の宮１丁目７番２−１６−５−５号,,2025,10265500,4423820,4423820,4423820,8,14710800,3482758,3482758,3482758,15,3193000,694084,694084,694084,4,0,0,0,0,0,2900000,715354,715354,715354,2,13136400,12034286,12034286,12034286,4,44205700,21350302,21350302,21350302,33,0,0,,,,横浜市旭区今宿２丁目９番１７−１０−１７−８号
鶴見区,0,70001499,弁護士法人印字スイミングスクール,鶴見区潮田町４丁目１番１８−１０−１５−１９号,,2025,16943500,5274970,5274970,5274970,12,55577100,19058338,19058338,19058338,26,55675900,40117155,40117155,40117155,12,0,0,0,0,0,6824900,2942491,2942491,2942491,5,2454600,358799,358799,358799,11,137476000,67751753,67751753,67751753,66,0,0,,,,松影町４丁目５番７号
鶴見区,0,70001502,税理士法人土地南部酪農農業,鶴見区上末吉４丁目１２番４−９−７−１３号,,2025,0,0,0,0,0,11939000,10270285,10270285,10270285,2,82954800,4182472,4182472,4182472,11,0,0,0,0,0,12299900,4788867,4788867,4788867,13,1445400,206355,206355,206355,6,108639100,19447979,19447979,19447979,32,0,0,,,,菊名７丁目１番
鶴見区,0,70001511,司法書士法人相談ブックストア,鶴見区東寺尾３丁目１番８−２−１３−２号,,2025,0,0,0,0,0,315500,251478,251478,251478,1,36500000,28572300,28572300,28572300,2,0,0,0,0,0,14334100,3517065,3517065,3517065,13,8586200,6389870,6389870,6389870,8,59735800,38730713,38730713,38730713,24,0,0,,,,鍛冶ケ谷１丁目１３番５号
鶴見区,0,70001529,行政書士法人帳票の八百屋,鶴見区豊岡町２番１−１２−３−１２号,,2025,0,0,0,0,0,0,0,0,0,0,126489900,35453799,35453799,35453799,7,0,0,0,0,0,6195800,4906701,4906701,4906701,6,4446700,2803613,2803613,2803613,15,137132400,43164113,43164113,43164113,28,0,0,,,,上星川１丁目７番６号
鶴見区,0,70001537,社会福祉法人封入封緘農場,鶴見区東寺尾中台７番１８−３−４−１９号,,2025,0,0,0,0,0,27474390,14840434,14840434,14840434,18,144990000,36131379,36131379,36131379,15,0,0,0,0,0,9470700,6080279,6080279,6080279,8,2349400,992629,992629,992629,6,184284490,58044721,58044721,58044721,47,0,0,,,,茅ケ崎南２丁目１０番
鶴見区,0,70001545,農事組合法人申告スーパー,鶴見区東寺尾５丁目１４番２０−６−４−９号,,2025,7891900,5620457,5620457,5620457,4,15265200,9509826,9509826,9509826,9,62450800,38429559,38429559,38429559,5,0,0,0,0,0,2911900,2532514,2532514,2532514,2,0,0,0,0,0,88519800,56092356,56092356,56092356,20,0,0,,,,共進町２丁目１２番
鶴見区,0,70001553,独立行政法人免税点生命保険,鶴見区大黒ふ頭１２番１３−１１号,,2025,76584188,16082679,16082679,16082679,1656,109485874,22992033,22992033,22992033,55386,0,0,0,0,0,0,0,0,0,0,0,0,0,0,0,33962780,7132183,7132183,7132183,3348,220032842,46206895,46206895,46206895,60390,0,0,,,,岩井町１５番７号
鶴見区,0,70001561,特許業務法人充当電気,鶴見区平安町２丁目１７番４−８−１０−１０号,,2025,0,0,0,0,0,0,0,0,0,0,0,0,0,0,0,34300244,7203051,7203051,7203051,262,0,0,0,0,0,19409060,4075902,4075902,4075902,9239,53709304,11278953,11278953,11278953,9501,0,0,,,,大岡１丁目１９番１９号
鶴見区,0,70001570,更生保護法人通知書店,鶴見区上末吉２丁目１２番１９号,,2025,6635700,5357950,5357950,5357950,9,1044890,764967,764967,764967,3,2445400,1909857,1909857,1909857,1,0,0,0,0,0,27441400,5748635,5748635,5748635,25,0,0,0,0,0,37567390,13781409,13781409,13781409,38,0,0,,,,小高町９番
鶴見区,0,70001588,国立大学法人窓枠ケーブルテレビ,鶴見区東寺尾４丁目１５番１３−１８−１５−１２号,,2025,2972100,2199055,2199055,2199055,5,19872400,2718488,2718488,2718488,11,0,0,0,0,0,0,0,0,0,0,15175500,2673556,2673556,2673556,14,0,0,0,0,0,38020000,7591099,7591099,7591099,30,0,0,,,,埼玉県本庄市下野堂１丁目１番７−１０−５−３号
鶴見区,0,70001596,有限責任中間法人一括ラーメン,鶴見区栄町通３丁目８番２−２−１３−６号,,2025,3477100,2702601,2702601,2702601,3,1199900,858399,858399,858399,2,140232200,107362257,107362257,107362257,14,0,0,0,0,0,5740600,3116912,3116912,3116912,4,771300,141352,141352,141352,6,151421100,114181521,114181521,114181521,29,0,0,,,,新石川４丁目４番１１−１６号
鶴見区,0,70001600,無限責任中間法人資格Ｘ＆Ｙ＆Ｚ生命保険,鶴見区汐入町２丁目１２番１８−２０−９−１６号,,2025,11321500,2841358,2841358,2841358,10,1482800,1257217,1257217,1257217,2,485600,355459,355459,355459,1,0,0,0,0,0,0,0,0,0,0,2123000,1579417,1579417,1579417,11,15412900,6033451,6033451,6033451,24,0,0,,,,すすき野２丁目８番９−９−１３号
鶴見区,0,70001618,特定非営利活動法人課税年度文房具店,鶴見区仲通２丁目５番１６−７−１８−１７号,,2025,0,0,0,0,0,1908978,806488,806488,806488,4,36924900,32671078,32671078,32671078,4,0,0,0,0,0,7704900,3090354,3090354,3090354,7,0,0,0,0,0,46538778,36567920,36567920,36567920,15,0,0,,,,竹村町１７番
鶴見区,0,70001626,土地家屋調査士法人国税Ａ＆Ｂ＆Ｃ生命保険,鶴見区元宮２丁目１９番７−３−１６−１０号,,2025,8506800,2079244,2079244,2079244,12,17094000,8278374,8278374,8278374,13,0,0,0,0,0,0,0,0,0,0,11056600,4014213,4014213,4014213,12,0,0,0,0,0,36657400,14371831,14371831,14371831,37,0,0,,,,白根３丁目１０番５−１４−１９−７号
鶴見区,0,70001634,社会保険労務士法人修正あいうえお内科クリニック,鶴見区東寺尾３丁目１６番,,2025,11274500,9601295,9601295,9601295,7,32835190,5301882,5301882,5301882,13,80147800,8678172,8678172,8678172,5,0,0,0,0,0,0,0,0,0,0,121000,79406,79406,79406,1,124378490,23660755,23660755,23660755,26,0,0,,,,★沢３丁目２０番３−１４−２０−８号
鶴見区,0,70001642,組合副本登録ケーブルテレビ,鶴見区北寺尾１丁目１７番７−４−１７−１４号,,2025,0,0,0,0,0,1518100,1351959,1351959,1351959,3,92771300,53387554,53387554,53387554,9,0,0,0,0,0,7960400,2657118,2657118,2657118,10,121000,14131,14131,14131,1,102370800,57410762,57410762,57410762,23,0,0,,,,桂台１丁目９番１４−８−４号
鶴見区,0,70001651,企業組合役職公印Ｇ＆Ｈ＆Ｉ生命保険,鶴見区生麦２丁目１番２−８−３−１５号,,2025,263800,236628,236628,236628,1,0,0,0,0,0,180487500,11412221,11412221,11412221,15,0,0,0,0,0,0,0,0,0,0,2952100,2166242,2166242,2166242,9,183703400,13815091,13815091,13815091,25,0,0,,,,坂本町１５番９−６−１０−１号
鶴見区,0,70001669,労働組合税レストラン,鶴見区馬場５丁目５番１７−１２−１６−２号,,2025,8734400,7404854,7404854,7404854,8,625000,307983,307983,307983,2,53614000,4315062,4315062,4315062,13,0,0,0,0,0,7264300,3331932,3331932,3331932,6,0,0,0,0,0,70237700,15359831,15359831,15359831,29,0,0,,,,市場富士見町１０番
鶴見区,0,70001677,協同組合奥行工務店,鶴見区駒岡４丁目１３番１１−１６−５−１６号,,2025,0,0,0,0,0,6590000,5408950,5408950,5408950,3,54738400,3441695,3441695,3441695,5,0,0,0,0,0,0,0,0,0,0,22096500,10517052,10517052,10517052,24,83424900,19367697,19367697,19367697,32,0,0,,,,下永谷５丁目３番１６−１２−１３号
鶴見区,0,70001685,協同組合連合会還付学園,鶴見区本町通４丁目１５番１６−１４号,,2025,9094200,4928648,4928648,4928648,12,1470000,1340640,1340640,1340640,1,59389600,14063650,14063650,14063650,6,0,0,0,0,0,2062500,905276,905276,905276,2,1081000,132030,132030,132030,3,73097300,21370244,21370244,21370244,24,0,0,,,,札幌市厚別区厚別東五条２丁目５番
鶴見区,0,70001693,協業組合児童西部酪農農業,鶴見区本町通３丁目３番１９−１−１−７号,,2025,0,0,0,0,0,36759200,17843461,17843461,17843461,15,99945400,22011504,22011504,22011504,8,0,0,0,0,0,1679900,707338,707338,707338,2,1551300,864872,864872,864872,3,139935800,41427175,41427175,41427175,28,0,0,,,,弥生台６番１−１２−８号
鶴見区,0,70001715,森林組合水準率ＵＶＷ生命保険,鶴見区矢向２丁目２番５−９−１７−１８号,,2025,14757400,6549653,6549653,6549653,12,16661190,8787445,8787445,8787445,9,56953200,50057054,50057054,50057054,4,0,0,0,0,0,3648100,1674161,1674161,1674161,3,1168600,864832,864832,864832,5,93188490,67933145,67933145,67933145,33,0,0,,,,高根町１丁目９番４−１号
鶴見区,0,70001731,振興組合相当レストラン,鶴見区下野谷町１丁目７番５−１２−４−１８号,,2025,0,0,0,0,0,0,0,0,0,0,82762699,17380166,17380166,17380166,502,108570979,22799905,22799905,22799905,220,0,0,0,0,0,70847531,14877981,14877981,14877981,8664,262181209,55058052,55058052,55058052,9386,0,0,,,,新中原町１７番１１−１６−１−１８号
鶴見区,0,70001740,貸家組合賦課年度のメガネ,鶴見区尻手１丁目１６番４−５−１８−８号,,2025,12822300,5175371,5175371,5175371,12,6374800,2858282,2858282,2858282,5,126197200,93117931,93117931,93117931,10,0,0,0,0,0,10830600,725098,725098,725098,8,1014000,395012,395012,395012,1,157238900,102271694,102271694,102271694,36,0,0,,,,樽󠄂町２丁目１３番５−９−１０号
鶴見区,0,70001758,健康保険組合三輪さしすせそ内科クリニック,鶴見区朝日町１丁目１１番４−１２−９−６号,,2025,13622900,6072620,6072620,6072620,12,24075780,5710092,5710092,5710092,14,103271300,9425283,9425283,9425283,12,0,0,0,0,0,6676300,2154898,2154898,2154898,7,2239900,1628114,1628114,1628114,7,149886180,24991007,24991007,24991007,52,0,0,,,,中田西４丁目１５番２−７号
鶴見区,0,70001766,農業協同組合増減コンビニエンスストア,鶴見区安善町２丁目９番１７号,,2025,8415500,6902175,6902175,6902175,7,0,0,0,0,0,430000,221133,221133,221133,1,0,0,0,0,0,8208300,455502,455502,455502,5,0,0,0,0,0,17053800,7578810,7578810,7578810,13,0,0,,,,茅ケ崎南３丁目１９番１−１５−７号
鶴見区,0,70001774,漁業協同組合選択ドラッグストア,鶴見区佃野町２０番２０−１−５−１４号,,2025,38082195,7997260,7997260,7997260,7842,73115840,15354326,15354326,15354326,41360,0,0,0,0,0,0,0,0,0,0,0,0,0,0,0,0,0,0,0,0,111198035,23351586,23351586,23351586,49202,0,0,,,,牛久保西２丁目２０番５−１−１７号
鶴見区,0,70001804,協会概調農場,鶴見区朝日町１丁目２番１２−３−９−１９号,,2025,8199400,4349806,4349806,4349806,10,33991158,17138949,17138949,17138949,19,0,0,0,0,0,0,0,0,0,0,1613800,510930,510930,510930,2,1002100,917225,917225,917225,3,44806458,22916910,22916910,22916910,34,0,0,,,,日野１丁目１７番７−１９−５号
鶴見区,0,70001812,連合会確報学園,鶴見区鶴見中央４丁目１６番７号,,2025,927300,538275,538275,538275,2,5696356,3981642,3981642,3981642,7,223662200,42372422,42372422,42372422,18,0,0,0,0,0,7808800,4122394,4122394,4122394,7,0,0,0,0,0,238094656,51014733,51014733,51014733,34,0,0,,,,本郷台４丁目５番
鶴見区,0,70001839,医師会還付学園,鶴見区平安町２丁目１６番５−６−５−６号,,2025,6364300,3743042,3743042,3743042,4,17921100,13669388,13669388,13669388,9,0,0,0,0,0,0,0,0,0,0,15073700,4401967,4401967,4401967,12,1947100,1623943,1623943,1623943,4,41306200,23438340,23438340,23438340,29,0,0,,,,亀井町７番１５号
鶴見区,0,70001847,協力会個人特定かきくけこ内科クリニック,鶴見区尻手３丁目１３番１２−１８−１７−１９号,,2025,8537900,2417850,2417850,2417850,8,22610090,6715392,6715392,6715392,10,0,0,0,0,0,0,0,0,0,0,6240500,2690721,2690721,2690721,8,1895800,1594924,1594924,1594924,3,39284290,13418887,13418887,13418887,29,0,0,,,,大阪府柏原市国分本町５丁目１７番１７−１８号
鶴見区,0,70001855,共済会事務なにぬねの内科クリニック,鶴見区獅子ケ谷２丁目１６番２−５−２０−１９号,,2025,7363100,4869956,4869956,4869956,6,29343100,4561589,4561589,4561589,15,73081100,37085821,37085821,37085821,6,0,0,0,0,0,17121700,3682626,3682626,3682626,15,156000,76781,76781,76781,1,127065000,50276773,50276773,50276773,43,0,0,,,,中田東１丁目５番１２−２−１６−１５号
鶴見区,0,70001863,信用金庫保険損害保険,鶴見区尻手２丁目１３番１８−９−１−１１号,,2025,69756684,14648903,14648903,14648903,3495,0,0,0,0,0,0,0,0,0,0,0,0,0,0,0,0,0,0,0,0,20802152,4368451,4368451,4368451,5480,90558836,19017354,19017354,19017354,8975,0,0,,,,東本郷４丁目２番１３−１４号
鶴見区,0,70001871,労働金庫住記かきくけこ内科クリニック,鶴見区岸谷１丁目４番１０−１４−１６号,,2025,17336900,14508079,14508079,14508079,9,294500,273590,273590,273590,2,92947000,46195976,46195976,46195976,16,0,0,0,0,0,16491100,3078696,3078696,3078696,16,719400,68061,68061,68061,6,127788900,64124402,64124402,64124402,49,0,0,,,,北海道旭川市南四条通２３丁目２０番９−１１−６号
鶴見区,0,70001880,中央金庫収入たちつてと内科クリニック,鶴見区北寺尾７丁目６番,,2025,3792700,1008374,1008374,1008374,5,15616000,8265708,8265708,8265708,8,6380900,4934664,4934664,4934664,2,0,0,0,0,0,0,0,0,0,0,760800,632538,632538,632538,3,26550400,14841284,14841284,14841284,18,0,0,,,,和泉中央南２丁目１１番１８−１１号
鶴見区,0,70001898,商工会議所警告電気屋,鶴見区鶴見中央３丁目１４番２０−１８−３−１２号,,2025,3251500,2994723,2994723,2994723,3,0,0,0,0,0,113106800,36384149,36384149,36384149,11,0,0,0,0,0,8535400,4349696,4349696,4349696,7,125500,116589,116589,116589,1,125019200,43845157,43845157,43845157,22,0,0,,,,中田南５丁目１９番８−１−１３号
鶴見区,0,70001901,証券取引所税目北部酪農農業,鶴見区馬場４丁目１６番１９−１８−４−２号,,2025,8334200,5699725,5699725,5699725,3,8154900,2577636,2577636,2577636,4,0,0,0,0,0,0,0,0,0,0,7203400,3157071,3157071,3157071,7,1773000,1190312,1190312,1190312,7,25465500,12624744,12624744,12624744,21,0,0,,,,桂町１１番１９−７−１０号
鶴見区,0,70001910,事業団二輪Ｒ＆Ｓ＆Ｔ生命保険,鶴見区汐入町１丁目１５番７−９−２−１号,,2025,12577300,4319226,4319226,4319226,11,12277000,10570091,10570091,10570091,3,45727200,21563590,21563590,21563590,6,0,0,0,0,0,0,0,0,0,0,4255600,2383907,2383907,2383907,6,74837100,38836814,38836814,38836814,26,0,0,,,,守屋町１丁目１２番７−１８−８−１４号
鶴見区,0,70001928,企業団金融レストラン,鶴見区汐入町１丁目１７番２−７−７−７号,,2025,24247200,11474383,11474383,11474383,22,64924978,16514216,16514216,16514216,26,12874900,4070914,4070914,4070914,2,0,0,0,0,0,12262500,6977933,6977933,6977933,9,2239200,1748076,1748076,1748076,7,116548778,40785522,40785522,40785522,66,0,0,,,,亀井町１６番１２−１５号
鶴見区,0,70001936,厚生年金基金四角ＤＥＦ生命保険,鶴見区駒岡１丁目１２番７−２−１７−１２号,,2025,14902700,12138988,12138988,12138988,17,14095500,1884456,1884456,1884456,6,62085500,53251349,53251349,53251349,4,0,0,0,0,0,630000,99285,99285,99285,1,320000,275200,275200,275200,2,92033700,67649278,67649278,67649278,30,0,0,,,,中白根４丁目１８番
鶴見区,0,70001944,郵便局専用ブックストア,鶴見区市場上町１１番１３−２０−６−２号,,2025,14690400,10356495,10356495,10356495,14,29030478,3149083,3149083,3149083,8,54464700,47648102,47648102,47648102,10,0,0,0,0,0,4733700,505290,505290,505290,4,0,0,0,0,0,102919278,61658970,61658970,61658970,36,0,0,,,,六浦３丁目１６番８−８−２０−１７号
鶴見区,0,70001952,公社検索条件ブックストア,鶴見区鶴見中央３丁目９番１１−１−１２−２号,,2025,1300900,1208536,1208536,1208536,1,0,0,0,0,0,328421100,111885606,111885606,111885606,22,0,0,0,0,0,1420000,1109020,1109020,1109020,1,1895500,1669733,1669733,1669733,2,333037500,115872895,115872895,115872895,26,0,0,,,,上白根１丁目３番８号
鶴見区,0,70001961,カンパニー総合スーパー,鶴見区尻手３丁目１番１４−２０−９−１８号,,2025,0,0,0,0,0,13180900,8733851,8733851,8733851,7,132808700,74575265,74575265,74575265,17,0,0,0,0,0,10967500,8803508,8803508,8803508,6,0,0,0,0,0,156957100,92112624,92112624,92112624,30,0,0,,,,日野６丁目１２番５号
鶴見区,0,70001979,リミテッド納税まみむめも内科クリニック,鶴見区東寺尾３丁目４番３−１−３−４号,,2025,5042600,3923892,3923892,3923892,8,0,0,0,0,0,160880400,41781681,41781681,41781681,15,0,0,0,0,0,5429500,4397736,4397736,4397736,6,8528400,1950029,1950029,1950029,9,179880900,52053338,52053338,52053338,38,0,0,,,,上山３丁目１４番
鶴見区,0,70001995,インコーポレーション給報商店,鶴見区上末吉５丁目３番１８−１１−１７−１９号,,2025,3202900,2967051,2967051,2967051,3,7085400,5415731,5415731,5415731,10,159297000,52698859,52698859,52698859,10,0,0,0,0,0,675000,332226,332226,332226,1,2402600,1672670,1672670,1672670,7,172662900,63086537,63086537,63086537,31,0,0,,,,境之谷３番１３号
鶴見区,0,70002002,会計年度スイミングスクール,鶴見区東寺尾２丁目５番１２−２０−１６−１９号,,2025,8503000,6708844,6708844,6708844,7,7105000,5885285,5885285,5885285,2,0,0,0,0,0,0,0,0,0,0,4132100,3472587,3472587,3472587,4,9567100,2246247,2246247,2246247,10,29307200,18312963,18312963,18312963,23,0,0,,,,南軽井沢１２番１１−１７−５−１３号
鶴見区,0,70002011,三角なにぬねの内科クリニック,鶴見区岸谷３丁目４番７−１３−１９−５号,,2025,0,0,0,0,0,42364270,18069610,18069610,18069610,21,15844600,7799735,7799735,7799735,6,0,0,0,0,0,6209300,3331680,3331680,3331680,6,0,0,0,0,0,64418170,29201025,29201025,29201025,33,0,0,,,,つつじが丘１９番１０号
鶴見区,0,70002029,年次あいうえお内科クリニック,鶴見区生麦２丁目４番１６−１１−１３−７号,,2025,2081200,750985,750985,750985,5,718500,619428,619428,619428,2,109226400,71129859,71129859,71129859,6,0,0,0,0,0,10818100,7714620,7714620,7714620,6,5181700,826925,826925,826925,13,128025900,81041817,81041817,81041817,32,0,0,,,,栄町通１丁目１番３−１３−６−１７号
鶴見区,0,70002037,調査状況ＩＪＫ生命保険,鶴見区本町通２丁目１０番１５−１５−１４−７号,,2025,0,0,0,0,0,0,0,0,0,0,105324800,46830061,46830061,46830061,13,0,0,0,0,0,0,0,0,0,0,2837400,1778540,1778540,1778540,7,108162200,48608601,48608601,48608601,20,0,0,,,,元町４丁目３番１０−６−１２号
鶴見区,0,70002045,検索やゆよ内科クリニック,鶴見区矢向６丁目１４番１９−１０−２０−１６号,,2025,0,0,0,0,0,16990400,2533613,2533613,2533613,9,6164900,1565041,1565041,1565041,3,0,0,0,0,0,8929200,3803571,3803571,3803571,7,6816200,1859829,1859829,1859829,21,38900700,9762054,9762054,9762054,40,0,0,,,,岡村１丁目１６番１３−６号
鶴見区,0,70002053,四角薬局,鶴見区元宮２丁目８番７−５−１０−１５号,,2025,6553600,5094247,5094247,5094247,11,33225790,4941919,4941919,4941919,16,36190800,32097747,32097747,32097747,2,0,0,0,0,0,0,0,0,0,0,1014000,851760,851760,851760,1,76984190,42985673,42985673,42985673,30,0,0,,,,浅間町５丁目２０番８−１５号
鶴見区,0,70002070,担当者ＧＨＩ生命保険,鶴見区下末吉５丁目２０番１６−６−７−１０号,,2025,0,0,0,0,0,0,0,0,0,0,7832200,6323293,6323293,6323293,3,0,0,0,0,0,0,0,0,0,0,4980500,679658,679658,679658,11,12812700,7002951,7002951,7002951,14,0,0,,,,平川町５番３−１９号
鶴見区,0,70002088,番号ＩＪＫ生命保険,鶴見区北寺尾７丁目２番７−１９−１６−１８号,,2025,3746200,2946909,2946909,2946909,3,0,0,0,0,0,152762400,72666871,72666871,72666871,19,0,0,0,0,0,0,0,0,0,0,6978600,6385050,6385050,6385050,6,163487200,81998830,81998830,81998830,28,0,0,,,,いぶき野６番
鶴見区,0,70002096,未申告スーパー,鶴見区汐入町２丁目５番９−１３−９−３号,,2025,0,0,0,0,0,51699856,26704394,26704394,26704394,26,85123200,8761770,8761770,8761770,10,0,0,0,0,0,2790000,688219,688219,688219,2,0,0,0,0,0,139613056,36154383,36154383,36154383,38,0,0,,,,上反町１丁目５番１−１８−１０−１９号
鶴見区,0,70002100,総括工務店,鶴見区向井町２丁目３番１０−１６−２０−１号,,2025,4980900,3138382,3138382,3138382,2,22299778,14564192,14564192,14564192,14,40912800,33155532,33155532,33155532,3,0,0,0,0,0,8059500,3695709,3695709,3695709,6,6325300,2704649,2704649,2704649,20,82578278,57258464,57258464,57258464,45,0,0,,,,本郷３丁目６番
鶴見区,0,70002118,番地銀行,鶴見区末広町１丁目１９番３−８−２０号,,2025,0,0,0,0,0,26987090,12537122,12537122,12537122,17,189540900,39899800,39899800,39899800,18,0,0,0,0,0,25120400,9182556,9182556,9182556,18,845000,685930,685930,685930,4,242493390,62305408,62305408,62305408,57,0,0,,,,能見台６丁目７番１７−４−４−１９号
鶴見区,0,70002126,政令家󠄂電,鶴見区東寺尾４丁目１３番１９−１３−１１−９号,,2025,0,0,0,0,0,5002990,3980817,3980817,3980817,3,141403800,8159174,8159174,8159174,10,0,0,0,0,0,7025400,4186604,4186604,4186604,6,12073000,6684269,6684269,6684269,19,165505190,23010864,23010864,23010864,38,0,0,,,,西川島町８番１５−７号
鶴見区,0,70002134,基盤たちつてと内科クリニック,鶴見区北寺尾５丁目１９番９−７−１８−１０号,,2025,13274400,4524064,4524064,4524064,10,1783100,813810,813810,813810,3,172527400,105223713,105223713,105223713,17,0,0,0,0,0,0,0,0,0,0,0,0,0,0,0,187584900,110561587,110561587,110561587,30,0,0,,,,山吹町１５番
鶴見区,0,70002142,福祉さしすせそ内科クリニック,鶴見区朝日町１丁目１２番１３−１０−１９−５号,,2025,21079900,7819442,7819442,7819442,10,356900,131949,131949,131949,2,0,0,0,0,0,0,0,0,0,0,25029800,7468220,7468220,7468220,24,1232500,857837,857837,857837,7,47699100,16277448,16277448,16277448,43,0,0,,,,戸部町６丁目１番１−１−２−６号
鶴見区,0,70002151,過誤納スイミングスクール,鶴見区潮田町１丁目３番４−１７−１３−１３号,,2025,2589200,553175,553175,553175,4,0,0,0,0,0,145883100,61729614,61729614,61729614,19,0,0,0,0,0,11148200,5848385,5848385,5848385,11,3601900,2228347,2228347,2228347,9,163222400,70359521,70359521,70359521,43,0,0,,,,下和泉２丁目９番１５号
鶴見区,0,70002169,不動産銀行,鶴見区東寺尾２丁目１９番,,2025,8046600,5556905,5556905,5556905,8,4636300,3147566,3147566,3147566,7,6139400,4681171,4681171,4681171,4,0,0,0,0,0,1450000,470526,470526,470526,1,2430500,1097187,1097187,1097187,5,22702800,14953355,14953355,14953355,25,0,0,,,,日吉本町６丁目１５番１１−４−１４号
鶴見区,0,70002177,帳票なにぬねの内科クリニック,鶴見区岸谷３丁目６番７−１８−５−１５号,,2025,9052900,4132285,4132285,4132285,8,0,0,0,0,0,0,0,0,0,0,0,0,0,0,0,5431800,4358803,4358803,4358803,4,5625800,3379365,3379365,3379365,10,20110500,11870453,11870453,11870453,22,0,0,,,,宮ケ谷１２番１０号
鶴見区,0,70002185,一輪クリーニング,鶴見区上末吉３丁目３番,,2025,0,0,0,0,0,0,0,0,0,0,15883900,12129096,12129096,12129096,5,0,0,0,0,0,3440000,172000,172000,172000,2,4297900,404283,404283,404283,10,23621800,12705379,12705379,12705379,17,0,0,,,,中原３丁目１６番１１号
鶴見区,0,70002193,高層Ｌ＆Ｍ＆Ｎ生命保険,鶴見区矢向４丁目２０番,,2025,0,0,0,0,0,4228000,3426567,3426567,3426567,7,0,0,0,0,0,0,0,0,0,0,0,0,0,0,0,11732900,2990392,2990392,2990392,13,15960900,6416959,6416959,6416959,20,0,0,,,,福浦３丁目８番２０−４−１４−１号
鶴見区,0,70002215,二輪魚屋,鶴見区小野町６番１１−１７−１７−１４号,,2025,4040900,3525008,3525008,3525008,4,6913000,1594134,1594134,1594134,4,26672600,8574239,8574239,8574239,3,0,0,0,0,0,17541600,2132090,2132090,2132090,13,5365300,3200250,3200250,3200250,11,60533400,19025721,19025721,19025721,35,0,0,,,,常盤台１９番９−１４−５−２号
鶴見区,0,70002231,交渉経過ＡＢＣ生命保険,鶴見区仲通１丁目１２番１−９−１２−１１号,,2025,8386900,3839433,3839433,3839433,14,8230178,4855419,4855419,4855419,6,60400800,48818624,48818624,48818624,2,0,0,0,0,0,15044600,953928,953928,953928,11,1580200,1052196,1052196,1052196,3,93642678,59519600,59519600,59519600,36,0,0,,,,北海道厚岸郡厚岸町真栄１丁目１０番２号
鶴見区,0,70002240,還付Ａ＆Ｂ＆Ｃ生命保険,鶴見区下野谷町１丁目３番３−１７−１０−６号,,2025,817000,259801,259801,259801,2,300000,219600,219600,219600,1,180340500,59347748,59347748,59347748,19,0,0,0,0,0,9020000,511642,511642,511642,8,0,0,0,0,0,190477500,60338791,60338791,60338791,30,0,0,,,,鴨居１丁目９番
鶴見区,0,70002258,課税免除の眼鏡,鶴見区獅子ケ谷２丁目２番１４−１２−９−１０号,,2025,10536100,7922796,7922796,7922796,14,30365200,16195895,16195895,16195895,12,0,0,0,0,0,0,0,0,0,0,1450000,1181750,1181750,1181750,1,3256500,214473,214473,214473,8,45607800,25514914,25514914,25514914,35,0,0,,,,釜利谷南３丁目１４番
鶴見区,0,70002266,進達文房具店,鶴見区矢向１丁目１３番７−５−５−１号,,2025,0,0,0,0,0,47004680,13913804,13913804,13913804,26,36276100,15958248,15958248,15958248,2,0,0,0,0,0,3062400,1572059,1572059,1572059,4,0,0,0,0,0,86343180,31444111,31444111,31444111,32,0,0,,,,台町１１番３−８−５−１２号
鶴見区,0,70002274,年次あいうえお内科クリニック,鶴見区安善町１丁目１９番１３−１３−１２−１７号,,2025,2158300,1999768,1999768,1999768,3,11413690,8325916,8325916,8325916,11,18574900,15865796,15865796,15865796,2,0,0,0,0,0,8851900,442595,442595,442595,8,7690900,6781316,6781316,6781316,8,48689690,33415391,33415391,33415391,32,0,0,,,,北山田５丁目１番１４−２号
鶴見区,0,70002282,学生生命保険,鶴見区北寺尾３丁目１０番１３−６号,,2025,11692300,3568291,3568291,3568291,7,0,0,0,0,0,52698800,26777263,26777263,26777263,2,0,0,0,0,0,0,0,0,0,0,220000,197340,197340,197340,1,64611100,30542894,30542894,30542894,10,0,0,,,,みなとみらい５丁目２番
鶴見区,0,70002304,株式会社郵便家󠄂電,鶴見区岸谷１丁目６番１３−１７−５−１９号,,2025,2946400,2439369,2439369,2439369,5,2472400,1586318,1586318,1586318,4,7639900,3844137,3844137,3844137,2,0,0,0,0,0,0,0,0,0,0,5069200,2071565,2071565,2071565,14,18127900,9941389,9941389,9941389,25,0,0,,,,大岡２丁目１９番９−１３号
鶴見区,0,70002312,有限会社権限スポーツショップ,鶴見区東寺尾４丁目１２番７−１２−１６−１２号,,2025,0,0,0,0,0,3723500,2313127,2313127,2313127,3,50387300,2748523,2748523,2748523,7,0,0,0,0,0,0,0,0,0,0,218400,18694,18694,18694,2,54329200,5080344,5080344,5080344,12,0,0,,,,みなとみらい５丁目７番４−５−１４−３号
鶴見区,0,70002321,合名会社率学校,鶴見区向井町３丁目１５番２−２０−１７−９号,,2025,6294400,4511996,4511996,4511996,5,0,0,0,0,0,36869000,9177824,9177824,9177824,3,0,0,0,0,0,7903000,4722191,4722191,4722191,8,233000,193211,193211,193211,2,51299400,18605222,18605222,18605222,18,0,0,,,,鴨居町１１番１６号
鶴見区,0,70002339,合資会社三角コーヒー,鶴見区上の宮２丁目９番２−１１−５−２号,,2025,17683000,10030489,10030489,10030489,17,12659790,9909102,9909102,9909102,11,53417000,29485052,29485052,29485052,3,0,0,0,0,0,0,0,0,0,0,3720000,1290615,1290615,1290615,8,87479790,50715258,50715258,50715258,39,0,0,,,,★沢５丁目２０番
鶴見区,0,70002347,合同会社権限スポーツショップ,鶴見区生麦１丁目７番１７−１２−１７−９号,,2025,4797300,4314901,4314901,4314901,5,2546900,1024025,1024025,1024025,3,26053300,1828459,1828459,1828459,11,0,0,0,0,0,2748100,2404587,2404587,2404587,1,2076000,501148,501148,501148,10,38221600,10073120,10073120,10073120,30,0,0,,,,桂台西２丁目６番１号
鶴見区,0,70002355,相互会社家󠄂屋Ａ＆Ｂ＆Ｃ生命保険,鶴見区向井町２丁目３番１２−１−１５−１号,,2025,13348000,3913996,3913996,3913996,14,11003500,8331478,8331478,8331478,5,0,0,0,0,0,0,0,0,0,0,10262900,3476877,3476877,3476877,12,578600,337518,337518,337518,2,35193000,16059869,16059869,16059869,33,0,0,,,,菊名４丁目１８番３−７−２−１３号
鶴見区,0,70002363,納税の時計,鶴見区市場東中町３番１７−１７−３−１９号,,2025,11955900,9198872,9198872,9198872,11,9962490,8732668,8732668,8732668,4,9144300,3271696,3271696,3271696,9,0,0,0,0,0,11227800,794297,794297,794297,9,0,0,0,0,0,42290490,21997533,21997533,21997533,33,0,0,,,,東野台２０番１０号
鶴見区,0,70002371,保留レストラン,鶴見区鶴見中央１丁目７番１８−１５−１９−３号,,2025,3910900,3523631,3523631,3523631,2,7990,7422,7422,7422,1,147517600,35665800,35665800,35665800,13,0,0,0,0,0,12769400,1920104,1920104,1920104,10,673800,239406,239406,239406,3,164879690,41356363,41356363,41356363,29,0,0,,,,高知県南国市小篭２丁目１２番１０−１８−１−１０号
鶴見区,0,70002380,法人Ｄ＆Ｅ＆Ｆ生命保険,鶴見区鶴見中央４丁目２番８−１０−５−１０号,,2025,0,0,0,0,0,16544600,10450506,10450506,10450506,8,33914800,4957354,4957354,4957354,9,0,0,0,0,0,3428500,2794227,2794227,2794227,1,1042800,702537,702537,702537,5,54930700,18904624,18904624,18904624,23,0,0,,,,桜木町６丁目１３番１５−３−３−６号
鶴見区,0,70002401,特定目的会社交渉経過のメガネ,鶴見区元宮１丁目４番１４−６−１２−１７号,,2025,13241700,4222963,4222963,4222963,11,1480000,1327560,1327560,1327560,2,168971500,92455828,92455828,92455828,16,0,0,0,0,0,10862100,2127596,2127596,2127596,11,1755500,1120781,1120781,1120781,7,196310800,101254728,101254728,101254728,47,0,0,,,,下瀬谷３丁目１８番１号
鶴見区,0,70002410,一般社団法人高額納税魚屋,鶴見区扇島４番１６−８−１７−１号,,2025,979700,894831,894831,894831,3,156000,89238,89238,89238,1,0,0,0,0,0,0,0,0,0,0,17493000,5454965,5454965,5454965,16,3884300,1586561,1586561,1586561,11,22513000,8025595,8025595,8025595,31,0,0,,,,伊勢佐木町３丁目３番４−１−１１号
鶴見区,0,70002428,公益社団法人地方税ＤＥＦ生命保険,鶴見区本町通３丁目７番１６−１４−１６−１８号,,2025,486100,451586,451586,451586,1,3352890,258983,258983,258983,3,0,0,0,0,0,0,0,0,0,0,9693900,1931955,1931955,1931955,10,6003900,2184821,2184821,2184821,14,19536790,4827345,4827345,4827345,28,0,0,,,,北海道厚岸郡浜中町西円朱別西２６線１５番１２−３−１４号
鶴見区,0,70002436,一般財団法人滞納東部酪農農業,鶴見区鶴見中央１丁目７番１８−８−１１−１１号,,2025,9141300,7281229,7281229,7281229,7,5851500,4913333,4913333,4913333,4,0,0,0,0,0,0,0,0,0,0,25851300,5203187,5203187,5203187,21,4025300,1449431,1449431,1449431,13,44869400,18847180,18847180,18847180,45,0,0,,,,富岡西２丁目９番９−１２−１０号
鶴見区,0,70002444,公益財団法人諸税ドラッグストア,鶴見区下野谷町３丁目７番１−６−１５−１２号,,2025,2707600,2400108,2400108,2400108,4,18458500,2522107,2522107,2522107,7,89670200,48879192,48879192,48879192,13,0,0,0,0,0,4275200,2023174,2023174,2023174,4,2093600,1597355,1597355,1597355,4,117205100,57421936,57421936,57421936,32,0,0,,,,横浜市中区弁天通４丁目１５番９−１８−９号
鶴見区,0,70002452,社団法人権限書店,鶴見区馬場４丁目１９番１６−１５−２−６号,,2025,5214700,4677584,4677584,4677584,4,13899400,11947943,11947943,11947943,5,70120800,7750392,7750392,7750392,2,0,0,0,0,0,2728300,151608,151608,151608,3,5294200,3248173,3248173,3248173,16,97257400,27775700,27775700,27775700,30,0,0,,,,中里１丁目１９番１３−８−３−３号
鶴見区,0,70002461,財団法人外字ＧＨＩ生命保険,鶴見区北寺尾３丁目１番１８−１９−１５−７号,,2025,5503000,5085364,5085364,5085364,4,38405300,14224344,14224344,14224344,14,0,0,0,0,0,0,0,0,0,0,8688500,1756685,1756685,1756685,7,435000,340646,340646,340646,2,53031800,21407039,21407039,21407039,27,0,0,,,,初音町２丁目４番１１−１２−９号
鶴見区,0,70002479,宗教法人証明の眼鏡,鶴見区大東町１１番１８−１７−３−２０号,,2025,12360800,3923559,3923559,3923559,16,1272690,443871,443871,443871,6,36369500,28423942,28423942,28423942,2,0,0,0,0,0,10318500,4061062,4061062,4061062,8,3437300,1482387,1482387,1482387,6,63758790,38334821,38334821,38334821,38,0,0,,,,鴨居７丁目１６番
鶴見区,0,70002487,学校法人画像󠄄連携やゆよ内科クリニック,鶴見区鶴見中央１丁目１５番９−１６−５−１５号,,2025,15842800,10217147,10217147,10217147,10,0,0,0,0,0,90309800,33945017,33945017,33945017,8,0,0,0,0,0,2006700,1630682,1630682,1630682,3,7894300,3153369,3153369,3153369,15,116053600,48946215,48946215,48946215,36,0,0,,,,★沢４丁目６番１４−７−１５−１３号
鶴見区,0,70002495,投資法人例月Ｕ＆Ｖ＆Ｗ生命保険,鶴見区江ケ崎町１９番８−１４−１６−２０号,,2025,3509700,2343626,2343626,2343626,3,37252270,17765053,17765053,17765053,25,0,0,0,0,0,0,0,0,0,0,8391200,3147717,3147717,3147717,12,2142100,162333,162333,162333,6,51295270,23418729,23418729,23418729,46,0,0,,,,下末吉４丁目１９番９−１５−１４−８号
鶴見区,0,70002509,監査法人免税点ＯＰＱ生命保険,鶴見区生麦４丁目１３番１５−１８−２−６号,,2025,16665600,6015430,6015430,6015430,18,18055000,10766958,10766958,10766958,6,41606800,32514272,32514272,32514272,4,0,0,0,0,0,0,0,0,0,0,5887200,547444,547444,547444,12,82214600,49844104,49844104,49844104,40,0,0,,,,南台１丁目１４番１２号
鶴見区,0,70002517,医療法人役職スイミングスクール,鶴見区矢向１丁目１９番６−９−２０−５号,,2025,2153200,1970693,1970693,1970693,3,0,0,0,0,0,36958800,1847940,1847940,1847940,3,0,0,0,0,0,0,0,0,0,0,1418100,1005441,1005441,1005441,7,40530100,4824074,4824074,4824074,13,0,0,,,,宮元町３丁目４番１５−３−２号
鶴見区,0,70002525,医療法人社団減免クリーニング,鶴見区馬場４丁目３番５号,,2025,0,0,0,0,0,9715300,6359466,6359466,6359466,11,80799400,66194706,66194706,66194706,3,0,0,0,0,0,27589500,1379475,1379475,1379475,19,2981000,2327290,2327290,2327290,12,121085200,76260937,76260937,76260937,45,0,0,,,,奈良５丁目１１番９号
鶴見区,0,70002533,弁護士法人月次はひふへほ内科クリニック,鶴見区上末吉１丁目９番１３号,,2025,1370300,1273008,1273008,1273008,1,8478700,6974605,6974605,6974605,6,80475700,47511882,47511882,47511882,6,0,0,0,0,0,15054900,801985,801985,801985,12,7832700,1789680,1789680,1789680,8,113212300,58351160,58351160,58351160,33,0,0,,,,汐見台３丁目３番６−１０−５−１４号
鶴見区,0,70002541,税理士法人都市レストラン,鶴見区矢向３丁目６番２０−１１−４−２号,,2025,5680800,5277461,5277461,5277461,4,9760800,6125931,6125931,6125931,6,105144200,5257210,5257210,5257210,8,0,0,0,0,0,5257300,4317424,4317424,4317424,4,4242800,887961,887961,887961,14,130085900,21865987,21865987,21865987,36,0,0,,,,千葉県松戸市小金きよしケ丘３丁目８番２号
鶴見区,0,70002550,司法書士法人福祉八百屋,鶴見区馬場２丁目１２番１８−１８−１０−１４号,,2025,12346500,10227144,10227144,10227144,9,21776678,6481486,6481486,6481486,17,42359300,27632313,27632313,27632313,7,0,0,0,0,0,9186800,5270614,5270614,5270614,8,3128000,879356,879356,879356,12,88797278,50490913,50490913,50490913,53,0,0,,,,扇町３丁目１２番２０号
鶴見区,0,70002568,行政書士法人高額文具,鶴見区鶴見中央１丁目７番２−２０−５−１０号,,2025,291500,213378,213378,213378,1,8519100,7014149,7014149,7014149,4,13355000,2735466,2735466,2735466,7,0,0,0,0,0,8105700,3046610,3046610,3046610,9,7527800,4951135,4951135,4951135,4,37799100,17960738,17960738,17960738,25,0,0,,,,鶴屋町２丁目１１番１３−３−１５−５号
鶴見区,0,70002576,社会福祉法人明細書Ｇ＆Ｈ＆Ｉ生命保険,鶴見区元宮１丁目１番７−５−１８−６号,,2025,0,0,0,0,0,0,0,0,0,0,0,0,0,0,0,0,0,0,0,0,13721600,1977443,1977443,1977443,13,1958600,1264069,1264069,1264069,7,15680200,3241512,3241512,3241512,20,0,0,,,,保土ケ谷町２丁目１９番
鶴見区,0,70002584,農事組合法人番地Ｄ＆Ｅ＆Ｆ生命保険,鶴見区駒岡５丁目９番３−１６−１１−３号,,2025,75200,59939,59939,59939,1,9342390,5954630,5954630,5954630,7,761900,620948,620948,620948,1,0,0,0,0,0,7799100,573523,573523,573523,6,2487800,1966672,1966672,1966672,6,20466390,9175712,9175712,9175712,21,0,0,,,,上町６番７−８−１９号
鶴見区,0,70002592,独立行政法人副本さしすせそ内科クリニック,鶴見区東寺尾２丁目１５番１号,,2025,7137700,1953864,1953864,1953864,6,4815500,1765527,1765527,1765527,3,710000,374602,374602,374602,2,0,0,0,0,0,0,0,0,0,0,930000,53061,53061,53061,1,13593200,4147054,4147054,4147054,12,0,0,,,,花見台２０番８号
鶴見区,0,70002614,更生保護法人一括ストア,鶴見区向井町１丁目４番７−１７−１３号,,2025,13033400,9848362,9848362,9848362,8,620000,542500,542500,542500,1,534500,435617,435617,435617,1,0,0,0,0,0,10020800,1957585,1957585,1957585,13,0,0,0,0,0,24208700,12784064,12784064,12784064,23,0,0,,,,荏田北１丁目１０番１９−１７−１９−２号
鶴見区,0,70002622,国立大学法人登記家󠄂電,鶴見区岸谷２丁目１０番１３−１０号,,2025,0,0,0,0,0,21504490,2024814,2024814,2024814,10,168810200,56236008,56236008,56236008,16,0,0,0,0,0,8279100,3600311,3600311,3600311,8,2298100,1387509,1387509,1387509,6,200891890,63248642,63248642,63248642,40,0,0,,,,日野南７丁目１９番
鶴見区,0,70002631,有限責任中間法人領収年月日ＧＨＩ生命保険,鶴見区元宮１丁目９番１４−１−１５−７号,,2025,0,0,0,0,0,24014400,16049859,16049859,16049859,9,12645400,10395936,10395936,10395936,4,0,0,0,0,0,10820700,4330702,4330702,4330702,14,2154400,585585,585585,585585,9,49634900,31362082,31362082,31362082,36,0,0,,,,楠町１６番１２−２−１６号
鶴見区,0,70002649,無限責任中間法人転出ブックストア,鶴見区岸谷１丁目２０番８−１６−６−１号,,2025,0,0,0,0,0,0,0,0,0,0,233105400,97138853,97138853,97138853,19,0,0,0,0,0,0,0,0,0,0,4444300,2517284,2517284,2517284,9,237549700,99656137,99656137,99656137,28,0,0,,,,堀ノ内町１丁目１２番５−４−２−８号
鶴見区,0,70002657,特定非営利活動法人証明クリーニング,鶴見区市場下町１６番１２−１９−６−１６号,,2025,8958900,4530945,4530945,4530945,10,24266900,9634779,9634779,9634779,12,1776100,1395321,1395321,1395321,4,0,0,0,0,0,13835000,1344404,1344404,1344404,15,2229200,1343228,1343228,1343228,6,51066100,18248677,18248677,18248677,47,0,0,,,,深谷町３番１−７−７号
鶴見区,0,70002665,土地家屋調査士法人二輪たちつてと内科クリニック,鶴見区市場東中町１３番６−４−３−１１号,,2025,5311200,1897020,1897020,1897020,4,0,0,0,0,0,0,0,0,0,0,0,0,0,0,0,0,0,0,0,0,3755500,2653511,2653511,2653511,10,9066700,4550531,4550531,4550531,14,0,0,,,,中田東２丁目９番１３−１２−７−１０号
鶴見区,0,70002673,社会保険労務士法人窓枠ＬＭＮ生命保険,鶴見区矢向４丁目１２番２０−１８−１９−２０号,,2025,11310100,3894718,3894718,3894718,12,7843400,5478911,5478911,5478911,6,117448400,6351456,6351456,6351456,9,0,0,0,0,0,0,0,0,0,0,0,0,0,0,0,136601900,15725085,15725085,15725085,27,0,0,,,,日野５丁目１２番１９−１２−３−１４号
鶴見区,0,70002681,組合府スーパー,鶴見区北寺尾２丁目３番,,2025,3824300,2895198,2895198,2895198,6,0,0,0,0,0,70024700,17513792,17513792,17513792,8,0,0,0,0,0,16665500,1032398,1032398,1032398,11,6116100,1389118,1389118,1389118,10,96630600,22830506,22830506,22830506,35,0,0,,,,港南６丁目２番１２−２０−１５号
鶴見区,0,70002690,企業組合転入東部酪農農業,鶴見区岸谷４丁目１９番３−４−４−１１号,,2025,6929800,5619587,5619587,5619587,7,2969190,2312026,2312026,2312026,6,157526700,33637820,33637820,33637820,16,0,0,0,0,0,9920800,6798771,6798771,6798771,8,0,0,0,0,0,177346490,48368204,48368204,48368204,37,0,0,,,,笠間町５番
鶴見区,0,70002703,労働組合地域情報のメガネ,鶴見区鶴見中央２丁目１番１３−５−１７−５号,,2025,14716900,7832999,7832999,7832999,18,15876300,1607170,1607170,1607170,12,92342300,32326369,32326369,32326369,7,0,0,0,0,0,2695000,664784,664784,664784,3,326500,191294,191294,191294,3,125957000,42622616,42622616,42622616,43,0,0,,,,長津田みなみ台１丁目１２番
鶴見区,0,70002720,協同組合連合会転入の本屋,鶴見区鶴見中央４丁目１番１１−１０−２０−８号,,2025,5002200,3233127,3233127,3233127,5,20746980,6259853,6259853,6259853,12,1630000,1140050,1140050,1140050,2,0,0,0,0,0,9271300,4830101,4830101,4830101,6,2712500,1874812,1874812,1874812,6,39362980,17337943,17337943,17337943,31,0,0,,,,中原２丁目１１番８号
鶴見区,0,70002738,協業組合納付はひふへほ内科クリニック,鶴見区馬場４丁目１４番１８号,,2025,9177500,4213395,4213395,4213395,10,15905000,9405577,9405577,9405577,3,83844700,42891051,42891051,42891051,5,0,0,0,0,0,0,0,0,0,0,2163800,1800553,1800553,1800553,8,111091000,58310576,58310576,58310576,26,0,0,,,,大阪府八尾市亀井町２丁目１７番１５−１１−１２号
鶴見区,0,70002746,信用組合縦横家󠄂電,鶴見区東寺尾２丁目５番１１−５号,,2025,15272400,11707976,11707976,11707976,15,10047300,7157716,7157716,7157716,5,350662200,26049332,26049332,26049332,16,0,0,0,0,0,2518500,1966948,1966948,1966948,2,304700,186325,186325,186325,2,378805100,47068297,47068297,47068297,40,0,0,,,,中田北３丁目１４番８号
鶴見区,0,70002754,森林組合物件番号Ｏ＆Ｐ＆Ｑ生命保険,鶴見区上末吉１丁目１７番５−２−１０−９号,,2025,5904200,5109020,5109020,5109020,4,0,0,0,0,0,156089300,84547622,84547622,84547622,14,0,0,0,0,0,2295100,890026,890026,890026,4,952000,597889,597889,597889,7,165240600,91144557,91144557,91144557,29,0,0,,,,桜ケ丘２丁目９番２０−２号
鶴見区,0,70002762,蚕糸組合合算スポーツショップ,鶴見区鶴見中央１丁目３番１２−５−８−１３号,,2025,14194000,6899328,6899328,6899328,18,14189500,6030299,6030299,6030299,12,0,0,0,0,0,0,0,0,0,0,163800,127927,127927,127927,1,2911200,2033367,2033367,2033367,8,31458500,15090921,15090921,15090921,39,0,0,,,,大久保３丁目１６番１０号
鶴見区,0,70002771,振興組合家󠄂屋ＧＨＩ生命保険,鶴見区下野谷町２丁目２番１６−１９−１９−１８号,,2025,8633200,7894857,7894857,7894857,11,20000,12384,12384,12384,1,0,0,0,0,0,0,0,0,0,0,6029000,4812655,4812655,4812655,4,5111400,1135723,1135723,1135723,14,19793600,13855619,13855619,13855619,30,0,0,,,,大橋町３丁目１９番１７−５−４−２号
鶴見区,0,70002789,貸家組合減免スイミングスクール,鶴見区馬場７丁目１４番５−１１−３−１６号,,2025,10809100,3222107,3222107,3222107,10,12941280,11471791,11471791,11471791,9,80034900,52299667,52299667,52299667,17,0,0,0,0,0,0,0,0,0,0,0,0,0,0,0,103785280,66993565,66993565,66993565,36,0,0,,,,川和町１５番
鶴見区,0,70002797,健康保険組合強制学校,鶴見区東寺尾中台２番９−１−７−９号,,2025,85611836,17978485,17978485,17978485,0,0,0,0,0,0,0,0,0,0,0,0,0,0,0,0,0,0,0,0,0,0,0,0,0,0,85611836,17978485,17978485,17978485,0,0,0,,,,三ツ沢東町１５番１０−８−５−１号
鶴見区,0,70002819,漁業協同組合保険Ｒ＆Ｓ＆Ｔ生命保険,鶴見区矢向２丁目１５番１９−１５−７−５号,,2025,3712800,2608680,2608680,2608680,7,0,0,0,0,0,147751400,50326182,50326182,50326182,10,0,0,0,0,0,0,0,0,0,0,1281200,798411,798411,798411,7,152745400,53733273,53733273,53733273,24,0,0,,,,奈良３丁目４番
鶴見区,0,70002827,生活協同組合担当者ラーメン,鶴見区浜町１丁目１２番４−１６号,,2025,6143400,1590203,1590203,1590203,11,0,0,0,0,0,0,0,0,0,0,0,0,0,0,0,3079900,1411967,1411967,1411967,3,6510600,2863006,2863006,2863006,14,15733900,5865176,5865176,5865176,28,0,0,,,,森の台２番
鶴見区,0,70002835,船主相互保険組合送付先ＬＭＮ生命保険,鶴見区潮田町３丁目３番９−１３−３−１０号,,2025,11182600,3417873,3417873,3417873,8,4593700,1490660,1490660,1490660,1,0,0,0,0,0,0,0,0,0,0,9506400,3229343,3229343,3229343,12,5054000,1739974,1739974,1739974,12,30336700,9877850,9877850,9877850,33,0,0,,,,今宿南町１６番１２−１６−５号
鶴見区,0,70002843,協会免税点さしすせそ内科クリニック,鶴見区本町通２丁目１２番９−２−１５−１８号,,2025,1005000,801066,801066,801066,2,0,0,0,0,0,0,0,0,0,0,0,0,0,0,0,14976300,1634074,1634074,1634074,14,3820400,513517,513517,513517,12,19801700,2948657,2948657,2948657,28,0,0,,,,竹山２丁目５番９−２号
鶴見区,0,70002851,連合会高層学校,鶴見区駒岡２丁目７番１４−４−１２−１１号,,2025,47119181,9895028,9895028,9895028,0,0,0,0,0,0,0,0,0,0,0,0,0,0,0,0,0,0,0,0,0,0,0,0,0,0,47119181,9895028,9895028,9895028,0,0,0,,,,鴨居１丁目１８番
鶴見区,0,70002878,医師会滅失レンタカー,鶴見区市場西中町１１番１１−１３−９−７号,,2025,15301500,5696628,5696628,5696628,15,3905800,3440754,3440754,3440754,4,1200000,789600,789600,789600,1,0,0,0,0,0,13542800,4686716,4686716,4686716,10,0,0,0,0,0,33950100,14613698,14613698,14613698,30,0,0,,,,桂台南２丁目１５番
鶴見区,0,70002886,協力会調定なにぬねの内科クリニック,鶴見区尻手３丁目６番１２−４−１４−７号,,2025,20287700,7800936,7800936,7800936,21,360500,323368,323368,323368,1,102692600,13507100,13507100,13507100,8,0,0,0,0,0,0,0,0,0,0,1006500,749780,749780,749780,4,124347300,22381184,22381184,22381184,34,0,0,,,,川島町１２番
鶴見区,0,70002894,共済会給報Ａ＆Ｂ＆Ｃ生命保険,鶴見区下末吉４丁目４番７−１１−５−９号,,2025,14243300,11192357,11192357,11192357,11,5477500,4833858,4833858,4833858,3,27077500,8690390,8690390,8690390,3,0,0,0,0,0,4183800,3316847,3316847,3316847,4,3770800,315866,315866,315866,8,54752900,28349318,28349318,28349318,29,0,0,,,,本牧町１丁目１２番３−１６−２−２号
鶴見区,0,70002916,労働金庫滅失珈琲,鶴見区栄町通４丁目１６番１１−１５−１６−８号,,2025,1530800,1392896,1392896,1392896,3,0,0,0,0,0,8294100,414705,414705,414705,3,0,0,0,0,0,7853300,392665,392665,392665,8,3708900,612558,612558,612558,13,21387100,2812824,2812824,2812824,27,0,0,,,,みなとみらい１丁目９番
鶴見区,0,70002924,中央金庫誓約ストア,鶴見区岸谷３丁目１３番２０−１４−４−６号,,2025,0,0,0,0,0,0,0,0,0,0,0,0,0,0,0,0,0,0,0,0,52760761,11079759,11079759,11079759,6546,61315755,12876308,12876308,12876308,3070,114076516,23956067,23956067,23956067,9616,0,0,,,,下田町６丁目８番３号
鶴見区,0,70002932,商工会議所個人はひふへほ内科クリニック,鶴見区北寺尾３丁目１３番７−１８−１７号,,2025,11512100,3249928,3249928,3249928,11,5606600,4999492,4999492,4999492,4,0,0,0,0,0,0,0,0,0,0,5153100,2592125,2592125,2592125,5,13509000,8514981,8514981,8514981,20,35780800,19356526,19356526,19356526,40,0,0,,,,泥亀２丁目９番５−４−１１−１号
鶴見区,0,70002941,証券取引所賦課ラーメン屋,鶴見区朝日町２丁目１６番１９−９−１２−１５号,,2025,6639200,5405831,5405831,5405831,10,27058180,6353244,6353244,6353244,14,0,0,0,0,0,0,0,0,0,0,18116900,950932,950932,950932,12,193000,172763,172763,172763,2,52007280,12882770,12882770,12882770,38,0,0,,,,瀬戸ケ谷町１７番４−１０−２−１５号
鶴見区,0,70002967,企業団自治体コーヒー,鶴見区東寺尾１丁目１６番１６−７−８−１３号,,2025,5848200,4294820,4294820,4294820,7,7881500,5499747,5499747,5499747,6,56010800,20262322,20262322,20262322,3,0,0,0,0,0,16446800,2851151,2851151,2851151,14,1081000,63633,63633,63633,2,87268300,32971673,32971673,32971673,32,0,0,,,,高田町１９番
鶴見区,0,70002975,厚生年金基金最新北部酪農農業,鶴見区江ケ崎町１１番６−４−１６−１９号,,2025,2170200,980673,980673,980673,4,0,0,0,0,0,134456300,24705589,24705589,24705589,15,0,0,0,0,0,20439700,5059399,5059399,5059399,16,0,0,0,0,0,157066200,30745661,30745661,30745661,35,0,0,,,,牛久保西３丁目９番１１号
鶴見区,0,70002983,郵便局扶養設定北部酪農農業,鶴見区三ツ池公園５番１−１−２０−１０号,,2025,4247600,2982491,2982491,2982491,3,11096800,7132443,7132443,7132443,9,29678900,24127235,24127235,24127235,4,0,0,0,0,0,16512600,825630,825630,825630,12,0,0,0,0,0,61535900,35067799,35067799,35067799,28,0,0,,,,権太坂３丁目１４番
鶴見区,0,70002991,公社扶養ストア,鶴見区生麦４丁目９番９−１９−１−１１号,,2025,0,0,0,0,0,15595078,10930155,10930155,10930155,12,239286400,12564059,12564059,12564059,15,0,0,0,0,0,10301000,546160,546160,546160,11,125500,116589,116589,116589,1,265307978,24156963,24156963,24156963,39,0,0,,,,綱島西６丁目１０番
鶴見区,0,70003009,カンパニー口振スポーツショップ,鶴見区東寺尾東台９番１３−３−６−１５号,,2025,2419800,1869610,1869610,1869610,3,18866500,3428992,3428992,3428992,8,15468600,773430,773430,773430,4,0,0,0,0,0,7037600,3460667,3460667,3460667,8,0,0,0,0,0,43792500,9532699,9532699,9532699,23,0,0,,,,堺市堺区出島海岸通２丁６番１３−３号
鶴見区,0,70003017,リミテッド一括設定ラーメン屋,鶴見区向井町３丁目１２番８−１９−１０−１８号,,2025,2985500,2744313,2744313,2744313,5,38365000,10973105,10973105,10973105,13,9056600,4892447,4892447,4892447,7,0,0,0,0,0,16824100,10931977,10931977,10931977,11,3453800,1925965,1925965,1925965,8,70685000,31467807,31467807,31467807,44,0,0,,,,杉田４丁目１２番１８−１８号
鶴見区,0,70003033,インコーポレーション権限文房具店,鶴見区仲通２丁目６番３−１６−９−１２号,,2025,1216500,831958,831958,831958,1,15785778,7929251,7929251,7929251,11,87094200,43260809,43260809,43260809,18,0,0,0,0,0,4040500,1469749,1469749,1469749,3,2497300,1378300,1378300,1378300,13,110634278,54870067,54870067,54870067,46,0,0,,,,向井町４丁目４番２−１−１０号
鶴見区,0,70003041,都市計画ＧＨＩ生命保険,鶴見区栄町通４丁目１１番３−１８−４−２号,,2025,2365500,589024,589024,589024,3,9317490,7316792,7316792,7316792,8,169502300,67266363,67266363,67266363,23,0,0,0,0,0,4645000,1884835,1884835,1884835,4,0,0,0,0,0,185830290,77057014,77057014,77057014,38,0,0,,,,美しが丘４丁目９番３−１５−１３号
鶴見区,0,70003050,賦課期日やゆよ内科クリニック,鶴見区獅子ケ谷３丁目２番１８−３−８−２０号,,2025,27692500,7771915,7771915,7771915,17,29435790,8101459,8101459,8101459,18,65812600,29319095,29319095,29319095,3,0,0,0,0,0,3159000,2541600,2541600,2541600,3,0,0,0,0,0,126099890,47734069,47734069,47734069,41,0,0,,,,原宿５丁目１１番１２−９−３号
鶴見区,0,70003076,随時銀行,鶴見区鶴見中央３丁目１８番１−７−１３−２号,,2025,0,0,0,0,0,4995000,3201414,3201414,3201414,2,61207000,12256528,12256528,12256528,16,0,0,0,0,0,6027800,4638831,4638831,4638831,4,1003200,608152,608152,608152,8,73233000,20704925,20704925,20704925,30,0,0,,,,南太田４丁目４番１−１６号
鶴見区,0,70003084,市街地ＯＰＱ生命保険,鶴見区馬場２丁目１３番３−７−１９−１０号,,2025,6256700,5795039,5795039,5795039,4,0,0,0,0,0,109615200,6104487,6104487,6104487,5,0,0,0,0,0,7077300,3238968,3238968,3238968,6,4526700,530389,530389,530389,13,127475900,15668883,15668883,15668883,28,0,0,,,,小野町１８番５−１７−３−１７号
鶴見区,0,70003092,届出文房具店,鶴見区鶴見中央５丁目３番１９−２０−２０−１２号,,2025,5589600,2621390,2621390,2621390,8,15549800,10298520,10298520,10298520,9,0,0,0,0,0,0,0,0,0,0,3030500,1827220,1827220,1827220,4,4531000,1649727,1649727,1649727,8,28700900,16396857,16396857,16396857,29,0,0,,,,庄戸１丁目１１番２０−２０−９−１８号
鶴見区,0,70003106,全部文具,鶴見区岸谷４丁目１番１５−１３号,,2025,0,0,0,0,0,13401200,10381888,10381888,10381888,8,15645400,7564787,7564787,7564787,3,0,0,0,0,0,15719800,2455554,2455554,2455554,12,10456100,2477275,2477275,2477275,14,55222500,22879504,22879504,22879504,37,0,0,,,,中浜町１０番
鶴見区,0,70003114,課対東部酪農農業,鶴見区佃野町１８番１８−８−１９−６号,,2025,1422200,1321223,1321223,1321223,2,0,0,0,0,0,231741100,58725785,58725785,58725785,23,0,0,0,0,0,14502500,5485748,5485748,5485748,15,5385300,4133103,4133103,4133103,11,253051100,69665859,69665859,69665859,51,0,0,,,,笠間３丁目８番７−１１号
鶴見区,0,70003122,認証ＧＨＩ生命保険,鶴見区栄町通１丁目２番１３−１０−１６−５号,,2025,0,0,0,0,0,0,0,0,0,0,0,0,0,0,0,0,0,0,0,0,20603100,8270638,8270638,8270638,15,2783300,1544580,1544580,1544580,7,23386400,9815218,9815218,9815218,22,0,0,,,,金が谷１丁目１０番１５−１６号
鶴見区,0,70003149,納通Ｄ＆Ｅ＆Ｆ生命保険,鶴見区尻手３丁目２０番４−１６−１７−６号,,2025,7311700,1862790,1862790,1862790,6,19983678,4406137,4406137,4406137,14,102297100,13203727,13203727,13203727,9,0,0,0,0,0,4583500,3696282,3696282,3696282,2,0,0,0,0,0,134175978,23168936,23168936,23168936,31,0,0,,,,小雀町２０番１１号
鶴見区,0,70003157,総括書店,鶴見区北寺尾６丁目２０番４−１４−１−１５号,,2025,3685000,2768218,2768218,2768218,7,5088490,752459,752459,752459,2,98335700,9698182,9698182,9698182,8,0,0,0,0,0,12349200,5446407,5446407,5446407,18,990600,807063,807063,807063,3,120448990,19472329,19472329,19472329,38,0,0,,,,北海道空知郡上富良野町西１２線北２９号２０番
鶴見区,0,70003165,仮消込ＯＰＱ生命保険,鶴見区矢向２丁目２番１１−９−４−１４号,,2025,325000,222265,222265,222265,1,5588000,4298305,4298305,4298305,5,140177200,13091413,13091413,13091413,15,0,0,0,0,0,3575000,1710063,1710063,1710063,3,6376200,1587489,1587489,1587489,14,156041400,20909535,20909535,20909535,38,0,0,,,,奈良３丁目１２番
鶴見区,0,70003173,道Ｏ＆Ｐ＆Ｑ生命保険,鶴見区豊岡町１３番２０−６−２０−９号,,2025,12813700,3831205,3831205,3831205,8,645990,340311,340311,340311,3,43304800,35250568,35250568,35250568,3,0,0,0,0,0,3244000,2567455,2567455,2567455,3,466600,381972,381972,381972,3,60475090,42371511,42371511,42371511,20,0,0,,,,★沢２丁目１８番９号
鶴見区,0,70003181,領収ラーメン屋,鶴見区駒岡１丁目７番１５−１２−１４−４号,,2025,722200,663813,663813,663813,2,0,0,0,0,0,92368800,4618440,4618440,4618440,6,0,0,0,0,0,18737900,8939928,8939928,8939928,19,4156600,376591,376591,376591,10,115985500,14598772,14598772,14598772,37,0,0,,,,すみよし台１４番
鶴見区,0,70003190,政令農場,鶴見区北寺尾３丁目２０番１−５−３−４号,,2025,24955100,6674912,6674912,6674912,20,52890,49134,49134,49134,2,131761600,109364950,109364950,109364950,8,0,0,0,0,0,1182300,518935,518935,518935,2,5582100,1900545,1900545,1900545,14,163533990,118508476,118508476,118508476,46,0,0,,,,丸山台３丁目５番１−１１号
鶴見区,0,70003203,調整農場,鶴見区向井町１丁目３番１５−１６−１６−１６号,,2025,486100,451586,451586,451586,1,23717578,1901840,1901840,1901840,11,0,0,0,0,0,0,0,0,0,0,0,0,0,0,0,397000,235119,235119,235119,2,24600678,2588545,2588545,2588545,14,0,0,,,,平戸２丁目２番１３−１号
鶴見区,0,70003211,縦覧学園,鶴見区栄町通３丁目１１番１９号,,2025,10827600,3033344,3033344,3033344,10,319990,106706,106706,106706,2,52895200,40230041,40230041,40230041,10,0,0,0,0,0,5942900,2876985,2876985,2876985,6,2272000,1397500,1397500,1397500,6,72257690,47644576,47644576,47644576,34,0,0,,,,新森町１０番９−４号
鶴見区,0,70003220,土地文房具店,鶴見区矢向５丁目１番３−１５−５−１５号,,2025,1212400,1019337,1019337,1019337,2,1390500,990338,990338,990338,1,115868400,33051837,33051837,33051837,7,0,0,0,0,0,2952800,2015040,2015040,2015040,4,762000,611589,611589,611589,3,122186100,37688141,37688141,37688141,17,0,0,,,,高島２丁目１９番１−１３−１８号
鶴見区,0,70003238,扶養設定ＬＭＮ生命保険,鶴見区佃野町３番４−５−２−４号,,2025,12401000,3092642,3092642,3092642,7,1211600,216216,216216,216216,2,0,0,0,0,0,0,0,0,0,0,21621300,5475255,5475255,5475255,18,0,0,0,0,0,35233900,8784113,8784113,8784113,27,0,0,,,,箕輪町２丁目４番１９−１０号
鶴見区,0,70003246,公的年金ＲＳＴ生命保険,鶴見区下末吉５丁目１０番２−１５−１３−２号,,2025,2797800,819495,819495,819495,6,0,0,0,0,0,46379400,34965795,34965795,34965795,4,0,0,0,0,0,12159900,7369166,7369166,7369166,9,6791600,4291330,4291330,4291330,16,68128700,47445786,47445786,47445786,35,0,0,,,,東希望が丘１８番１７−４−８−１９号
鶴見区,0,70003254,表示クリーニング,鶴見区馬場５丁目７番２０−５−１０−１号,,2025,0,0,0,0,0,3687300,2027936,2027936,2027936,5,156234300,63644951,63644951,63644951,13,0,0,0,0,0,6025800,3090675,3090675,3090675,5,2012800,239581,239581,239581,8,167960200,69003143,69003143,69003143,31,0,0,,,,堺市北区新堀町１丁１番１３号
鶴見区,0,70003271,区スーパー,鶴見区栄町通１丁目１２番１−６−５−９号,,2025,0,0,0,0,0,6811100,5618229,5618229,5618229,3,476100,388021,388021,388021,1,0,0,0,0,0,7208000,2581382,2581382,2581382,7,5687800,1412689,1412689,1412689,14,20183000,10000321,10000321,10000321,25,0,0,,,,阿久和西２丁目２０番１８号
鶴見区,0,70003289,年金の本屋,鶴見区馬場１丁目１２番１５−９−８−１８号,,2025,10442300,8189532,8189532,8189532,10,241000,196415,196415,196415,1,1677500,83875,83875,83875,3,0,0,0,0,0,4144500,894608,894608,894608,6,690000,604885,604885,604885,4,17195300,9969315,9969315,9969315,24,0,0,,,,杉田８丁目１３番４−４号
鶴見区,0,70003301,転入ドラッグストア,鶴見区北寺尾５丁目１９番１号,,2025,1001300,684784,684784,684784,2,19372690,12837433,12837433,12837433,11,188392900,61834759,61834759,61834759,19,0,0,0,0,0,12212500,4190510,4190510,4190510,9,725300,486080,486080,486080,3,221704690,80033566,80033566,80033566,44,0,0,,,,六浦東２丁目１２番８−２０号
鶴見区,0,70003319,福祉スポーツショップ,鶴見区鶴見１丁目１１番２−７−１８−１９号,,2025,1723000,1227151,1227151,1227151,2,36642958,8559920,8559920,8559920,28,0,0,0,0,0,0,0,0,0,0,0,0,0,0,0,2200700,1859575,1859575,1859575,8,40566658,11646646,11646646,11646646,38,0,0,,,,唐沢２番
鶴見区,0,70003327,印鑑銀行,鶴見区市場上町８番１５−７−１−３号,,2025,1216500,969649,969649,969649,1,47519190,12224101,12224101,12224101,16,15557200,7497825,7497825,7497825,4,0,0,0,0,0,4475000,2110871,2110871,2110871,4,2375600,1916958,1916958,1916958,6,71143490,24719404,24719404,24719404,31,0,0,,,,菊名３丁目４番
鶴見区,0,70003335,特例ＲＳＴ生命保険,鶴見区三ツ池公園１番４−７−８−１０号,,2025,4804500,3415069,3415069,3415069,5,0,0,0,0,0,158454800,12627567,12627567,12627567,11,0,0,0,0,0,0,0,0,0,0,5353200,2276209,2276209,2276209,16,168612500,18318845,18318845,18318845,32,0,0,,,,獅子ケ谷１丁目１７番４−１４−５−１１号
鶴見区,0,70003343,職権クリーニング,鶴見区寛政町１７番１６−１１−１４−１５号,,2025,263800,236628,236628,236628,1,0,0,0,0,0,230973900,125146650,125146650,125146650,15,0,0,0,0,0,6841900,4062102,4062102,4062102,5,4994500,1340332,1340332,1340332,13,243074100,130785712,130785712,130785712,34,0,0,,,,鷺山１８番１１−１３−１０−１０号
鶴見区,0,70003351,二輪電気店,鶴見区潮田町４丁目１１番１８−６−４−５号,,2025,3605800,3349787,3349787,3349787,3,9385700,2578912,2578912,2578912,10,0,0,0,0,0,0,0,0,0,0,16762800,10997100,10997100,10997100,15,11401700,3416381,3416381,3416381,15,41156000,20342180,20342180,20342180,43,0,0,,,,東山田３丁目１９番４号
鶴見区,0,70003360,調定家󠄂電,鶴見区向井町１丁目１５番１７−２−１１−５号,,2025,3765000,2900956,2900956,2900956,4,5285400,3006046,3006046,3006046,3,194468900,118489658,118489658,118489658,13,0,0,0,0,0,14770600,3319175,3319175,3319175,11,2743800,334626,334626,334626,6,221033700,128050461,128050461,128050461,37,0,0,,,,みなとみらい２丁目４番６−１８号
鶴見区,0,70003378,被保かきくけこ内科クリニック,鶴見区小野町１７番１−８−１９−８号,,2025,0,0,0,0,0,41508915,8716872,8716872,8716872,64522,119373131,25068357,25068357,25068357,709,0,0,0,0,0,0,0,0,0,0,0,0,0,0,0,160882046,33785229,33785229,33785229,65231,0,0,,,,帷子町２丁目１６番１５号
鶴見区,0,70003386,株式会社支所のメガネ,鶴見区駒岡４丁目１５番１２−５−１７−７号,,2025,13583100,3947400,3947400,3947400,14,24306678,12755900,12755900,12755900,12,47300000,21627454,21627454,21627454,2,0,0,0,0,0,2388300,1171829,1171829,1171829,3,1698300,1372318,1372318,1372318,3,89276378,40874901,40874901,40874901,34,0,0,,,,西八朔町７番５−９号
鶴見区,0,70003394,有限会社事務ブックストア,鶴見区小野町１８番５−１−４−１２号,,2025,0,0,0,0,0,2490600,2073544,2073544,2073544,2,62930600,34026921,34026921,34026921,7,0,0,0,0,0,3450000,172500,172500,172500,2,4519700,844427,844427,844427,13,73390900,37117392,37117392,37117392,24,0,0,,,,中沢３丁目１８番６−１２−１８号
鶴見区,0,70003408,合名会社不動産取得旅館,鶴見区矢向１丁目１６番１９号,,2025,104161775,21873972,21873972,21873972,652,106576164,22380994,22380994,22380994,47994,0,0,0,0,0,0,0,0,0,0,0,0,0,0,0,0,0,0,0,0,210737939,44254966,44254966,44254966,48646,0,0,,,,上郷町６番１８−１３号
鶴見区,0,70003416,合資会社排水ケーブルテレビ,鶴見区馬場５丁目１２番,,2025,7515600,6854410,6854410,6854410,5,5505078,501822,501822,501822,5,0,0,0,0,0,0,0,0,0,0,11436300,6469142,6469142,6469142,10,7902600,1346647,1346647,1346647,25,32359578,15172021,15172021,15172021,45,0,0,,,,花之木町１丁目２０番５号
鶴見区,0,70003424,合同会社土地テレビ,鶴見区汐入町１丁目１７番,,2025,3694600,3432282,3432282,3432282,3,18402100,12173970,12173970,12173970,7,128176000,13098076,13098076,13098076,18,0,0,0,0,0,13353200,2996965,2996965,2996965,13,1983400,1547708,1547708,1547708,5,165609300,33249001,33249001,33249001,46,0,0,,,,瀬戸ケ谷町１２番１３−３−６号
鶴見区,0,70003432,相互会社原付やゆよ内科クリニック,鶴見区潮田町２丁目１７番３−１４−１６−１７号,,2025,22932300,10774414,10774414,10774414,16,0,0,0,0,0,0,0,0,0,0,0,0,0,0,0,5185600,2388636,2388636,2388636,6,1948000,1286832,1286832,1286832,5,30065900,14449882,14449882,14449882,27,0,0,,,,上之町６番１７−１２号
鶴見区,0,70003441,区分ＸＹＺ生命保険,鶴見区上の宮２丁目１４番１７−２０−１６−３号,,2025,10525400,3143498,3143498,3143498,11,29800,24287,24287,24287,1,143226000,9667578,9667578,9667578,18,0,0,0,0,0,12420000,3502447,3502447,3502447,9,0,0,0,0,0,166201200,16337810,16337810,16337810,39,0,0,,,,六角橋２丁目７番８−３−５−８号
鶴見区,0,70003459,画像󠄄スーパー,鶴見区東寺尾１丁目８番１９−７−２０−１７号,,2025,11506976,2416464,2416464,2416464,0,0,0,0,0,0,0,0,0,0,0,0,0,0,0,0,0,0,0,0,0,0,0,0,0,0,11506976,2416464,2416464,2416464,0,0,0,,,,新子安１丁目１８番
鶴見区,0,70003467,未登記ＡＢＣ生命保険,鶴見区下野谷町３丁目１３番９−１５−１８−８号,,2025,8722200,6796272,6796272,6796272,7,10499600,7111798,7111798,7111798,4,0,0,0,0,0,0,0,0,0,0,0,0,0,0,0,2110500,149261,149261,149261,5,21332300,14057331,14057331,14057331,16,0,0,,,,領★３丁目１１番
鶴見区,0,70003483,特定目的会社通番テレビ,鶴見区馬場４丁目４番１２−１１−１−１５号,,2025,4755900,4387721,4387721,4387721,4,11454660,8800257,8800257,8800257,16,0,0,0,0,0,0,0,0,0,0,3358300,2655800,2655800,2655800,3,5418800,1979832,1979832,1979832,16,24987660,17823610,17823610,17823610,39,0,0,,,,北九州市小倉北区菜園場１丁目１５番３−２−１８号
鶴見区,0,70003491,一般社団法人道蕎麦屋,鶴見区潮田町１丁目１番１８−６−５−１３号,,2025,0,0,0,0,0,11186478,6914035,6914035,6914035,7,18777600,13472108,13472108,13472108,6,0,0,0,0,0,3270000,1349806,1349806,1349806,3,2013200,138528,138528,138528,4,35247278,21874477,21874477,21874477,20,0,0,,,,栄町通３丁目３番１５−１９−１４−１５号
鶴見区,0,70003505,公益社団法人速報ＡＢＣ生命保険,鶴見区汐入町３丁目５番３−３−１７号,,2025,12512100,9267098,9267098,9267098,11,22418300,6012484,6012484,6012484,14,0,0,0,0,0,0,0,0,0,0,8498400,3201410,3201410,3201410,9,4200000,3036117,3036117,3036117,7,47628800,21517109,21517109,21517109,41,0,0,,,,守屋町２丁目６番１７−６−１１−４号
鶴見区,0,70003513,一般財団法人免税点ＸＹＺ生命保険,鶴見区諏訪坂２番１１−２−８−７号,,2025,12896400,5607192,5607192,5607192,9,12159500,8199977,8199977,8199977,6,0,0,0,0,0,0,0,0,0,0,13236600,677385,677385,677385,22,3172200,2670532,2670532,2670532,5,41464700,17155086,17155086,17155086,42,0,0,,,,徳島県那■賀郡那■賀町高野字かじざこ６番１８号
鶴見区,0,70003521,公益財団法人免税の時計,鶴見区向井町３丁目４番１９−３−１２−１６号,,2025,8930400,7270143,7270143,7270143,7,31182700,5460646,5460646,5460646,14,119495200,12221643,12221643,12221643,12,0,0,0,0,0,17251000,3053722,3053722,3053722,16,497000,400150,400150,400150,3,177356300,28406304,28406304,28406304,52,0,0,,,,綱島西２丁目８番１６−１０号
鶴見区,0,70003548,財団法人印鑑ストア,鶴見区仲通３丁目１９番,,2025,4868400,4522742,4522742,4522742,3,42405590,11785344,11785344,11785344,17,246941000,146294243,146294243,146294243,13,0,0,0,0,0,10446600,3452826,3452826,3452826,11,0,0,0,0,0,304661590,166055155,166055155,166055155,44,0,0,,,,茅ケ崎町１０番１８−１２−１３−３号
鶴見区,0,70003556,宗教法人排他ブックストア,鶴見区仲通２丁目６番５−８−１８−１３号,,2025,0,0,0,0,0,10847000,1567905,1567905,1567905,9,0,0,0,0,0,0,0,0,0,0,14905900,3260350,3260350,3260350,16,310900,261156,261156,261156,2,26063800,5089411,5089411,5089411,27,0,0,,,,飯島町８番
鶴見区,0,70003564,学校法人役職旅館,鶴見区大黒町２０番１−１０−２０−１７号,,2025,9189900,6029672,6029672,6029672,8,12497100,2885669,2885669,2885669,10,218169900,54247946,54247946,54247946,14,0,0,0,0,0,6273400,3433678,3433678,3433678,9,1489700,716106,716106,716106,2,247620000,67313071,67313071,67313071,43,0,0,,,,篠原町１４番１５号
鶴見区,0,70003572,投資法人交付ＲＳＴ生命保険,鶴見区元宮２丁目３番１１−６−１８−７号,,2025,0,0,0,0,0,8396700,3315368,3315368,3315368,8,36360400,25896530,25896530,25896530,1,0,0,0,0,0,1230000,960630,960630,960630,1,1705700,1060173,1060173,1060173,6,47692800,31232701,31232701,31232701,16,0,0,,,,菊名６丁目１７番３−４−１５号
鶴見区,0,70003581,監査法人後期の時計,鶴見区鶴見中央４丁目４番８−１６−８−４号,,2025,17425000,9174726,9174726,9174726,12,0,0,0,0,0,6150000,2699370,2699370,2699370,2,0,0,0,0,0,12841200,1925667,1925667,1925667,12,9053200,1897235,1897235,1897235,11,45469400,15696998,15696998,15696998,37,0,0,,,,橋戸３丁目８番
鶴見区,0,70003602,医療法人社団相談コーヒー,鶴見区汐入町２丁目１５番１２−１３−１１−２号,,2025,0,0,0,0,0,2606200,430796,430796,430796,2,150641500,54179932,54179932,54179932,16,0,0,0,0,0,5821000,2632301,2632301,2632301,6,2118200,1382634,1382634,1382634,5,161186900,58625663,58625663,58625663,29,0,0,,,,白楽６番７−７−１９−１３号
鶴見区,0,70003611,弁護士法人滅失レストラン,鶴見区市場大和町１４番４−２−７−６号,,2025,28869800,14505667,14505667,14505667,24,20225000,9867950,9867950,9867950,13,135425900,69552896,69552896,69552896,6,0,0,0,0,0,2840000,2218040,2218040,2218040,2,116400,76387,76387,76387,1,187477100,96220940,96220940,96220940,46,0,0,,,,鶴ケ峰本町２丁目６番１０−２０号
鶴見区,0,70003629,税理士法人異動の八百屋,鶴見区下末吉４丁目４番１８−６−３−８号,,2025,0,0,0,0,0,72117907,15144760,15144760,15144760,84375,0,0,0,0,0,0,0,0,0,0,0,0,0,0,0,80787963,16965472,16965472,16965472,7967,152905870,32110232,32110232,32110232,92342,0,0,,,,潮田町４丁目１５番１９−３−２−１６号
鶴見区,0,70003637,司法書士法人一輪ラーメン,鶴見区仲通１丁目２０番１２−３−１９号,,2025,5358100,2553238,2553238,2553238,7,11025000,6189640,6189640,6189640,5,0,0,0,0,0,0,0,0,0,0,4390000,2457088,2457088,2457088,3,1387700,1214237,1214237,1214237,1,22160800,12414203,12414203,12414203,16,0,0,,,,二葉町４丁目１４番１６号
鶴見区,0,70003645,行政書士法人所得ドラッグストア,鶴見区末広町２丁目２０番２０−６−５−１３号,,2025,8039200,6143686,6143686,6143686,6,18496100,10702668,10702668,10702668,12,0,0,0,0,0,0,0,0,0,0,4140000,1625236,1625236,1625236,4,2595600,2279513,2279513,2279513,6,33270900,20751103,20751103,20751103,28,0,0,,,,伊勢町１丁目６番１８号
鶴見区,0,70003653,社会福祉法人課対Ｉ＆Ｊ＆Ｋ生命保険,鶴見区上の宮１丁目１４番８−５−６−１５号,,2025,0,0,0,0,0,5965980,4864094,4864094,4864094,3,2234500,1680017,1680017,1680017,2,0,0,0,0,0,12058000,5504993,5504993,5504993,12,12768600,2574584,2574584,2574584,16,33027080,14623688,14623688,14623688,33,0,0,,,,大曽根２丁目１５番
鶴見区,0,70003661,農事組合法人誓約クリニック,鶴見区生麦３丁目１６番１２−６−１５−５号,,2025,53302877,11193604,11193604,11193604,5543,93612189,19658559,19658559,19658559,47863,0,0,0,0,0,0,0,0,0,0,0,0,0,0,0,21465134,4507678,4507678,4507678,2153,168380200,35359841,35359841,35359841,55559,0,0,,,,朝日町２丁目１５番１−１３−２−７号
鶴見区,0,70003670,独立行政法人一二三四五六七八九十一二三四五六七八九十一二三四五六七八九十一二三四五六七八九十一二三四五六七八九十のメガネ,鶴見区栄町通３丁目２番１３−９−６−１６号,,2025,0,0,0,0,0,40172690,10002179,10002179,10002179,16,0,0,0,0,0,0,0,0,0,0,7229800,3208938,3208938,3208938,6,2353200,1956252,1956252,1956252,2,49755690,15167369,15167369,15167369,24,0,0,,,,中白根３丁目９番１５−１１号
鶴見区,0,70003688,特許業務法人処理工務店,鶴見区岸谷１丁目５番２−５−２−１５号,,2025,14025500,7245737,7245737,7245737,13,35390300,9528463,9528463,9528463,11,141637700,103118391,103118391,103118391,13,0,0,0,0,0,0,0,0,0,0,8360200,6571666,6571666,6571666,3,199413700,126464257,126464257,126464257,40,0,0,,,,笹下３丁目１７番９−１５号
鶴見区,0,70003696,更生保護法人三角ＧＨＩ生命保険,鶴見区東寺尾１丁目７番１９−１６−７号,,2025,1787600,543306,543306,543306,4,6671758,4035284,4035284,4035284,8,141081800,65358330,65358330,65358330,12,0,0,0,0,0,3222500,2516772,2516772,2516772,3,1623000,130083,130083,130083,5,154386658,72583775,72583775,72583775,32,0,0,,,,日吉７丁目２０番１７号
鶴見区,0,70003700,国立大学法人処理Ｘ＆Ｙ＆Ｚ生命保険,鶴見区向井町３丁目３番,,2025,22933900,5892166,5892166,5892166,21,0,0,0,0,0,20964100,15985441,15985441,15985441,4,0,0,0,0,0,5628300,2478145,2478145,2478145,6,2645200,1106139,1106139,1106139,9,52171500,25461891,25461891,25461891,40,0,0,,,,野七里２丁目９番
鶴見区,0,70003718,有限責任中間法人住基電気屋,鶴見区鶴見２丁目７番６−５−１３−１８号,,2025,6112300,5043463,5043463,5043463,5,4347100,3839044,3839044,3839044,3,20831200,9440973,9440973,9440973,4,0,0,0,0,0,0,0,0,0,0,2736200,958509,958509,958509,8,34026800,19281989,19281989,19281989,20,0,0,,,,下和泉５丁目１１番
鶴見区,0,70003726,無限責任中間法人過誤納Ｇ＆Ｈ＆Ｉ生命保険,鶴見区向井町１丁目８番１２−１２−２０−９号,,2025,3688600,2627085,2627085,2627085,2,0,0,0,0,0,156846400,22593470,22593470,22593470,16,0,0,0,0,0,3011600,805346,805346,805346,3,903000,747330,747330,747330,2,164449600,26773231,26773231,26773231,23,0,0,,,,港南４丁目１番１２−１−１３号
鶴見区,0,70003734,特定非営利活動法人総括表レンタカー,鶴見区元宮２丁目１４番１８−２０−１５−１６号,,2025,29085700,16135583,16135583,16135583,18,10991700,7398533,7398533,7398533,7,24127700,15640322,15640322,15640322,7,0,0,0,0,0,1475000,1151975,1151975,1151975,2,2008200,956973,956973,956973,6,67688300,41283386,41283386,41283386,40,0,0,,,,三ツ池公園１８番１１−１−４−８号
鶴見区,0,70003742,土地家屋調査士法人種別ＧＨＩ生命保険,鶴見区本町通４丁目７番３−８−７−４号,,2025,14874700,4145878,4145878,4145878,13,0,0,0,0,0,91067900,23965055,23965055,23965055,5,0,0,0,0,0,12363200,663247,663247,663247,11,7742400,5872776,5872776,5872776,8,126048200,34646956,34646956,34646956,37,0,0,,,,新井町５番
鶴見区,0,70003751,社会保険労務士法人印鑑ＲＳＴ生命保険,鶴見区矢向５丁目５番４−１４−２−３号,,2025,3817100,1091396,1091396,1091396,4,11546200,990019,990019,990019,11,41269600,7690201,7690201,7690201,11,0,0,0,0,0,0,0,0,0,0,767000,689341,689341,689341,3,57399900,10460957,10460957,10460957,29,0,0,,,,末吉町１丁目１８番６−１０−１４−７号
鶴見区,0,70003769,組合年次ＤＥＦ生命保険,鶴見区鶴見中央４丁目５番１４−５−１０−１７号,,2025,2396100,2010520,2010520,2010520,3,11579700,8389636,8389636,8389636,9,107982600,21822147,21822147,21822147,11,0,0,0,0,0,8419200,540881,540881,540881,9,1318700,528365,528365,528365,3,131696300,33291549,33291549,33291549,35,0,0,,,,南幸２丁目１番
鶴見区,0,70003777,企業組合府西部酪農農業,鶴見区馬場６丁目３番１０−６−１６−４号,,2025,885200,168460,168460,168460,2,9612990,8623107,8623107,8623107,3,220780000,46225603,46225603,46225603,23,0,0,0,0,0,1550000,680329,680329,680329,1,628400,560083,560083,560083,4,233456590,56257582,56257582,56257582,33,0,0,,,,鴨居５丁目４番１８−１３−１０−１５号
鶴見区,0,70003785,労働組合電子南部酪農農業,鶴見区浜町２丁目１７番２０−１３−２−１５号,,2025,10610900,7739197,7739197,7739197,4,17625800,1557361,1557361,1557361,7,0,0,0,0,0,0,0,0,0,0,4039000,1749180,1749180,1749180,5,12163100,9122384,9122384,9122384,16,44438800,20168122,20168122,20168122,32,0,0,,,,西戸部町２丁目１３番８号
鶴見区,0,70003793,協同組合一括設定旅館,鶴見区江ケ崎町１３番１３−２０−１８−６号,,2025,16873600,11622535,11622535,11622535,19,14780990,9085398,9085398,9085398,5,53233100,33649410,33649410,33649410,8,0,0,0,0,0,12160600,2243463,2243463,2243463,11,958600,463753,463753,463753,4,98006890,57064559,57064559,57064559,47,0,0,,,,永田北２丁目１２番１３号
鶴見区,0,70003807,協同組合連合会封入まみむめも内科クリニック,鶴見区下末吉５丁目１７番１４−１５−１４−１０号,,2025,3404400,2434626,2434626,2434626,4,26331100,12006568,12006568,12006568,13,23654500,15181631,15181631,15181631,11,0,0,0,0,0,0,0,0,0,0,0,0,0,0,0,53390000,29622825,29622825,29622825,28,0,0,,,,相沢３丁目８番１３−１７−１７−２号
鶴見区,0,70003815,協業組合画像󠄄電気店,鶴見区生麦１丁目８番６−１−１８−１９号,,2025,0,0,0,0,0,17101800,15102714,15102714,15102714,5,169549200,70011867,70011867,70011867,17,0,0,0,0,0,11414700,7606857,7606857,7606857,9,2255600,1751088,1751088,1751088,7,200321300,94472526,94472526,94472526,38,0,0,,,,反町３丁目１６番１１−１４−６−１３号
鶴見区,0,70003823,信用組合明細電気店,鶴見区上の宮１丁目２番１９−３−９−３号,,2025,11419700,8493171,8493171,8493171,9,18178678,11582746,11582746,11582746,10,6874000,1820711,1820711,1820711,3,0,0,0,0,0,14998300,3017097,3017097,3017097,8,1169400,988246,988246,988246,2,52640078,25901971,25901971,25901971,32,0,0,,,,箕輪町１丁目１１番３−６−７−１号
鶴見区,0,70003831,森林組合確報Ｌ＆Ｍ＆Ｎ生命保険,鶴見区東寺尾２丁目１番１０−２０−２−５号,,2025,4239900,3294911,3294911,3294911,3,2164900,1188077,1188077,1188077,5,13583100,1597437,1597437,1597437,4,0,0,0,0,0,21339400,4509980,4509980,4509980,23,0,0,0,0,0,41327300,10590405,10590405,10590405,35,0,0,,,,上の宮２丁目４番８−１０−２−１９号
鶴見区,0,70003840,蚕糸組合交渉経過スポーツショップ,鶴見区駒岡１丁目１番５−１０−１５−６号,,2025,3283600,3035264,3035264,3035264,2,3220000,1583916,1583916,1583916,2,43952600,35582638,35582638,35582638,4,0,0,0,0,0,17754200,6878772,6878772,6878772,15,5088000,1244449,1244449,1244449,15,73298400,48325039,48325039,48325039,38,0,0,,,,伊勢佐木町５丁目６番１２−２−７号
鶴見区,0,70003858,振興組合課対ＬＭＮ生命保険,鶴見区仲通３丁目９番,,2025,1586200,1056475,1056475,1056475,2,3247578,1411020,1411020,1411020,5,8428400,6307082,6307082,6307082,4,0,0,0,0,0,10644200,1697659,1697659,1697659,9,680800,604894,604894,604894,3,24587178,11077130,11077130,11077130,23,0,0,,,,新石川１丁目６番１９−３−４号
鶴見区,0,70003866,貸家組合二輪さしすせそ内科クリニック,鶴見区元宮１丁目２０番１０−１７−１３−９号,,2025,1370300,435751,435751,435751,1,0,0,0,0,0,151331700,38930197,38930197,38930197,14,0,0,0,0,0,10966600,6134858,6134858,6134858,12,237000,25632,25632,25632,2,163905600,45526438,45526438,45526438,29,0,0,,,,中川中央１丁目１６番
鶴見区,0,70003882,農業協同組合税目西部酪農農業,鶴見区生麦２丁目１３番１７−１３号,,2025,2514300,2142989,2142989,2142989,4,16843900,10500570,10500570,10500570,11,109375700,19206934,19206934,19206934,12,0,0,0,0,0,9333800,3721378,3721378,3721378,8,720600,156504,156504,156504,7,138788300,35728375,35728375,35728375,42,0,0,,,,富★町７番１７−１−２０−１６号
鶴見区,0,70003891,漁業協同組合分割西部酪農農業,鶴見区下末吉６丁目１１番１９−８−９−６号,,2025,0,0,0,0,0,31259390,18142664,18142664,18142664,14,0,0,0,0,0,0,0,0,0,0,8629900,677014,677014,677014,7,830800,721558,721558,721558,4,40720090,19541236,19541236,19541236,25,0,0,,,,六浦１丁目１７番９−１０−２号
鶴見区,0,70003912,船主相互保険組合備考󠄃の眼鏡,鶴見区扇島３番１０−３−１５−２０号,,2025,0,0,0,0,0,6458878,3575284,3575284,3575284,6,145455200,64078660,64078660,64078660,12,0,0,0,0,0,0,0,0,0,0,0,0,0,0,0,151914078,67653944,67653944,67653944,18,0,0,,,,相沢２丁目１番１６−２号
鶴見区,0,70003921,協会記載ラーメン,鶴見区駒岡２丁目１９番１７−１−３−９号,,2025,5481600,4348978,4348978,4348978,7,55539278,39528748,39528748,39528748,28,78872700,5208455,5208455,5208455,8,0,0,0,0,0,0,0,0,0,0,8750800,2044063,2044063,2044063,10,148644378,51130244,51130244,51130244,53,0,0,,,,別所中里台１２番１２−４−１１号
鶴見区,0,70003939,連合会行政農場,鶴見区下末吉５丁目６番１４−８−１２−１０号,,2025,0,0,0,0,0,0,0,0,0,0,129468300,10330744,10330744,10330744,13,0,0,0,0,0,1077900,572882,572882,572882,3,0,0,0,0,0,130546200,10903626,10903626,10903626,16,0,0,,,,長津田みなみ台１丁目２０番１７−１２−１８号
鶴見区,0,70003947,商工会履歴Ｌ＆Ｍ＆Ｎ生命保険,鶴見区豊岡町１３番１６−８−１０−３号,,2025,0,0,0,0,0,985458,388523,388523,388523,6,92382900,46720414,46720414,46720414,7,0,0,0,0,0,16997600,3152326,3152326,3152326,16,1720400,1001012,1001012,1001012,4,112086358,51262275,51262275,51262275,33,0,0,,,,日野７丁目１７番
鶴見区,0,70003955,医師会所得魚屋,鶴見区上末吉１丁目６番５−１６−１０−３号,,2025,5648300,1402119,1402119,1402119,4,8390000,6280078,6280078,6280078,4,85018600,29614281,29614281,29614281,12,0,0,0,0,0,7605400,2282916,2282916,2282916,8,2544600,1584032,1584032,1584032,7,109206900,41163426,41163426,41163426,35,0,0,,,,舞岡町１１番３−１７号
鶴見区,0,70003963,協力会閲覧のメガネ,鶴見区下野谷町１丁目１５番４−７−９−７号,,2025,22100200,10996171,10996171,10996171,17,12401278,1345157,1345157,1345157,6,11041100,9979342,9979342,9979342,2,0,0,0,0,0,4339000,3484815,3484815,3484815,4,6557700,6009343,6009343,6009343,3,56439278,31814828,31814828,31814828,32,0,0,,,,常盤台１５番１８−１５−１９−１０号
鶴見区,0,70003980,信用金庫年金レストラン,鶴見区寛政町１０番,,2025,2019300,1340601,1340601,1340601,3,6626800,3786425,3786425,3786425,3,0,0,0,0,0,0,0,0,0,0,22006200,4968120,4968120,4968120,17,1485000,1213290,1213290,1213290,3,32137300,11308436,11308436,11308436,26,0,0,,,,橋本町２丁目３番１３−１７号
鶴見区,0,70003998,労働金庫市民ＡＢＣ生命保険,鶴見区東寺尾６丁目７番９−１２−９−３号,,2025,15714500,6647184,6647184,6647184,14,9423390,1418495,1418495,1418495,11,36500000,28572300,28572300,28572300,2,0,0,0,0,0,2200000,441338,441338,441338,3,0,0,0,0,0,63837890,37079317,37079317,37079317,30,0,0,,,,西前町３丁目７番
鶴見区,0,70004005,中央金庫印鑑ＵＶＷ生命保険,鶴見区元宮２丁目１７番６−１８−１０−７号,,2025,5929800,5493472,5493472,5493472,8,19284000,11357106,11357106,11357106,12,377900,165868,165868,165868,1,0,0,0,0,0,0,0,0,0,0,507800,90619,90619,90619,1,26099500,17107065,17107065,17107065,22,0,0,,,,徳島県阿南市黒津地町栄田６番１８−８−５−１４号
鶴見区,0,70004013,商工会議所依頼Ｒ＆Ｓ＆Ｔ生命保険,鶴見区梶山２丁目１４番１７−３−１５−９号,,2025,996500,468514,468514,468514,2,29925400,20174690,20174690,20174690,8,0,0,0,0,0,0,0,0,0,0,8666600,5413763,5413763,5413763,7,712400,411362,411362,411362,3,40300900,26468329,26468329,26468329,20,0,0,,,,菊名７丁目７番１８−１８号
鶴見区,0,70004021,証券取引所分納商店,鶴見区矢向６丁目１２番８−６−６号,,2025,4351600,3963175,3963175,3963175,6,12848500,9159124,9159124,9159124,8,5343000,1246152,1246152,1246152,3,0,0,0,0,0,4463100,2142679,2142679,2142679,7,150000,66873,66873,66873,1,27156200,16578003,16578003,16578003,25,0,0,,,,大阪市此花区春日出中２丁目１０番５号
鶴見区,0,70004030,事業団一括やゆよ内科クリニック,鶴見区上の宮２丁目３番２０−７−１５−２号,,2025,4629100,4175529,4175529,4175529,4,11216280,9744599,9744599,9744599,6,78890700,4409792,4409792,4409792,12,0,0,0,0,0,9005000,3952489,3952489,3952489,7,10540700,8206743,8206743,8206743,15,114281780,30489152,30489152,30489152,44,0,0,,,,卸本町２０番１１号
鶴見区,0,70004048,企業団確報ＯＰＱ生命保険,鶴見区安善町２丁目３番６−４−９−１７号,,2025,0,0,0,0,0,10688178,7345407,7345407,7345407,7,184942700,89503799,89503799,89503799,23,0,0,0,0,0,1142800,447777,447777,447777,3,0,0,0,0,0,196773678,97296983,97296983,97296983,33,0,0,,,,扇町１丁目３番１６号
鶴見区,0,70004056,厚生年金基金基本まみむめも内科クリニック,鶴見区上末吉１丁目２０番３−７−１９−５号,,2025,21250000,7841864,7841864,7841864,14,2939000,1511424,1511424,1511424,1,0,0,0,0,0,0,0,0,0,0,3320000,2524040,2524040,2524040,3,999400,839496,839496,839496,1,28508400,12716824,12716824,12716824,19,0,0,,,,徳島県海部郡牟岐町大字牟岐浦字馬地１８番
鶴見区,0,70004064,郵便局催告ＤＥＦ生命保険,鶴見区本町通１丁目７番８−６−１５−１０号,,2025,7129900,5520018,5520018,5520018,7,14518100,12791628,12791628,12791628,8,14825700,9822281,9822281,9822281,5,0,0,0,0,0,9600300,480015,480015,480015,9,0,0,0,0,0,46074000,28613942,28613942,28613942,29,0,0,,,,日野南５丁目４番
鶴見区,0,70004072,公社警告やゆよ内科クリニック,鶴見区駒岡５丁目１４番７−１１−２０−３号,,2025,18805500,5446597,5446597,5446597,12,0,0,0,0,0,101858200,50320476,50320476,50320476,11,0,0,0,0,0,7604300,3198142,3198142,3198142,9,392000,340855,340855,340855,3,128660000,59306070,59306070,59306070,35,0,0,,,,新羽町１５番１２−２−１０号
鶴見区,0,70004081,カンパニー普徴ＤＥＦ生命保険,鶴見区鶴見１丁目３番１５−１１−１９−８号,,2025,8937500,2100497,2100497,2100497,11,0,0,0,0,0,123782400,77351074,77351074,77351074,9,0,0,0,0,0,9193700,4509083,4509083,4509083,6,666900,414329,414329,414329,5,142580500,84374983,84374983,84374983,31,0,0,,,,上永谷３丁目３番
鶴見区,0,70004099,リミテッド窓枠かきくけこ内科クリニック,鶴見区三ツ池公園１８番４−１２−１５−１０号,,2025,3790800,2772904,2772904,2772904,3,41996100,32777168,32777168,32777168,13,1450000,1158354,1158354,1158354,2,0,0,0,0,0,0,0,0,0,0,2784200,972386,972386,972386,7,50021100,37680812,37680812,37680812,25,0,0,,,,六浦東１丁目１８番１９−１７−１１号
鶴見区,0,70004102,コーポレーション公的Ｕ＆Ｖ＆Ｗ生命保険,鶴見区市場西中町１９番３−３−１０−１３号,,2025,0,0,0,0,0,2329600,1837450,1837450,1837450,3,0,0,0,0,0,0,0,0,0,0,11848600,6244518,6244518,6244518,10,6730400,5133236,5133236,5133236,4,20908600,13215204,13215204,13215204,17,0,0,,,,新中原町３番７−６−２号
鶴見区,0,70004111,インコーポレーション画像󠄄連携ＧＨＩ生命保険,鶴見区栄町通４丁目４番７−６−３−４号,,2025,8457500,6698590,6698590,6698590,9,39119590,13924736,13924736,13924736,23,37307600,20982854,20982854,20982854,6,0,0,0,0,0,0,0,0,0,0,1705700,232346,232346,232346,10,86590390,41838526,41838526,41838526,48,0,0,,,,初音ケ丘５番７号
鶴見区,0,70004129,警告ストア,鶴見区上の宮２丁目１５番７−１１−１２−１１号,,2025,5198000,4126661,4126661,4126661,3,13053700,8375252,8375252,8375252,5,300000,62378,62378,62378,1,0,0,0,0,0,9570000,3624662,3624662,3624662,7,1894400,332182,332182,332182,8,30016100,16521135,16521135,16521135,24,0,0,,,,翁町１丁目６番９−１４号
鶴見区,0,70004137,更新商店,鶴見区市場西中町６番１０−７−１９−１号,,2025,3681300,2870281,2870281,2870281,4,14197190,2082280,2082280,2082280,6,84320600,6143455,6143455,6143455,15,0,0,0,0,0,5597500,2787431,2787431,2787431,4,9449800,2072077,2072077,2072077,12,117246390,15955524,15955524,15955524,41,0,0,,,,六浦南２丁目１６番１４−１２−１−１０号
鶴見区,0,70004145,編集なにぬねの内科クリニック,鶴見区尻手２丁目１０番１４−１７−７−２０号,,2025,732700,657231,657231,657231,2,835000,393843,393843,393843,2,61549400,9373756,9373756,9373756,15,0,0,0,0,0,7249200,377653,377653,377653,8,5686800,2081074,2081074,2081074,15,76053100,12883557,12883557,12883557,42,0,0,,,,元大橋２丁目８番３−１５号
鶴見区,0,70004153,週次学園,鶴見区梶山１丁目１６番８−７−１４−１１号,,2025,12271000,8638520,8638520,8638520,9,312000,101243,101243,101243,1,0,0,0,0,0,0,0,0,0,0,15969700,813678,813678,813678,14,906000,713097,713097,713097,3,29458700,10266538,10266538,10266538,27,0,0,,,,高根町４丁目７番４−８−１３−１５号
鶴見区,0,70004161,国税連携学校,鶴見区潮田町１丁目１４番１５−７−７−２号,,2025,4364700,3005005,3005005,3005005,5,10520000,9261240,9261240,9261240,2,1696400,418457,418457,418457,1,0,0,0,0,0,8227000,3840490,3840490,3840490,7,8831400,2063100,2063100,2063100,12,33639500,18588292,18588292,18588292,27,0,0,,,,竹山３丁目３番
鶴見区,0,70004170,調査Ｕ＆Ｖ＆Ｗ生命保険,鶴見区豊岡町８番４−１７−１−５号,,2025,21931700,9868713,9868713,9868713,14,2657378,1833942,1833942,1833942,8,0,0,0,0,0,0,0,0,0,0,0,0,0,0,0,2125100,1401728,1401728,1401728,5,26714178,13104383,13104383,13104383,27,0,0,,,,笠間町１５番１３−１２号
鶴見区,0,70004188,物件電気店,鶴見区上末吉３丁目１６番１−９−４−１８号,,2025,5338500,4053138,4053138,4053138,4,11633400,2164210,2164210,2164210,6,62616100,38458787,38458787,38458787,5,0,0,0,0,0,6173200,3235142,3235142,3235142,6,2605200,490746,490746,490746,5,88366400,48402023,48402023,48402023,26,0,0,,,,庄戸２丁目２番１５−１３−１０−１８号
鶴見区,0,70004196,画像󠄄薬局,鶴見区上の宮２丁目６番２０−１８−１−７号,,2025,0,0,0,0,0,0,0,0,0,0,0,0,0,0,0,101740146,21365430,21365430,21365430,175,0,0,0,0,0,43015891,9033337,9033337,9033337,4979,144756037,30398767,30398767,30398767,5154,0,0,,,,長津田５丁目１３番１７号
鶴見区,0,70004200,都市の八百屋,鶴見区馬場３丁目１４番５−１５−３−１１号,,2025,19679000,9170247,9170247,9170247,17,0,0,0,0,0,20820400,14539777,14539777,14539777,10,0,0,0,0,0,13293000,7807102,7807102,7807102,7,0,0,0,0,0,53792400,31517126,31517126,31517126,34,0,0,,,,新山下３丁目２番１９号
鶴見区,0,70004218,番地生命保険,鶴見区東寺尾４丁目６番１７−１５−１０−１２号,,2025,21768100,7497131,7497131,7497131,24,26391400,17647430,17647430,17647430,13,44470800,8522891,8522891,8522891,4,0,0,0,0,0,7456000,4212515,4212515,4212515,6,1310000,1096690,1096690,1096690,3,101396300,38976657,38976657,38976657,50,0,0,,,,綱島台７番
鶴見区,0,70004226,控除はひふへほ内科クリニック,鶴見区上末吉３丁目１５番６−１７−２−９号,,2025,206000,191374,191374,191374,1,47482700,11463568,11463568,11463568,18,7916600,6688124,6688124,6688124,2,0,0,0,0,0,12079300,817919,817919,817919,12,917600,681977,681977,681977,3,68602200,19842962,19842962,19842962,36,0,0,,,,さつきが丘１番１１−５号
鶴見区,0,70004234,端末電気屋,鶴見区矢向５丁目７番１１号,,2025,18151000,8991918,8991918,8991918,14,13747490,9692924,9692924,9692924,11,21264600,14641409,14641409,14641409,7,0,0,0,0,0,500000,430000,430000,430000,1,7944800,1887308,1887308,1887308,7,61607890,35643559,35643559,35643559,40,0,0,,,,花之木町１丁目２番１５−１０号
鶴見区,0,70004242,減免の八百屋１号,鶴見区生麦４丁目２０番１−４−４−７号,4.44321E+12,2025,1066500,985485,985485,985485,3,9121000,5462339,5462339,5462339,7,56451600,12324580,12324580,12324580,11,0,0,0,0,0,16781000,854243,854243,854243,12,4130900,3297084,3297084,3297084,9,87551000,22923731,22923731,22923731,42,0,0,,,,長津田みなみ台７丁目５番２０−１２号
鶴見区,0,70004251,前住蕎麦屋,鶴見区東寺尾６丁目１６番３−１６−７−１１号,,2025,6009800,2874551,2874551,2874551,8,36329278,5790650,5790650,5790650,17,17419900,4342606,4342606,4342606,4,0,0,0,0,0,1749300,767806,767806,767806,1,1439400,560729,560729,560729,2,62947678,14336342,14336342,14336342,32,0,0,,,,東寺尾２丁目１８番６−１２−２−１９号
鶴見区,0,70004269,一二★四五六七八九十一二三四五六七八九十一二三四五六七八九十一二三四五六七八九十一二三四五六七八九十電気屋,鶴見区末広町１丁目１３番２０−１３−２０−１８号,,2025,18734000,14032307,14032307,14032307,15,0,0,0,0,0,11609200,8340970,8340970,8340970,2,0,0,0,0,0,4703200,1222010,1222010,1222010,5,4579600,1658909,1658909,1658909,11,39626000,25254196,25254196,25254196,33,0,0,,,,大川９番１７−１号
鶴見区,0,70004277,充当Ｏ＆Ｐ＆Ｑ生命保険,鶴見区駒岡１丁目４番１６号,,2025,0,0,0,0,0,11741078,2251209,2251209,2251209,9,51780800,18404906,18404906,18404906,6,0,0,0,0,0,11137500,2989388,2989388,2989388,14,1932700,1136458,1136458,1136458,5,76592078,24781961,24781961,24781961,34,0,0,,,,東山田４丁目１番４号
鶴見区,0,70004285,処理レンタカー,鶴見区鶴見中央２丁目１５番４号,,2025,4884700,3312733,3312733,3312733,6,3666178,2406535,2406535,2406535,4,0,0,0,0,0,0,0,0,0,0,8694800,1296620,1296620,1296620,8,260000,115914,115914,115914,1,17505678,7131802,7131802,7131802,19,0,0,,,,阿久和南４丁目２０番１０−９−８号
鶴見区,0,70004293,医療商店,鶴見区市場東中町１０番,,2025,0,0,0,0,0,6439300,5149786,5149786,5149786,3,115966600,58335329,58335329,58335329,11,0,0,0,0,0,0,0,0,0,0,13237400,7882786,7882786,7882786,13,135643300,71367901,71367901,71367901,27,0,0,,,,富岡西３丁目１６番５−１０号
鶴見区,0,70004315,所得ストア,鶴見区馬場２丁目１２番１４−１−９−１６号,,2025,24535500,10355923,10355923,10355923,16,0,0,0,0,0,15638100,6953704,6953704,6953704,4,0,0,0,0,0,2319900,1181567,1181567,1181567,4,2527400,1477905,1477905,1477905,5,45020900,19969099,19969099,19969099,29,0,0,,,,桂台東１５番５−１４−３号
鶴見区,0,70004331,結果電気店,鶴見区駒岡５丁目２０番,,2025,658500,524878,524878,524878,1,19360200,17583319,17583319,17583319,5,0,0,0,0,0,0,0,0,0,0,15106300,4908128,4908128,4908128,12,1277700,1087320,1087320,1087320,4,36402700,24103645,24103645,24103645,22,0,0,,,,仲町台４丁目１番１１−１２−１６−１５号
鶴見区,0,70004340,前期ラーメン,鶴見区矢向６丁目１２番１９−４−２０−１１号,,2025,3537100,2135332,2135332,2135332,2,0,0,0,0,0,485600,164932,164932,164932,1,0,0,0,0,0,5983200,2539962,2539962,2539962,5,11176100,5740448,5740448,5740448,13,21182000,10580674,10580674,10580674,21,0,0,,,,岡村２丁目１６番
鶴見区,0,70004358,総合Ｇ＆Ｈ＆Ｉ生命保険,鶴見区駒岡１丁目１３番１１−１−７−１６号,,2025,0,0,0,0,0,7659900,1524326,1524326,1524326,5,196483000,119744896,119744896,119744896,9,0,0,0,0,0,0,0,0,0,0,0,0,0,0,0,204142900,121269222,121269222,121269222,14,0,0,,,,白百合１丁目３番１８−１１号
鶴見区,0,70004366,二輪やゆよ内科クリニック,鶴見区向井町１丁目１５番,,2025,0,0,0,0,0,9300000,4649287,4649287,4649287,2,260000,30366,30366,30366,1,0,0,0,0,0,4680000,2054154,2054154,2054154,3,1756600,1071821,1071821,1071821,3,15996600,7805628,7805628,7805628,9,0,0,,,,茅ケ崎南４丁目１３番１２号
鶴見区,0,70004374,課税の八百屋,鶴見区東寺尾１丁目１３番,,2025,10000900,7659468,7659468,7659468,10,1164500,798373,798373,798373,4,26603200,17187849,17187849,17187849,5,0,0,0,0,0,15434700,952298,952298,952298,18,2702700,255148,255148,255148,9,55906000,26853136,26853136,26853136,46,0,0,,,,今宿２丁目１６番１２−２号
鶴見区,0,70004382,調定ＵＶＷ生命保険,鶴見区生麦５丁目１１番３−３−３−１６号,,2025,11911600,5359273,5359273,5359273,11,2148000,1377952,1377952,1377952,3,0,0,0,0,0,0,0,0,0,0,0,0,0,0,0,5838100,2054404,2054404,2054404,9,19897700,8791629,8791629,8791629,23,0,0,,,,西之谷町１３番６−１５−１５−１０号
鶴見区,0,70004391,番地Ｘ＆Ｙ＆Ｚ生命保険,鶴見区佃野町１１番１２−２−９−１９号,,2025,12793100,10410777,10410777,10410777,6,11854700,5653242,5653242,5653242,6,0,0,0,0,0,0,0,0,0,0,8890500,2197918,2197918,2197918,6,1695000,1402870,1402870,1402870,4,35233300,19664807,19664807,19664807,22,0,0,,,,北八朔町７番
鶴見区,0,70004404,不動産取得なにぬねの内科クリニック,鶴見区北寺尾２丁目７番１１−６−１３−９号,,2025,2130200,1165750,1165750,1165750,4,3192800,2771333,2771333,2771333,5,13312000,3311987,3311987,3311987,7,0,0,0,0,0,9193000,1337874,1337874,1337874,11,7825200,6737368,6737368,6737368,6,35653200,15324312,15324312,15324312,33,0,0,,,,宮沢１丁目１番１１号
鶴見区,0,70004412,物件番号ブックストア,鶴見区本町通３丁目５番１８−８−１１号,,2025,0,0,0,0,0,22232000,3010175,3010175,3010175,8,166590600,14287223,14287223,14287223,11,0,0,0,0,0,0,0,0,0,0,1953100,1681894,1681894,1681894,6,190775700,18979292,18979292,18979292,25,0,0,,,,桜木町４丁目１５番１３号
鶴見区,0,70004421,一般Ｄ＆Ｅ＆Ｆ生命保険,鶴見区佃野町３番７−１９−８−１０号,,2025,71491039,15013118,15013118,15013118,5257,77322073,16237635,16237635,16237635,37380,0,0,0,0,0,0,0,0,0,0,0,0,0,0,0,0,0,0,0,0,148813112,31250753,31250753,31250753,42637,0,0,,,,千葉県東金市八坂台５丁目１２番
鶴見区,0,70004439,交付生命保険,鶴見区本町通４丁目１６番１６−４−８−１０号,,2025,18974800,13246104,13246104,13246104,20,333300,164045,164045,164045,1,31760100,12393550,12393550,12393550,5,0,0,0,0,0,14796000,6766495,6766495,6766495,12,0,0,0,0,0,65864200,32570194,32570194,32570194,38,0,0,,,,南山田２丁目１７番１０号
鶴見区,0,70004447,税学園,鶴見区下野谷町１丁目７番１２−２０−２０−１９号,,2025,10865300,5685025,5685025,5685025,10,0,0,0,0,0,171368300,12829446,12829446,12829446,8,0,0,0,0,0,9025000,4119489,4119489,4119489,5,902800,540469,540469,540469,6,192161400,23174429,23174429,23174429,29,0,0,,,,霧が丘６丁目１８番
鶴見区,0,70004455,口座振替あいうえお内科クリニック,鶴見区向井町３丁目６番,,2025,7493800,4626513,4626513,4626513,4,0,0,0,0,0,70939700,37082030,37082030,37082030,14,0,0,0,0,0,15016100,6696042,6696042,6696042,13,0,0,0,0,0,93449600,48404585,48404585,48404585,31,0,0,,,,伊勢佐木町５丁目９番９−１５−８号
鶴見区,0,70004463,控除スーパー,鶴見区獅子ケ谷１丁目６番１３−３−１６−６号,,2025,3570100,2805060,2805060,2805060,4,0,0,0,0,0,20685600,3006732,3006732,3006732,6,0,0,0,0,0,6997700,5635198,5635198,5635198,6,3541700,580503,580503,580503,7,34795100,12027493,12027493,12027493,23,0,0,,,,栗木１丁目１５番２０−２０号
鶴見区,0,70004471,総括レンタカー,鶴見区向井町１丁目３番,,2025,4645900,4248924,4248924,4248924,4,0,0,0,0,0,11040800,4846048,4846048,4846048,4,0,0,0,0,0,10751200,904696,904696,904696,6,0,0,0,0,0,26437900,9999668,9999668,9999668,14,0,0,,,,新桜ケ丘１丁目２０番１８号
鶴見区,0,70004480,年特Ａ＆Ｂ＆Ｃ生命保険,鶴見区大黒ふ頭８番１５号,,2025,11888400,5101160,5101160,5101160,15,0,0,0,0,0,96058700,58147654,58147654,58147654,7,0,0,0,0,0,3228600,1339764,1339764,1339764,5,2619700,1610575,1610575,1610575,7,113795400,66199153,66199153,66199153,34,0,0,,,,日野中央１丁目９番１４−１２−２号
鶴見区,0,70004498,三輪ＯＰＱ生命保険,鶴見区菅沢町４番１４−１４−１１−３号,,2025,13224645,2777175,2777175,2777175,7366,14765184,3100688,3100688,3100688,21168,0,0,0,0,0,0,0,0,0,0,0,0,0,0,0,0,0,0,0,0,27989829,5877863,5877863,5877863,28534,0,0,,,,もみの木台１６番１５号
鶴見区,0,70004501,児童東部酪農農業,鶴見区東寺尾３丁目１５番１６−１１−１５−３号,,2025,12670300,10548465,10548465,10548465,10,0,0,0,0,0,0,0,0,0,0,0,0,0,0,0,8643600,5061935,5061935,5061935,7,2956800,218139,218139,218139,4,24270700,15828539,15828539,15828539,21,0,0,,,,北海道旭川市末広一条１丁目１６番
鶴見区,0,70004510,名寄家󠄂電,鶴見区栄町通４丁目３番１９−２０−１３−１３号,,2025,6078300,5495379,5495379,5495379,5,389190,266162,266162,266162,2,22822200,18303389,18303389,18303389,7,0,0,0,0,0,4864300,2049578,2049578,2049578,5,1852300,787046,787046,787046,6,36006290,26901554,26901554,26901554,25,0,0,,,,杉田９丁目１５番４−８−７号
鶴見区,0,70004536,有限会社週次Ａ＆Ｂ＆Ｃ生命保険,鶴見区栄町通３丁目１６番１−１１−１７−１２号,,2025,0,0,0,0,0,870500,778834,778834,778834,3,153342600,13603130,13603130,13603130,14,0,0,0,0,0,23814000,8169107,8169107,8169107,17,1337800,1168026,1168026,1168026,4,179364900,23719097,23719097,23719097,38,0,0,,,,権太坂３丁目６番３−５号
鶴見区,0,70004544,合名会社区珈琲,鶴見区生麦１丁目１５番８−１３号,,2025,6088500,4545290,4545290,4545290,7,0,0,0,0,0,66976900,3365524,3365524,3365524,11,0,0,0,0,0,0,0,0,0,0,1356100,865547,865547,865547,8,74421500,8776361,8776361,8776361,26,0,0,,,,沢渡１番９−１５−２０−１２号
鶴見区,0,70004552,合資会社縦横文房具店,鶴見区朝日町２丁目３番１８−９−１６−１号,,2025,13170000,3316104,3316104,3316104,9,19009680,3065192,3065192,3065192,23,0,0,0,0,0,0,0,0,0,0,0,0,0,0,0,1909600,1577096,1577096,1577096,4,34089280,7958392,7958392,7958392,36,0,0,,,,阿久和西４丁目６番１−１５号
鶴見区,0,70004561,合同会社領収年月日サイクル,鶴見区浜町２丁目９番４−１４−１１−１８号,,2025,0,0,0,0,0,15678700,9888896,9888896,9888896,10,32468500,21756518,21756518,21756518,8,0,0,0,0,0,6825400,3043635,3043635,3043635,6,18135700,9804630,9804630,9804630,32,73108300,44493679,44493679,44493679,56,0,0,,,,大阪府枚方市藤阪元町３丁目２番７−１０号
鶴見区,0,70004587,普徴北部酪農農業,鶴見区寺谷１丁目１７番１１−１０−７−１号,,2025,31278300,13690363,13690363,13690363,30,8234500,6001271,6001271,6001271,5,96938800,66294825,66294825,66294825,8,0,0,0,0,0,0,0,0,0,0,295000,253700,253700,253700,1,136746600,86240159,86240159,86240159,44,0,0,,,,中村町１丁目２０番
鶴見区,0,70004595,郵便番号Ｇ＆Ｈ＆Ｉ生命保険,鶴見区上末吉５丁目５番２０−１−１４−１０号,,2025,0,0,0,0,0,23966100,2843906,2843906,2843906,13,61015200,52800266,52800266,52800266,8,0,0,0,0,0,7185800,4410234,4410234,4410234,9,1332000,757483,757483,757483,4,93499100,60811889,60811889,60811889,34,0,0,,,,中田東３丁目１５番
鶴見区,0,70004609,全国Ｕ＆Ｖ＆Ｗ生命保険,鶴見区市場富士見町１７番,,2025,2642300,2087158,2087158,2087158,2,27226100,10364598,10364598,10364598,11,84913200,68930791,68930791,68930791,4,0,0,0,0,0,582800,488267,488267,488267,2,2102300,1769500,1769500,1769500,4,117466700,83640314,83640314,83640314,23,0,0,,,,末広町１丁目１７番１−１９−５−５号
鶴見区,0,70004617,賦課年度コンビニエンスストア,鶴見区上末吉１丁目８番６−２０−５−１９号,,2025,767500,666194,666194,666194,2,34115000,7382482,7382482,7382482,22,5146600,2702290,2702290,2702290,2,0,0,0,0,0,1593700,1228701,1228701,1228701,3,1552600,846341,846341,846341,7,43175400,12826008,12826008,12826008,36,0,0,,,,幸浦２丁目４番１−１１−１４号
鶴見区,0,70004625,特定目的会社領収年月日工務店,鶴見区東寺尾東台２０番８号,,2025,3587200,2573575,2573575,2573575,5,8299500,6548092,6548092,6548092,5,126024600,67506950,67506950,67506950,8,0,0,0,0,0,0,0,0,0,0,5742000,1361541,1361541,1361541,11,143653300,77990158,77990158,77990158,29,0,0,,,,相沢３丁目８番２号
鶴見区,0,70004633,一般社団法人軽自Ｒ＆Ｓ＆Ｔ生命保険,鶴見区鶴見中央５丁目２０番１３−１９−９−１５号,,2025,2074900,1362371,1362371,1362371,4,43736878,14950819,14950819,14950819,20,13769500,6784321,6784321,6784321,3,0,0,0,0,0,563200,395249,395249,395249,2,4255100,2299127,2299127,2299127,11,64399578,25791887,25791887,25791887,40,0,0,,,,本郷台４丁目１０番２−１６号
鶴見区,0,70004641,公益社団法人資格スポーツショップ,鶴見区市場富士見町５番２号,,2025,7647300,1931753,1931753,1931753,10,18818990,8785364,8785364,8785364,11,54627900,31158803,31158803,31158803,8,0,0,0,0,0,8799300,1978542,1978542,1978542,10,2036200,1006424,1006424,1006424,7,91929690,44860886,44860886,44860886,46,0,0,,,,元浜町２丁目３番１５−８号
鶴見区,0,70004650,一般財団法人権限コンビニエンスストア,鶴見区下野谷町２丁目１０番１８−４号,,2025,0,0,0,0,0,17055200,4440298,4440298,4440298,7,46805900,23442724,23442724,23442724,4,0,0,0,0,0,0,0,0,0,0,999400,839496,839496,839496,1,64860500,28722518,28722518,28722518,12,0,0,,,,菊名２丁目８番１８−１２−７号
鶴見区,0,70004668,公益財団法人府ＤＥＦ生命保険,鶴見区馬場５丁目１５番５号,,2025,9900100,2837942,2837942,2837942,9,10235000,5096588,5096588,5096588,3,949500,528169,528169,528169,2,0,0,0,0,0,0,0,0,0,0,7116000,2368711,2368711,2368711,20,28200600,10831410,10831410,10831410,34,0,0,,,,緑園４丁目１６番１８−１２−８号
鶴見区,0,70004676,社団法人専用Ｒ＆Ｓ＆Ｔ生命保険,鶴見区鶴見中央２丁目２番２０−１６−６−６号,,2025,9544000,6277475,6277475,6277475,10,33282300,22832451,22832451,22832451,7,181333100,94470421,94470421,94470421,10,0,0,0,0,0,6484000,3861913,3861913,3861913,7,9316100,5256615,5256615,5256615,6,239959500,132698875,132698875,132698875,40,0,0,,,,金沢町８番
鶴見区,0,70004684,財団法人郵便番号の眼鏡,鶴見区矢向４丁目１３番１２−２−８−１９号,,2025,0,0,0,0,0,28462190,5488993,5488993,5488993,16,78224500,46060484,46060484,46060484,5,0,0,0,0,0,3700000,2677663,2677663,2677663,3,4154700,613208,613208,613208,13,114541390,54840348,54840348,54840348,37,0,0,,,,早渕２丁目８番１３−６−２−１７号
鶴見区,0,70004692,宗教法人備考󠄃Ａ＆Ｂ＆Ｃ生命保険,鶴見区市場下町１８番１２−１１−２０−３号,,2025,11020100,5743959,5743959,5743959,10,0,0,0,0,0,36760000,28799800,28799800,28799800,3,0,0,0,0,0,10230900,8235749,8235749,8235749,7,0,0,0,0,0,58011000,42779508,42779508,42779508,20,0,0,,,,弁天通２丁目１９番６−１８−１２号
鶴見区,0,70004706,学校法人概調電気店,鶴見区馬場１丁目７番１２−１４−１７−１号,,2025,2173000,1486104,1486104,1486104,2,0,0,0,0,0,86483400,47833410,47833410,47833410,7,0,0,0,0,0,26289400,4487533,4487533,4487533,22,1466900,903450,903450,903450,3,116412700,54710497,54710497,54710497,34,0,0,,,,境之谷１４番８号
鶴見区,0,70004714,投資法人特徴レンタカー,鶴見区岸谷３丁目１０番１３−１−１２−１２号,,2025,18708000,9189357,9189357,9189357,12,3866200,2430882,2430882,2430882,4,20868800,1728809,1728809,1728809,8,0,0,0,0,0,0,0,0,0,0,8167000,5655139,5655139,5655139,6,51610000,19004187,19004187,19004187,30,0,0,,,,桂台東１番１１−１２−１８号
鶴見区,0,70004722,監査法人交渉経過Ｌ＆Ｍ＆Ｎ生命保険,鶴見区馬場７丁目１番１４−１５−１７−１２号,,2025,658500,611746,611746,611746,1,11662300,2155626,2155626,2155626,4,29446700,19797231,19797231,19797231,5,0,0,0,0,0,0,0,0,0,0,0,0,0,0,0,41767500,22564603,22564603,22564603,10,0,0,,,,森の台１４番
鶴見区,0,70004731,医療法人基盤レンタカー,鶴見区北寺尾６丁目１５番１６−２−６−２０号,,2025,1953900,1336262,1336262,1336262,2,8655500,2854249,2854249,2854249,8,42990900,34962468,34962468,34962468,4,0,0,0,0,0,12721600,774131,774131,774131,11,2181100,1468820,1468820,1468820,4,68503000,41395930,41395930,41395930,29,0,0,,,,庄戸１丁目２番１２−１４号
鶴見区,0,70004749,医療法人社団選挙ストア,鶴見区鶴見中央２丁目５番１０−８−１−１７号,,2025,7784500,6528295,6528295,6528295,6,2096600,607305,607305,607305,4,0,0,0,0,0,0,0,0,0,0,16144400,5559784,5559784,5559784,14,0,0,0,0,0,26025500,12695384,12695384,12695384,24,0,0,,,,法泉３丁目２番３−１号
鶴見区,0,70004757,弁護士法人併徴蕎麦屋,鶴見区末広町２丁目１３番１９号,,2025,0,0,0,0,0,13196000,4397408,4397408,4397408,11,41200400,19614057,19614057,19614057,7,0,0,0,0,0,9854900,4149908,4149908,4149908,7,3138400,2703406,2703406,2703406,4,67389700,30864779,30864779,30864779,29,0,0,,,,さつきが丘１３番
鶴見区,0,70004765,税理士法人納付の八百屋,鶴見区生麦４丁目１４番１１−１−１２−９号,,2025,4525100,3833077,3833077,3833077,6,45228100,27373960,27373960,27373960,14,78156800,9157243,9157243,9157243,4,0,0,0,0,0,1584000,1270995,1270995,1270995,2,0,0,0,0,0,129494000,41635275,41635275,41635275,26,0,0,,,,川辺町１番１２−１１−１号
鶴見区,0,70004773,司法書士法人郵便番号ＡＢＣ生命保険,鶴見区獅子ケ谷２丁目３番２０−５−１２−１２号,,2025,7485000,5888675,5888675,5888675,7,31101290,5453132,5453132,5453132,21,51411400,28812591,28812591,28812591,6,0,0,0,0,0,6464300,338869,338869,338869,5,1545500,999506,999506,999506,7,98007490,41492773,41492773,41492773,46,0,0,,,,桂台中４番１１号
鶴見区,0,70004781,行政書士法人保険やゆよ内科クリニック,鶴見区馬場３丁目１０番１３−７−５−５号,,2025,13488700,8490290,8490290,8490290,15,0,0,0,0,0,37354900,33446495,33446495,33446495,3,0,0,0,0,0,0,0,0,0,0,6306000,4870914,4870914,4870914,17,57149600,46807699,46807699,46807699,35,0,0,,,,原宿２丁目１７番１２−３−１３−７号
鶴見区,0,70004790,社会福祉法人備考󠄃欄たちつてと内科クリニック,鶴見区大東町２０番４−１８−１０−１４号,,2025,8667900,7913280,7913280,7913280,9,0,0,0,0,0,49917900,24062257,24062257,24062257,8,0,0,0,0,0,0,0,0,0,0,5688100,2617109,2617109,2617109,14,64273900,34592646,34592646,34592646,31,0,0,,,,本郷台５丁目１７番１８号
鶴見区,0,70004803,農事組合法人収入ラーメン屋,鶴見区大東町３番６−２−８−１５号,,2025,5832800,5371255,5371255,5371255,7,20542800,8405703,8405703,8405703,15,0,0,0,0,0,0,0,0,0,0,13676000,1020974,1020974,1020974,10,838600,572792,572792,572792,3,40890200,15370724,15370724,15370724,35,0,0,,,,★沢８丁目８番
鶴見区,0,70004811,独立行政法人汎用書店,鶴見区駒岡４丁目６番５−１７−１３−３号,,2025,0,0,0,0,0,18299590,13191507,13191507,13191507,12,75381200,16199385,16199385,16199385,7,0,0,0,0,0,1771700,523004,523004,523004,2,2066000,1064661,1064661,1064661,8,97518490,30978557,30978557,30978557,29,0,0,,,,六浦５丁目１９番１３−４−１−１３号
鶴見区,0,70004820,特許業務法人明細書文具,鶴見区江ケ崎町３番７−１２−８−４号,,2025,13668000,4201953,4201953,4201953,8,6273490,3317722,3317722,3317722,3,1388100,1149906,1149906,1149906,2,0,0,0,0,0,25303400,3607977,3607977,3607977,16,2123100,1310904,1310904,1310904,6,48756090,13588462,13588462,13588462,35,0,0,,,,下永谷５丁目３番１７号
鶴見区,0,70004838,更生保護法人返戻公示家󠄂電,鶴見区東寺尾中台２番１６−２−５−１２号,,2025,6480400,5876238,5876238,5876238,7,0,0,0,0,0,95927600,16239026,16239026,16239026,14,0,0,0,0,0,3673800,2333250,2333250,2333250,4,761900,413304,413304,413304,3,106843700,24861818,24861818,24861818,28,0,0,,,,堀ノ内町１丁目７番
鶴見区,0,70004846,国立大学法人混合レストラン,鶴見区矢向６丁目４番１４−６−１０−５号,,2025,7195500,2314876,2314876,2314876,9,300000,47278,47278,47278,1,0,0,0,0,0,0,0,0,0,0,13487100,8555798,8555798,8555798,10,1984400,1660956,1660956,1660956,3,22967000,12578908,12578908,12578908,23,0,0,,,,牛久保町３番７−１７−１３−１号
鶴見区,0,70004854,有限責任中間法人諸税なにぬねの内科クリニック,鶴見区馬場３丁目１９番１３−３−６−５号,,2025,5942000,3615831,3615831,3615831,3,0,0,0,0,0,13403800,6932979,6932979,6932979,4,0,0,0,0,0,6702500,5408052,5408052,5408052,4,168000,132826,132826,132826,2,26216300,16089688,16089688,16089688,13,0,0,,,,花咲町７丁目１３番
鶴見区,0,70004862,無限責任中間法人更新家󠄂電,鶴見区汐入町２丁目５番１１−１１−６−４号,,2025,5002700,3722143,3722143,3722143,7,18303678,2648905,2648905,2648905,12,49885400,41660842,41660842,41660842,4,0,0,0,0,0,2881000,369010,369010,369010,4,0,0,0,0,0,76072778,48400900,48400900,48400900,27,0,0,,,,横浜市中区弥生町５丁目１９番７−３号
鶴見区,0,70004871,特定非営利活動法人相当たちつてと内科クリニック,鶴見区安善町１丁目１９番１１−１５−１４−１７号,,2025,0,0,0,0,0,2939000,953708,953708,953708,1,42777800,21877539,21877539,21877539,2,0,0,0,0,0,9361200,2800472,2800472,2800472,8,8269900,1542130,1542130,1542130,20,63347900,27173849,27173849,27173849,31,0,0,,,,小野町１２番７−１６−９−４号
鶴見区,0,70004889,土地家屋調査士法人担当者学校,鶴見区三ツ池公園１９番２０−８−９−４号,,2025,1833500,546234,546234,546234,3,13295000,7208051,7208051,7208051,3,63472100,23930205,23930205,23930205,10,0,0,0,0,0,4898100,4147187,4147187,4147187,4,0,0,0,0,0,83498700,35831677,35831677,35831677,20,0,0,,,,岡村７丁目１９番１６号
鶴見区,0,70004897,社会保険労務士法人年特の本屋,鶴見区上末吉４丁目１７番１４−１０−１−５号,,2025,4668600,4210359,4210359,4210359,4,4479000,1135026,1135026,1135026,5,195299100,31917019,31917019,31917019,14,0,0,0,0,0,3870000,1698627,1698627,1698627,3,14300800,7285337,7285337,7285337,18,222617500,46246368,46246368,46246368,44,0,0,,,,東京都大島町元町字橋の沢１９番
鶴見区,0,70004901,組合税まみむめも内科クリニック,鶴見区市場下町１１番１６−１５−２０−５号,,2025,2263900,2030718,2030718,2030718,1,40399490,7557065,7557065,7557065,17,117393800,64018065,64018065,64018065,7,0,0,0,0,0,5134000,4075875,4075875,4075875,4,4308900,404221,404221,404221,10,169500090,78085944,78085944,78085944,39,0,0,,,,北寺尾６丁目１５番６−１４−６−１８号
鶴見区,0,70004919,企業組合公的年金西部酪農農業,鶴見区馬場４丁目５番１３−７−１７−９号,,2025,3648900,3389827,3389827,3389827,4,5346100,2871084,2871084,2871084,2,110261000,79703651,79703651,79703651,9,0,0,0,0,0,12348100,712581,712581,712581,14,4759700,2896801,2896801,2896801,11,136363800,89573944,89573944,89573944,40,0,0,,,,浦舟町１丁目３番１３号
鶴見区,0,70004927,労働組合職権Ａ＆Ｂ＆Ｃ生命保険,鶴見区浜町１丁目３番１４−６−１−１４号,,2025,0,0,0,0,0,36076290,15749840,15749840,15749840,17,0,0,0,0,0,0,0,0,0,0,2570000,1128029,1128029,1128029,2,0,0,0,0,0,38646290,16877869,16877869,16877869,19,0,0,,,,丸山台１丁目１３番
鶴見区,0,70004935,協同組合住民電気屋,鶴見区梶山１丁目５番６−４−１０−２号,,2025,0,0,0,0,0,117144694,24600385,24600385,24600385,41211,0,0,0,0,0,0,0,0,0,0,0,0,0,0,0,0,0,0,0,0,117144694,24600385,24600385,24600385,41211,0,0,,,,北山田４丁目５番１４−１４−３号
鶴見区,0,70004943,協同組合連合会充当文房具店,鶴見区鶴見中央２丁目６番１−１９−１８−１０号,,2025,19347700,10712437,10712437,10712437,17,1149500,657559,657559,657559,1,173942100,64650605,64650605,64650605,17,0,0,0,0,0,2100000,1640100,1640100,1640100,1,6036200,4357806,4357806,4357806,16,202575500,82018507,82018507,82018507,52,0,0,,,,奈良２丁目５番５−５号
鶴見区,0,70004951,協業組合調定ＧＨＩ生命保険,鶴見区獅子ケ谷２丁目４番２０−１−５−１７号,,2025,21906100,7112154,7112154,7112154,22,4750000,1807986,1807986,1807986,2,60224200,12383543,12383543,12383543,7,0,0,0,0,0,1979200,1517477,1517477,1517477,2,220000,197340,197340,197340,1,89079500,23018500,23018500,23018500,34,0,0,,,,長津田みなみ台１丁目１番１３号
鶴見区,0,70004960,信用組合不動産ケーブルテレビ,鶴見区下末吉２丁目１４番１５−１４−１３−１１号,,2025,13201600,11281723,11281723,11281723,15,33058590,9174433,9174433,9174433,19,0,0,0,0,0,0,0,0,0,0,6891600,3283186,3283186,3283186,4,3499500,1071799,1071799,1071799,11,56651290,24811141,24811141,24811141,49,0,0,,,,下川井町６番１３号
鶴見区,0,70004978,森林組合外字スイミングスクール,鶴見区矢向２丁目１４番１０−１３−７−１号,,2025,4014600,2637554,2637554,2637554,5,1149500,447797,447797,447797,1,131909600,65483512,65483512,65483512,11,0,0,0,0,0,9999400,7023604,7023604,7023604,10,4123500,289916,289916,289916,12,151196600,75882383,75882383,75882383,39,0,0,,,,長者町３丁目１２番１９号
鶴見区,0,70004986,蚕糸組合総括なにぬねの内科クリニック,鶴見区馬場５丁目１７番,,2025,3087300,2220665,2220665,2220665,2,0,0,0,0,0,12988900,10107430,10107430,10107430,3,0,0,0,0,0,2479900,1971974,1971974,1971974,3,0,0,0,0,0,18556100,14300069,14300069,14300069,8,0,0,,,,宿町４丁目１４番
鶴見区,0,70004994,振興組合一輪Ｇ＆Ｈ＆Ｉ生命保険,鶴見区鶴見中央３丁目９番１７−８−７−１２号,,2025,8621000,2751379,2751379,2751379,13,11221700,7692483,7692483,7692483,6,68433400,31192469,31192469,31192469,9,0,0,0,0,0,7596400,2866168,2866168,2866168,8,0,0,0,0,0,95872500,44502499,44502499,44502499,36,0,0,,,,★沢８丁目１０番１１−１９号
鶴見区,0,70005001,貸家組合確報ラーメン屋,鶴見区元宮２丁目１０番６−１９−１５−４号,,2025,4285300,3375422,3375422,3375422,5,10420400,5287889,5287889,5287889,7,182261100,11675189,11675189,11675189,20,0,0,0,0,0,104900,69024,69024,69024,1,570600,399619,399619,399619,2,197642300,20807143,20807143,20807143,35,0,0,,,,東京都板橋区前野町４丁目５番７−１９号
鶴見区,0,70005010,健康保険組合諸税ＯＰＱ生命保険,鶴見区汐入町３丁目２０番１１−１６−１２−７号,,2025,20035000,8111010,8111010,8111010,21,0,0,0,0,0,17867300,10375385,10375385,10375385,8,0,0,0,0,0,10213600,7225347,7225347,7225347,9,15483500,4857439,4857439,4857439,18,63599400,30569181,30569181,30569181,56,0,0,,,,中屋敷２丁目１４番
鶴見区,0,70005028,農業協同組合更新ＯＰＱ生命保険,鶴見区生麦４丁目１１番１１−２０号,,2025,2057800,1568837,1568837,1568837,2,0,0,0,0,0,19381200,3591502,3591502,3591502,6,0,0,0,0,0,11708000,9354530,9354530,9354530,10,6340300,587659,587659,587659,15,39487300,15102528,15102528,15102528,33,0,0,,,,戸部町６丁目１３番１２−１９−１６号
鶴見区,0,70005036,漁業協同組合普徴八百屋,鶴見区駒岡１丁目１６番１４号,,2025,9560200,7911560,7911560,7911560,6,20317500,13439469,13439469,13439469,6,68412500,3838757,3838757,3838757,9,0,0,0,0,0,0,0,0,0,0,7290200,5371277,5371277,5371277,3,105580400,30561063,30561063,30561063,24,0,0,,,,北海道標津郡中標津町丸山１丁目１６番１２−４−１０−８号
鶴見区,0,70005044,生活協同組合名寄魚屋,鶴見区向井町１丁目１５番１５−１８−１９−１６号,,2025,868100,255014,255014,255014,3,16254700,11190179,11190179,11190179,13,43239300,23142666,23142666,23142666,6,0,0,0,0,0,10604900,2732322,2732322,2732322,16,1539700,1038971,1038971,1038971,6,72506700,38359152,38359152,38359152,44,0,0,,,,西戸部町１丁目１５番４−１８−２０号
鶴見区,0,70005052,船主相互保険組合還付かきくけこ内科クリニック,鶴見区尻手２丁目２番２０−１８−１５−５号,,2025,8150200,6337068,6337068,6337068,7,16539600,2558255,2558255,2558255,11,85453000,21733868,21733868,21733868,8,0,0,0,0,0,12087600,5382212,5382212,5382212,12,507000,427220,427220,427220,2,122737400,36438623,36438623,36438623,40,0,0,,,,白山２丁目１７番４−１２−１４号
鶴見区,0,70005061,協会率ＡＢＣ生命保険,鶴見区下末吉１丁目３番１７−１３−１８号,,2025,2350800,2183893,2183893,2183893,1,32963100,16515086,16515086,16515086,16,19581800,10818073,10818073,10818073,6,0,0,0,0,0,0,0,0,0,0,0,0,0,0,0,54895700,29517052,29517052,29517052,23,0,0,,,,新治町３番４号
鶴見区,0,70005079,連合会速報らりるれろ内科クリニック,鶴見区下野谷町３丁目８番５号,,2025,7185200,5752349,5752349,5752349,7,5439200,3634160,3634160,3634160,7,146574400,55458103,55458103,55458103,7,0,0,0,0,0,17904800,895240,895240,895240,11,0,0,0,0,0,177103600,65739852,65739852,65739852,32,0,0,,,,阿久和南２丁目１番
鶴見区,0,70005087,商工会学生Ｇ＆Ｈ＆Ｉ生命保険,鶴見区下末吉１丁目１番１７−９−６−１２号,,2025,3719200,1145883,1145883,1145883,4,30788278,21798551,21798551,21798551,10,0,0,0,0,0,0,0,0,0,0,15866900,947050,947050,947050,15,2690000,964954,964954,964954,3,53064378,24856438,24856438,24856438,32,0,0,,,,金が谷１丁目１０番２−１４号
鶴見区,0,70005095,医師会特例書店,鶴見区下野谷町２丁目１２番１５−１９−１９−１３号,,2025,11837200,10611056,10611056,10611056,11,8072500,6012723,6012723,6012723,8,38016400,30983366,30983366,30983366,1,0,0,0,0,0,13584900,2143897,2143897,2143897,12,0,0,0,0,0,71511000,49751042,49751042,49751042,32,0,0,,,,港南台１丁目４番１０号
鶴見区,0,70005109,協力会納付Ｕ＆Ｖ＆Ｗ生命保険,鶴見区北寺尾３丁目１３番１４−１７−２０−１０号,,2025,5686200,3566421,3566421,3566421,2,14066978,5422672,5422672,5422672,13,71636500,4219331,4219331,4219331,7,0,0,0,0,0,0,0,0,0,0,0,0,0,0,0,91389678,13208424,13208424,13208424,22,0,0,,,,丸山台１丁目１２番
鶴見区,0,70005117,共済会収滞納損害保険,鶴見区北寺尾４丁目７番１５−９−３−１１号,,2025,3424800,2439203,2439203,2439203,1,35879968,18920268,18920268,18920268,16,0,0,0,0,0,0,0,0,0,0,0,0,0,0,0,8190700,7356835,7356835,7356835,5,47495468,28716306,28716306,28716306,22,0,0,,,,東京都府中市西原町２丁目１１番
鶴見区,0,70005125,信用金庫職権ＡＢＣ生命保険,鶴見区市場東中町１５番５−３−１７−１１号,,2025,0,0,0,0,0,4411590,2893549,2893549,2893549,12,3652800,1478229,1478229,1478229,4,0,0,0,0,0,9586200,3785392,3785392,3785392,11,5581200,553424,553424,553424,12,23231790,8710594,8710594,8710594,39,0,0,,,,高山１３番
鶴見区,0,70005133,労働金庫併徴Ｘ＆Ｙ＆Ｚ生命保険,鶴見区矢向１丁目１番１２−１１−５−１４号,,2025,2013500,1563043,1563043,1563043,2,22898180,5175909,5175909,5175909,15,90667000,60772390,60772390,60772390,4,0,0,0,0,0,7480000,4419621,4419621,4419621,7,1316000,1072540,1072540,1072540,1,124374680,73003503,73003503,73003503,29,0,0,,,,釜利谷南２丁目７番
鶴見区,0,70005141,中央金庫封入封緘はひふへほ内科クリニック,鶴見区栄町通３丁目５番１９−１１−２−２号,,2025,3753500,2900718,2900718,2900718,3,0,0,0,0,0,92433900,57875705,57875705,57875705,6,0,0,0,0,0,8935100,446755,446755,446755,11,0,0,0,0,0,105122500,61223178,61223178,61223178,20,0,0,,,,菊名３丁目１３番
鶴見区,0,70005168,証券取引所権限らりるれろ内科クリニック,鶴見区駒岡２丁目８番２−１１−３−７号,,2025,5761100,4920531,4920531,4920531,6,27107590,3012795,3012795,3012795,12,38767800,25917461,25917461,25917461,5,0,0,0,0,0,0,0,0,0,0,506400,316208,316208,316208,4,72142890,34166995,34166995,34166995,27,0,0,,,,笠間５丁目８番
鶴見区,0,70005176,事業団番号旅館,鶴見区北寺尾１丁目１５番５−２０−１４−１７号,,2025,3745000,3479104,3479104,3479104,3,1155000,1036035,1036035,1036035,1,387176900,156186714,156186714,156186714,25,0,0,0,0,0,3475000,2029368,2029368,2029368,3,1674600,919280,919280,919280,3,397226500,163650501,163650501,163650501,35,0,0,,,,平戸１丁目６番２−１７−１９号
鶴見区,0,70005184,企業団後期八百屋,鶴見区尻手２丁目１９番６−６−６−７号,,2025,2600800,1730688,1730688,1730688,4,24442290,13306279,13306279,13306279,15,680000,524200,524200,524200,2,0,0,0,0,0,9004900,2846458,2846458,2846458,6,930000,531997,531997,531997,1,37657990,18939622,18939622,18939622,28,0,0,,,,六浦５丁目２０番１９−８−２０−１０号
鶴見区,0,70005192,厚生年金基金通知ストア,鶴見区本町通４丁目４番１９−２０−１５−１６号,,2025,23402400,12420044,12420044,12420044,26,18061500,11355718,11355718,11355718,11,92980500,43209219,43209219,43209219,12,0,0,0,0,0,0,0,0,0,0,705000,251185,251185,251185,2,135149400,67236166,67236166,67236166,51,0,0,,,,釜利谷西４丁目１７番
鶴見区,0,70005206,郵便局連絡ＤＥＦ生命保険,鶴見区矢向５丁目１０番７−９−１９−５号,,2025,12599400,3230724,3230724,3230724,13,10421190,2057729,2057729,2057729,11,0,0,0,0,0,0,0,0,0,0,7643300,4347891,4347891,4347891,7,55000,18680,18680,18680,1,30718890,9655024,9655024,9655024,32,0,0,,,,弘明寺町５番
鶴見区,0,70005214,公社戸籍Ａ＆Ｂ＆Ｃ生命保険,鶴見区向井町４丁目１５番１４号,,2025,8600100,5493838,5493838,5493838,11,0,0,0,0,0,8412100,3687232,3687232,3687232,5,0,0,0,0,0,6942100,5455670,5455670,5455670,6,2972000,1656218,1656218,1656218,5,26926300,16292958,16292958,16292958,27,0,0,,,,高田西４丁目２番
鶴見区,0,70005222,カンパニー郵便局八百屋,鶴見区東寺尾４丁目１１番２−１２−８−１７号,,2025,3294700,3060775,3060775,3060775,2,0,0,0,0,0,68781200,33988311,33988311,33988311,5,0,0,0,0,0,0,0,0,0,0,8230300,4405023,4405023,4405023,20,80306200,41454109,41454109,41454109,27,0,0,,,,北新７番
鶴見区,0,70005231,リミテッド認証Ｕ＆Ｖ＆Ｗ生命保険,鶴見区岸谷１丁目４番,,2025,7422500,6315813,6315813,6315813,7,0,0,0,0,0,187731300,33235551,33235551,33235551,22,0,0,0,0,0,0,0,0,0,0,673800,583425,583425,583425,4,195827600,40134789,40134789,40134789,33,0,0,,,,釜台町１４番１２−１−４号
鶴見区,0,70005249,コーポレーション国税連携電気店,鶴見区汐入町１丁目１２番１０−４−２−３号,,2025,1520000,1211564,1211564,1211564,1,29800,1490,1490,1490,1,230465800,13560703,13560703,13560703,15,0,0,0,0,0,4752100,4003602,4003602,4003602,3,1094000,987082,987082,987082,3,237861700,19764441,19764441,19764441,23,0,0,,,,綱島台１７番
鶴見区,0,70005257,インコーポレーション電気ＬＭＮ生命保険,鶴見区北寺尾１丁目６番９−１４−２０号,,2025,3075200,2304109,2304109,2304109,4,4304390,594454,594454,594454,7,0,0,0,0,0,0,0,0,0,0,6590000,5257690,5257690,5257690,5,6735400,6153157,6153157,6153157,4,20704990,14309410,14309410,14309410,20,0,0,,,,綱島東６丁目１番
鶴見区,0,70005265,記録生命保険,鶴見区東寺尾中台２０番１６−１２−６−２号,,2025,1694900,1310373,1310373,1310373,2,1479000,816466,816466,816466,3,270845100,18864322,18864322,18864322,22,0,0,0,0,0,9957500,4855767,4855767,4855767,8,3928500,2316938,2316938,2316938,8,287905000,28163866,28163866,28163866,43,0,0,,,,寺谷１丁目４番１５−１０−３−１４号
鶴見区,0,70005281,過年度更正レストラン,鶴見区北寺尾７丁目５番４−７−１−６号,,2025,0,0,0,0,0,6210968,5182291,5182291,5182291,7,0,0,0,0,0,0,0,0,0,0,9275800,4719997,4719997,4719997,8,969800,626245,626245,626245,2,16456568,10528533,10528533,10528533,17,0,0,,,,赤門町２丁目９番１６−８−１７−６号
鶴見区,0,70005290,免税まみむめも内科クリニック,鶴見区市場西中町８番２−９−１３−７号,,2025,15180900,4442862,4442862,4442862,11,16405800,13938452,13938452,13938452,6,756100,418217,418217,418217,2,0,0,0,0,0,5224900,3475983,3475983,3475983,4,398800,337625,337625,337625,3,37966500,22613139,22613139,22613139,26,0,0,,,,北山田７丁目５番９−１６−１６−２０号
鶴見区,0,70005311,免税点未満Ｉ＆Ｊ＆Ｋ生命保険,鶴見区下末吉６丁目１番５−３−１６号,,2025,718900,667858,667858,667858,1,0,0,0,0,0,1696400,1324888,1324888,1324888,1,0,0,0,0,0,4453300,3436846,3436846,3436846,5,2184400,1314646,1314646,1314646,7,9053000,6744238,6744238,6744238,14,0,0,,,,西八朔町１６番４−１２号
鶴見区,0,70005320,都市の八百屋,鶴見区市場東中町２０番１０号,,2025,0,0,0,0,0,2207990,1574300,1574300,1574300,3,97003000,49392904,49392904,49392904,7,0,0,0,0,0,16086900,6452242,6452242,6452242,13,0,0,0,0,0,115297890,57419446,57419446,57419446,23,0,0,,,,五★目町９番８−８号
鶴見区,0,70005338,地下損害保険,鶴見区北寺尾５丁目１２番８−２０−７−７号,,2025,0,0,0,0,0,0,0,0,0,0,0,0,0,0,0,48921023,10273414,10273414,10273414,896,0,0,0,0,0,58806186,12349299,12349299,12349299,4857,107727209,22622713,22622713,22622713,5753,0,0,,,,長津田２丁目１１番３−７−７−９号
鶴見区,0,70005346,後期学園,鶴見区市場富士見町１６番２−９−８−１５号,,2025,3967000,3670033,3670033,3670033,3,11377990,2214241,2214241,2214241,12,35744200,6031562,6031562,6031562,5,0,0,0,0,0,0,0,0,0,0,1108600,978392,978392,978392,3,52197790,12894228,12894228,12894228,23,0,0,,,,中田北３丁目３番１３−８号
鶴見区,0,70005354,役職Ｉ＆Ｊ＆Ｋ生命保険,鶴見区鶴見中央３丁目４番５−５−１７−６号,,2025,12089100,2855373,2855373,2855373,12,44069000,29021862,29021862,29021862,23,101915700,64918083,64918083,64918083,10,0,0,0,0,0,0,0,0,0,0,0,0,0,0,0,158073800,96795318,96795318,96795318,45,0,0,,,,荏子田３丁目３番
鶴見区,0,70005362,記録ＸＹＺ生命保険,鶴見区向井町１丁目５番１６−２０−１０−１９号,,2025,20999100,17041575,17041575,17041575,15,5000,4485,4485,4485,1,221133600,49973315,49973315,49973315,12,0,0,0,0,0,5118700,2579717,2579717,2579717,7,156000,136500,136500,136500,1,247412400,69735592,69735592,69735592,36,0,0,,,,港南６丁目１４番１７号
鶴見区,0,70005371,滅失証明Ｌ＆Ｍ＆Ｎ生命保険,鶴見区馬場２丁目１６番８−１７−１０−１８号,,2025,7503900,5820202,5820202,5820202,7,13463500,7134318,7134318,7134318,5,105132600,9460774,9460774,9460774,13,0,0,0,0,0,3715000,1020482,1020482,1020482,2,18474900,8079230,8079230,8079230,18,148289900,31515006,31515006,31515006,45,0,0,,,,榎が丘１５番
鶴見区,0,70005389,役職ケーブルテレビ,鶴見区安善町１丁目１番,,2025,0,0,0,0,0,80544409,16914325,16914325,16914325,96335,0,0,0,0,0,0,0,0,0,0,0,0,0,0,0,0,0,0,0,0,80544409,16914325,16914325,16914325,96335,0,0,,,,寺山町１０番１１−１６−１９−８号
鶴見区,0,70005397,一二三四五六七八九十一二三四五六七八九十一二三四五六七八九十一二三四五六七八九十一二三四五六七八九十損害保険,鶴見区矢向３丁目６番９−１０号,,2025,2081000,977226,977226,977226,3,5178,4126,4126,4126,1,3485600,2698459,2698459,2698459,2,0,0,0,0,0,4508600,3725683,3725683,3725683,4,0,0,0,0,0,10080378,7405494,7405494,7405494,10,0,0,,,,綱島西４丁目１８番６−７−５−２号
鶴見区,0,70005401,賦課期日あいうえお内科クリニック,鶴見区上末吉２丁目１１番１８−１８−１０−５号,,2025,1370300,1273008,1273008,1273008,1,7720000,5218139,5218139,5218139,3,19451200,1630332,1630332,1630332,6,0,0,0,0,0,0,0,0,0,0,10876600,2869011,2869011,2869011,13,39418100,10990490,10990490,10990490,23,0,0,,,,上飯田町５番
鶴見区,0,70005419,所在地スイミングスクール,鶴見区向井町２丁目１９番５−２−９−１６号,,2025,2694100,1689066,1689066,1689066,3,0,0,0,0,0,146916600,33585593,33585593,33585593,10,0,0,0,0,0,13645900,3673395,3673395,3673395,15,6884500,4284819,4284819,4284819,16,170141100,43232873,43232873,43232873,44,0,0,,,,北山田３丁目１２番
鶴見区,0,70005427,年次銀行,鶴見区尻手３丁目８番３−１９−２−６号,,2025,0,0,0,0,0,8422790,6180073,6180073,6180073,7,190782900,57108878,57108878,57108878,29,0,0,0,0,0,8104900,4900903,4900903,4900903,8,2392000,1262102,1262102,1262102,5,209702590,69451956,69451956,69451956,49,0,0,,,,徳島県那■賀郡那■賀町木頭助字タレ井１５番８号
鶴見区,0,70005435,副本登録ラーメン屋,鶴見区市場西中町１１番１１−１−４−２０号,,2025,14487600,5544836,5544836,5544836,17,26707200,4655990,4655990,4655990,9,51966500,41966536,41966536,41966536,4,0,0,0,0,0,3957500,1884678,1884678,1884678,4,7990200,4867588,4867588,4867588,16,105109000,58919628,58919628,58919628,50,0,0,,,,若葉町２丁目１８番１３−１０号
鶴見区,0,70005443,年特電気店,鶴見区下末吉３丁目１８番３−２−１０−８号,,2025,22445600,6806838,6806838,6806838,12,9177778,6494073,6494073,6494073,13,0,0,0,0,0,0,0,0,0,0,16364600,11143984,11143984,11143984,11,15146300,10189732,10189732,10189732,20,63134278,34634627,34634627,34634627,56,0,0,,,,高舟台１丁目１７番
鶴見区,0,70005451,通知レストラン,鶴見区三ツ池公園１番６−１０−１−２０号,,2025,4725700,2826406,2826406,2826406,2,0,0,0,0,0,108407900,5467153,5467153,5467153,12,0,0,0,0,0,5841500,3345813,3345813,3345813,6,8742200,7519002,7519002,7519002,8,127717300,19158374,19158374,19158374,28,0,0,,,,新桜ケ丘１丁目２０番
鶴見区,0,70005460,不動産取得ＯＰＱ生命保険,鶴見区市場上町１３番１０−４−９−１７号,,2025,2331300,2112936,2112936,2112936,3,3533400,2327828,2327828,2327828,8,183821900,104852737,104852737,104852737,17,0,0,0,0,0,16138800,1896975,1896975,1896975,14,0,0,0,0,0,205825400,111190476,111190476,111190476,42,0,0,,,,北海道芦󠄂■別市北六条西４丁目１２番５−１４号
鶴見区,0,70005478,株式会社週次ドラッグストア,鶴見区扇島１３番１０−１４−１８−１４号,,2025,10323900,2681587,2681587,2681587,9,19116190,10776393,10776393,10776393,11,129396300,63714315,63714315,63714315,9,0,0,0,0,0,6181400,2755397,2755397,2755397,6,0,0,0,0,0,165017790,79927692,79927692,79927692,35,0,0,,,,宮沢３丁目１６番
鶴見区,0,70005486,有限会社分納かきくけこ内科クリニック,鶴見区矢向１丁目４番１３−６−７−２０号,,2025,0,0,0,0,0,30953390,17547485,17547485,17547485,15,125031000,70675729,70675729,70675729,14,0,0,0,0,0,10891900,4135820,4135820,4135820,10,2553000,2242402,2242402,2242402,7,169429290,94601436,94601436,94601436,46,0,0,,,,若草台４番１１号
鶴見区,0,70005494,合名会社混合ＧＨＩ生命保険,鶴見区浜町２丁目１２番４−１−５−１０号,,2025,15941600,4427027,4427027,4427027,11,0,0,0,0,0,0,0,0,0,0,0,0,0,0,0,333300,243975,243975,243975,1,10495000,6815965,6815965,6815965,9,26769900,11486967,11486967,11486967,21,0,0,,,,和泉中央南２丁目４番４号
鶴見区,0,70005508,合資会社申告あいうえお内科クリニック,鶴見区下末吉４丁目１７番１１−１−７−１６号,,2025,9710600,8476318,8476318,8476318,10,0,0,0,0,0,45343400,6937952,6937952,6937952,6,0,0,0,0,0,10652500,5257776,5257776,5257776,8,161900,92613,92613,92613,1,65868400,20764659,20764659,20764659,25,0,0,,,,上星川３丁目１２番１１号
鶴見区,0,70005516,合同会社月次ラーメン屋,鶴見区東寺尾東台１６番１６−１５−４−１９号,,2025,9245700,5490431,5490431,5490431,9,28234378,19942064,19942064,19942064,14,43585500,4141613,4141613,4141613,11,0,0,0,0,0,4235000,1693673,1693673,1693673,3,1387700,1214237,1214237,1214237,1,86688278,32482018,32482018,32482018,38,0,0,,,,上大岡西３丁目１５番１８号
鶴見区,0,70005524,相互会社農地電気店,鶴見区佃野町１５番１６−７−１０−３号,,2025,4776300,3560543,3560543,3560543,4,10662700,7454461,7454461,7454461,8,69491500,38520003,38520003,38520003,10,0,0,0,0,0,0,0,0,0,0,1331100,649581,649581,649581,7,86261600,50184588,50184588,50184588,29,0,0,,,,深谷町１５番１８号
鶴見区,0,70005532,奥行工務店,鶴見区元宮２丁目１番１２−２０−２−１５号,,2025,6780800,6137128,6137128,6137128,9,0,0,0,0,0,112799500,29688247,29688247,29688247,17,0,0,0,0,0,3093800,2416257,2416257,2416257,4,121500,106312,106312,106312,1,122795600,38347944,38347944,38347944,31,0,0,,,,中屋敷３丁目１９番１５−１５−９号
鶴見区,0,70005559,非合併電気店,鶴見区東寺尾東台１１番９−７−１５−１号,,2025,10991700,8482273,8482273,8482273,10,10786878,2355464,2355464,2355464,14,430000,221133,221133,221133,1,0,0,0,0,0,0,0,0,0,0,253000,217580,217580,217580,1,22461578,11276450,11276450,11276450,26,0,0,,,,鶴見中央４丁目１番
鶴見区,0,70005567,住宅電気,鶴見区市場東中町１４番１０−１９−１１−１７号,,2025,1983400,1761310,1761310,1761310,4,0,0,0,0,0,14882500,12653619,12653619,12653619,4,0,0,0,0,0,9074400,702281,702281,702281,12,11131600,4182852,4182852,4182852,12,37071900,19300062,19300062,19300062,32,0,0,,,,北海道旭川市末広東一条１２丁目３番１７−１４号
鶴見区,0,70005575,特定目的会社外字ＲＳＴ生命保険,鶴見区生麦１丁目６番１０−８−５−１号,,2025,11266000,3211811,3211811,3211811,6,22425400,2848885,2848885,2848885,9,46399500,36116887,36116887,36116887,4,0,0,0,0,0,4434800,221740,221740,221740,4,3276400,1692518,1692518,1692518,9,87802100,44091841,44091841,44091841,32,0,0,,,,本郷４丁目１０番１９−１６号
鶴見区,0,70005583,一般社団法人会計年度サイクル,鶴見区東寺尾４丁目３番７−１５−５−２号,,2025,11291900,4337045,4337045,4337045,13,10941756,5884841,5884841,5884841,10,0,0,0,0,0,0,0,0,0,0,2328200,1886106,1886106,1886106,4,0,0,0,0,0,24561856,12107992,12107992,12107992,27,0,0,,,,港南台９丁目１５番
鶴見区,0,70005591,公益社団法人公印文具,鶴見区安善町２丁目１番８−１９−９−１８号,,2025,0,0,0,0,0,15031800,8302961,8302961,8302961,9,90820600,14254024,14254024,14254024,11,0,0,0,0,0,5601800,2425663,2425663,2425663,4,0,0,0,0,0,111454200,24982648,24982648,24982648,24,0,0,,,,獅子ケ谷２丁目１１番１９−２０−１２−３号
鶴見区,0,70005605,一般財団法人強制薬局,鶴見区下末吉２丁目１９番４−２０−１１−１１号,,2025,0,0,0,0,0,3040500,2525263,2525263,2525263,6,117047500,10145238,10145238,10145238,10,0,0,0,0,0,0,0,0,0,0,125500,116589,116589,116589,1,120213500,12787090,12787090,12787090,17,0,0,,,,★沢７丁目１番１１−１６号
鶴見区,0,70005613,公益財団法人口座ケーブルテレビ,鶴見区北寺尾７丁目１７番１０−１３−１２−１２号,,2025,0,0,0,0,0,9542990,5079164,5079164,5079164,7,0,0,0,0,0,0,0,0,0,0,8518500,5201014,5201014,5201014,6,1191000,1062244,1062244,1062244,4,19252490,11342422,11342422,11342422,17,0,0,,,,宮沢３丁目４番７−４−４号
鶴見区,0,70005621,社団法人表示ＩＪＫ生命保険,鶴見区市場西中町１３番１８−５−３−４号,,2025,16089600,4593277,4593277,4593277,16,10807300,974161,974161,974161,7,107098600,63944265,63944265,63944265,7,0,0,0,0,0,1450000,1181750,1181750,1181750,1,1392000,1229148,1229148,1229148,3,136837500,71922601,71922601,71922601,34,0,0,,,,羽沢南４丁目１５番１１−９−１５−１２号
鶴見区,0,70005630,財団法人明細書電気店,鶴見区元宮１丁目６番１−２−１４−１８号,,2025,10806700,8768207,8768207,8768207,9,0,0,0,0,0,132913600,74975619,74975619,74975619,9,0,0,0,0,0,4971000,2479646,2479646,2479646,6,0,0,0,0,0,148691300,86223472,86223472,86223472,24,0,0,,,,北海道河西郡芽室町東一条２丁目１３番２０−５号
鶴見区,0,70005648,宗教法人類似ＡＢＣ生命保険,鶴見区生麦４丁目１１番１８−２０−７−７号,,2025,24073200,6800520,6800520,6800520,21,98500,43233,43233,43233,1,0,0,0,0,0,0,0,0,0,0,4749000,3742860,3742860,3742860,4,289000,248918,248918,248918,3,29209700,10835531,10835531,10835531,29,0,0,,,,宮田町２丁目１１番
鶴見区,0,70005656,学校法人週次まみむめも内科クリニック,鶴見区尻手２丁目１３番１０−１１−１１号,,2025,222700,152302,152302,152302,1,4251000,1181374,1181374,1181374,2,148614200,115511673,115511673,115511673,17,0,0,0,0,0,0,0,0,0,0,2470400,2113527,2113527,2113527,6,155558300,118958876,118958876,118958876,26,0,0,,,,三反田町６番
鶴見区,0,70005672,監査法人控除商店,鶴見区鶴見１丁目２０番８−６−１−２号,,2025,3651100,1161045,1161045,1161045,2,5428700,4459525,4459525,4459525,5,0,0,0,0,0,0,0,0,0,0,16103500,2265649,2265649,2265649,14,1175800,781068,781068,781068,5,26359100,8667287,8667287,8667287,26,0,0,,,,原宿３丁目１１番５−１６号
鶴見区,0,70005681,医療法人保険証西部酪農農業,鶴見区馬場４丁目５番１１−１７−７−１８号,,2025,1710200,1081900,1081900,1081900,3,27357390,21696947,21696947,21696947,11,143713700,25288454,25288454,25288454,11,0,0,0,0,0,12652500,6942981,6942981,6942981,15,0,0,0,0,0,185433790,55010282,55010282,55010282,40,0,0,,,,長津田５丁目１６番７号
鶴見区,0,70005699,医療法人社団印字やゆよ内科クリニック,鶴見区北寺尾４丁目２０番６号,,2025,1193900,911325,911325,911325,2,14761000,924780,924780,924780,6,83864400,26377943,26377943,26377943,16,0,0,0,0,0,0,0,0,0,0,0,0,0,0,0,99819300,28214048,28214048,28214048,24,0,0,,,,平戸１丁目１番１号
鶴見区,0,70005702,弁護士法人検索ＯＰＱ生命保険,鶴見区市場富士見町６番,,2025,2263900,404009,404009,404009,1,4095000,3763305,3763305,3763305,1,38016400,19550503,19550503,19550503,1,0,0,0,0,0,0,0,0,0,0,9485500,7161629,7161629,7161629,10,53860800,30879446,30879446,30879446,13,0,0,,,,千代崎町４丁目３番１１号
鶴見区,0,70005711,税理士法人退職電気店,鶴見区東寺尾３丁目１２番１１−１６−３号,,2025,14312400,12104223,12104223,12104223,11,6106000,306399,306399,306399,2,761900,620948,620948,620948,1,0,0,0,0,0,34180600,16093583,16093583,16093583,23,0,0,0,0,0,55360900,29125153,29125153,29125153,37,0,0,,,,磯子７丁目１９番１８−１５−１０号
鶴見区,0,70005729,司法書士法人印刷ブックストア,鶴見区馬場７丁目６番１３−１１−１５−２０号,,2025,3618200,2687800,2687800,2687800,3,5803500,3967576,3967576,3967576,4,0,0,0,0,0,0,0,0,0,0,5845000,1278785,1278785,1278785,5,2564500,327903,327903,327903,8,17831200,8262064,8262064,8262064,20,0,0,,,,生麦５丁目１３番１９−１５−３−８号
鶴見区,0,70005737,行政書士法人時効文房具店,鶴見区東寺尾５丁目３番５−１１−１３−８号,,2025,7875100,3223684,3223684,3223684,13,0,0,0,0,0,53568900,27395399,27395399,27395399,12,0,0,0,0,0,12578500,7138447,7138447,7138447,9,0,0,0,0,0,74022500,37757530,37757530,37757530,34,0,0,,,,下瀬谷３丁目９番４−７−１４−１２号
鶴見区,0,70005753,農事組合法人調査状況クリニック,鶴見区下末吉４丁目１５番４−１号,,2025,12104500,9615914,9615914,9615914,10,22766500,10372355,10372355,10372355,14,0,0,0,0,0,0,0,0,0,0,12624800,2042252,2042252,2042252,14,760300,483307,483307,483307,2,48256100,22513828,22513828,22513828,40,0,0,,,,あざみ野１丁目１７番５号
鶴見区,0,70005770,特許業務法人環境Ｌ＆Ｍ＆Ｎ生命保険,鶴見区大黒ふ頭５番１６−１９−１８−７号,,2025,10021600,7436505,7436505,7436505,7,0,0,0,0,0,58259700,28058532,28058532,28058532,17,0,0,0,0,0,0,0,0,0,0,3406900,2248362,2248362,2248362,13,71688200,37743399,37743399,37743399,37,0,0,,,,寛政町１５番９−１２−１−２号
鶴見区,0,70005788,更生保護法人画像󠄄連携工務店,鶴見区北寺尾６丁目１５番１９−１８−１２−１９号,,2025,19412000,8472370,8472370,8472370,19,9791000,1642292,1642292,1642292,4,377900,295139,295139,295139,1,0,0,0,0,0,6309000,5062430,5062430,5062430,4,540000,475090,475090,475090,3,36429900,15947321,15947321,15947321,31,0,0,,,,奈良２丁目１９番
鶴見区,0,70005796,国立大学法人住民Ｒ＆Ｓ＆Ｔ生命保険,鶴見区下末吉２丁目１２番１１号,,2025,3478400,3224321,3224321,3224321,4,1155000,206117,206117,206117,1,48400000,39446000,39446000,39446000,1,0,0,0,0,0,12216300,7220278,7220278,7220278,9,9880900,2103194,2103194,2103194,12,75130600,52199910,52199910,52199910,27,0,0,,,,荏田東４丁目１７番１０−２−１１−１９号
鶴見区,0,70005800,有限責任中間法人金融電気店,鶴見区菅沢町１５番１８−１８−４−６号,,2025,1300900,1208536,1208536,1208536,1,37448026,17323511,17323511,17323511,30,48140900,16744722,16744722,16744722,4,0,0,0,0,0,8945000,447250,447250,447250,7,0,0,0,0,0,95834826,35724019,35724019,35724019,42,0,0,,,,元宮１丁目２番２−７−１−１９号
鶴見区,0,70005818,無限責任中間法人保険証蕎麦屋,鶴見区下末吉４丁目１３番１１−１−２０−７号,,2025,0,0,0,0,0,20697080,6860797,6860797,6860797,16,126409500,80127806,80127806,80127806,14,0,0,0,0,0,18986200,4447340,4447340,4447340,20,0,0,0,0,0,166092780,91435943,91435943,91435943,50,0,0,,,,北海道河東郡士幌町字中士幌東５線１８番７−６−９号
鶴見区,0,70005826,特定非営利活動法人宅地学校,鶴見区汐入町１丁目１２番１３−１０−８−１１号,,2025,7326100,2512633,2512633,2512633,6,17843290,2668574,2668574,2668574,9,125477100,52393680,52393680,52393680,10,0,0,0,0,0,4180000,1924832,1924832,1924832,3,118000,18596,18596,18596,1,154944490,59518315,59518315,59518315,29,0,0,,,,中川４丁目３番５−５−１４号
鶴見区,0,70005834,土地家屋調査士法人連携Ｇ＆Ｈ＆Ｉ生命保険,鶴見区朝日町２丁目１５番１３−１８−５−１６号,,2025,0,0,0,0,0,4287900,2712161,2712161,2712161,4,79430400,41654038,41654038,41654038,6,0,0,0,0,0,25344800,10651704,10651704,10651704,20,1778600,1079933,1079933,1079933,4,110841700,56097836,56097836,56097836,34,0,0,,,,梅が丘１６番７号
鶴見区,0,70005842,社会保険労務士法人大字珈琲,鶴見区矢向２丁目１２番１８−１９−１０−３号,,2025,11267300,3062946,3062946,3062946,9,5937390,5250031,5250031,5250031,4,40988300,20692701,20692701,20692701,5,0,0,0,0,0,5841700,2641875,2641875,2641875,5,1044600,93603,93603,93603,5,65079290,31741156,31741156,31741156,28,0,0,,,,奈良３丁目４番
鶴見区,0,70005851,組合運用西部酪農農業,鶴見区豊岡町１１番１２−２０−１８−２０号,,2025,8414200,6756648,6756648,6756648,8,40492500,16211982,16211982,16211982,10,54252600,26219751,26219751,26219751,6,0,0,0,0,0,10000800,2511246,2511246,2511246,12,1060700,868518,868518,868518,3,114220800,52568145,52568145,52568145,39,0,0,,,,港南台９丁目１９番１４−１５−４−８号
鶴見区,0,70005869,企業組合累積コンビニエンスストア,鶴見区東寺尾３丁目７番１４−２０−１７−１６号,,2025,1859300,1711496,1711496,1711496,4,6274800,5536955,5536955,5536955,4,0,0,0,0,0,0,0,0,0,0,1598100,671433,671433,671433,3,10817900,7341682,7341682,7341682,9,20550100,15261566,15261566,15261566,20,0,0,,,,★沢町１４番１１−１７号
鶴見区,0,70005877,労働組合発行スイミングスクール,鶴見区元宮１丁目７番６−５−１６−３号,,2025,0,0,0,0,0,10875990,9083567,9083567,9083567,12,15627800,7249893,7249893,7249893,4,0,0,0,0,0,9930000,5909780,5909780,5909780,6,2638600,1023006,1023006,1023006,5,39072390,23266246,23266246,23266246,27,0,0,,,,高田西２丁目１２番１３号
鶴見区,0,70005885,協同組合強制学園,鶴見区北寺尾２丁目２番１４−１１−１１−１５号,,2025,6598100,2067177,2067177,2067177,4,6385000,5070705,5070705,5070705,5,36260000,28355400,28355400,28355400,2,0,0,0,0,0,10293500,4955843,4955843,4955843,12,716600,597483,597483,597483,4,60253200,41046608,41046608,41046608,27,0,0,,,,相沢７丁目１４番２−１４号
鶴見区,0,70005893,協同組合連合会交付スポーツショップ,鶴見区本町通２丁目１０番８−８−１７−１号,,2025,17313200,12983360,12983360,12983360,12,0,0,0,0,0,77397800,32926869,32926869,32926869,15,0,0,0,0,0,6298500,5084997,5084997,5084997,3,1050600,554126,554126,554126,4,102060100,51549352,51549352,51549352,34,0,0,,,,青砥町６番２０号
鶴見区,0,70005907,協業組合申請家󠄂電,鶴見区東寺尾３丁目１４番２０−１−１８−６号,,2025,0,0,0,0,0,5846900,2147970,2147970,2147970,3,196032200,101612752,101612752,101612752,12,0,0,0,0,0,0,0,0,0,0,10515100,6682650,6682650,6682650,8,212394200,110443372,110443372,110443372,23,0,0,,,,綱島西４丁目８番１１−１３−５号
鶴見区,0,70005915,信用組合速報Ｄ＆Ｅ＆Ｆ生命保険,鶴見区弁天町３番,,2025,13218000,9358895,9358895,9358895,11,9945990,6893549,6893549,6893549,3,95141100,77437996,77437996,77437996,4,0,0,0,0,0,13285800,664290,664290,664290,10,2073000,1197492,1197492,1197492,3,133663890,95552222,95552222,95552222,31,0,0,,,,伏見町１３番
鶴見区,0,70005923,森林組合免税点未満クリーニング,鶴見区本町通２丁目１５番３−８号,,2025,25970500,12000204,12000204,12000204,16,0,0,0,0,0,10053700,7865242,7865242,7865242,6,0,0,0,0,0,0,0,0,0,0,1494300,904931,904931,904931,6,37518500,20770377,20770377,20770377,28,0,0,,,,浅間町１丁目１１番１３−５号
鶴見区,0,70005931,蚕糸組合課税年度八百屋,鶴見区東寺尾中台７番１８−３−１０−１３号,,2025,6459700,4417761,4417761,4417761,3,20768200,12915391,12915391,12915391,13,8885100,7241356,7241356,7241356,2,0,0,0,0,0,15900800,2270176,2270176,2270176,12,2460500,1115580,1115580,1115580,3,54474300,27960264,27960264,27960264,33,0,0,,,,千代崎町４丁目１９番
鶴見区,0,70005958,貸家組合公印Ｌ＆Ｍ＆Ｎ生命保険,鶴見区鶴見中央４丁目１３番１２−５−１１−８号,,2025,10688500,7483537,7483537,7483537,7,3497800,2444512,2444512,2444512,7,2893300,1903791,1903791,1903791,1,0,0,0,0,0,3860200,3165489,3165489,3165489,2,3293000,1401750,1401750,1401750,10,24232800,16399079,16399079,16399079,27,0,0,,,,庚台７番８号
鶴見区,0,70005966,健康保険組合印字旅館,鶴見区市場富士見町１５番２０−１５−２−１１号,,2025,20046100,6364132,6364132,6364132,10,0,0,0,0,0,89015400,28146084,28146084,28146084,6,0,0,0,0,0,27731200,4976972,4976972,4976972,18,1103400,437399,437399,437399,4,137896100,39924587,39924587,39924587,38,0,0,,,,北海道恵庭市駒場町２丁目１４番１８号
鶴見区,0,70005974,農業協同組合口座振替電気屋,鶴見区北寺尾６丁目７番１３−１１−７−５号,,2025,12344800,3665686,3665686,3665686,10,0,0,0,0,0,21390300,10715261,10715261,10715261,7,0,0,0,0,0,5041300,2353020,2353020,2353020,6,2010400,1446799,1446799,1446799,8,40786800,18180766,18180766,18180766,31,0,0,,,,釜利谷東４丁目１８番４−１−１３−５号
鶴見区,0,70005991,生活協同組合担当者ＸＹＺ生命保険,鶴見区獅子ケ谷１丁目２番１５−１９−１４−１４号,,2025,14542000,12181293,12181293,12181293,8,3099100,2257698,2257698,2257698,6,127787700,75760775,75760775,75760775,15,0,0,0,0,0,4569900,1319151,1319151,1319151,3,3744900,375489,375489,375489,9,153743600,91894406,91894406,91894406,41,0,0,,,,六浦南５丁目７番
鶴見区,0,70006008,船主相互保険組合保留銀行,鶴見区下野谷町３丁目２０番１７−１５−２−１０号,,2025,1211100,1086355,1086355,1086355,3,0,0,0,0,0,161356700,103990275,103990275,103990275,19,0,0,0,0,0,1360200,335525,335525,335525,2,2887300,578633,578633,578633,12,166815300,105990788,105990788,105990788,36,0,0,,,,浅間町４丁目９番１４−９−９−１９号
鶴見区,0,70006016,協会減免東部酪農農業,鶴見区鶴見２丁目１７番１３−１３−１６−９号,,2025,14771700,11483609,11483609,11483609,6,0,0,0,0,0,4956400,3953066,3953066,3953066,3,0,0,0,0,0,12793900,7287460,7287460,7287460,8,5217400,1342566,1342566,1342566,11,37739400,24066701,24066701,24066701,28,0,0,,,,本郷台１丁目７番２０号
鶴見区,0,70006024,連合会副本登録のメガネ,鶴見区東寺尾５丁目１３番,,2025,41090066,8628913,8628913,8628913,6125,0,0,0,0,0,0,0,0,0,0,39063302,8203293,8203293,8203293,346,0,0,0,0,0,0,0,0,0,0,80153368,16832206,16832206,16832206,6471,0,0,,,,徳島県板野郡北島町中村字出須７番５−１８−１１号
鶴見区,0,70006032,商工会電子ＲＳＴ生命保険,鶴見区岸谷１丁目１７番５−３−１３−５号,,2025,4688500,4228588,4228588,4228588,3,10370078,5636206,5636206,5636206,7,48062000,39370081,39370081,39370081,4,0,0,0,0,0,0,0,0,0,0,3335700,498532,498532,498532,10,66456278,49733407,49733407,49733407,24,0,0,,,,領★４丁目１９番２０−１５号
鶴見区,0,70006041,医師会履歴ブックストア,鶴見区北寺尾１丁目４番２−６−１６−３号,,2025,7490000,4838705,4838705,4838705,4,1338100,1188752,1188752,1188752,4,6364000,331979,331979,331979,2,0,0,0,0,0,0,0,0,0,0,6706200,4349116,4349116,4349116,17,21898300,10708552,10708552,10708552,27,0,0,,,,宮田町１丁目４番１−１３−８−１９号
鶴見区,0,70006059,協力会種別農場,鶴見区鶴見中央３丁目１９番１９−１８−１６−１３号,,2025,11120700,7544458,7544458,7544458,11,5155000,4737335,4737335,4737335,2,102825000,57582232,57582232,57582232,11,0,0,0,0,0,5513900,3199993,3199993,3199993,6,6325800,1585967,1585967,1585967,17,130940400,74649985,74649985,74649985,47,0,0,,,,勝田町２番
鶴見区,0,70006067,共済会加算ドラッグストア,鶴見区市場大和町１３番８−１９−１５−１号,,2025,0,0,0,0,0,46775500,20368787,20368787,20368787,26,14051900,11365532,11365532,11365532,4,0,0,0,0,0,7638100,4107988,4107988,4107988,4,2928900,860737,860737,860737,11,71394400,36703044,36703044,36703044,45,0,0,,,,三ツ境１１番
鶴見区,0,70006075,信用金庫府サイクル,鶴見区市場下町５番６−８−８−１６号,,2025,9133200,5019472,5019472,5019472,9,28337100,19883667,19883667,19883667,15,2987000,2391694,2391694,2391694,2,0,0,0,0,0,11581700,5278679,5278679,5278679,7,1609800,520732,520732,520732,10,53648800,33094244,33094244,33094244,43,0,0,,,,港南台５丁目１０番４−１２−６号
鶴見区,0,70006083,労働金庫統合さしすせそ内科クリニック,鶴見区北寺尾２丁目６番８−９−１４−９号,,2025,4926700,3864123,3864123,3864123,4,7085580,5681312,5681312,5681312,6,1256200,62810,62810,62810,1,0,0,0,0,0,3440200,2686796,2686796,2686796,3,4252000,1334771,1334771,1334771,14,20960680,13629812,13629812,13629812,28,0,0,,,,相沢２丁目１７番９−１６号
鶴見区,0,70006091,中央金庫土地Ｘ＆Ｙ＆Ｚ生命保険,鶴見区東寺尾２丁目１番６−１０−５−９号,,2025,17224100,5740499,5740499,5740499,14,10885600,7872853,7872853,7872853,8,96250900,65457131,65457131,65457131,6,0,0,0,0,0,1200500,766057,766057,766057,2,5372000,2683585,2683585,2683585,10,130933100,82520125,82520125,82520125,40,0,0,,,,和泉中央南２丁目９番３−６号
鶴見区,0,70006105,商工会議所現年損害保険,鶴見区生麦５丁目９番８号,,2025,953400,697736,697736,697736,2,12648458,9241074,9241074,9241074,13,179516600,95646200,95646200,95646200,16,0,0,0,0,0,0,0,0,0,0,11108300,2118025,2118025,2118025,28,204226758,107703035,107703035,107703035,59,0,0,,,,中田東３丁目２番６号
鶴見区,0,70006113,証券取引所年金かきくけこ内科クリニック,鶴見区鶴見中央５丁目２番２０−６−５−４号,,2025,841300,599188,599188,599188,1,30007400,9646640,9646640,9646640,17,46027300,36838209,36838209,36838209,6,0,0,0,0,0,11706800,6830625,6830625,6830625,11,5508200,1837013,1837013,1837013,11,94091000,55751675,55751675,55751675,46,0,0,,,,日野８丁目１３番
鶴見区,0,70006121,事業団給付家󠄂電,鶴見区末広町２丁目７番４−７−３−１号,,2025,740700,664407,664407,664407,1,18443090,12138693,12138693,12138693,12,272063900,51805733,51805733,51805733,22,0,0,0,0,0,1574000,1262395,1262395,1262395,2,18138000,5064771,5064771,5064771,10,310959690,70935999,70935999,70935999,47,0,0,,,,下末吉４丁目４番１８−２−１１−１４号
鶴見区,0,70006130,企業団合算蕎麦屋,鶴見区上の宮１丁目９番２０−１８号,,2025,3244500,2380301,2380301,2380301,2,0,0,0,0,0,43412900,2605456,2605456,2605456,3,0,0,0,0,0,9417700,4404940,4404940,4404940,7,6327600,1145921,1145921,1145921,16,62402700,10536618,10536618,10536618,28,0,0,,,,久保町１０番１８−５号
鶴見区,0,70006156,郵便局自治文房具店,鶴見区東寺尾東台８番１６−１１−１１−１０号,,2025,7013100,5516763,5516763,5516763,4,13154000,2801383,2801383,2801383,12,83023100,24213799,24213799,24213799,10,0,0,0,0,0,8063200,3816448,3816448,3816448,6,5377500,1479908,1479908,1479908,15,116630900,37828301,37828301,37828301,47,0,0,,,,反町３丁目１８番１−２−１０−２０号
鶴見区,0,70006164,公社明細書文房具店,鶴見区馬場３丁目１５番,,2025,6333100,1621418,1621418,1621418,10,0,0,0,0,0,0,0,0,0,0,0,0,0,0,0,7667500,4304452,4304452,4304452,9,1963200,1099134,1099134,1099134,4,15963800,7025004,7025004,7025004,23,0,0,,,,南軽井沢１１番４−８−８−２号
鶴見区,0,70006181,リミテッド混合ＬＭＮ生命保険,鶴見区潮田町２丁目１０番５−８−９−７号,,2025,7605500,5860914,5860914,5860914,9,0,0,0,0,0,6749600,2964817,2964817,2964817,3,0,0,0,0,0,0,0,0,0,0,611500,539287,539287,539287,2,14966600,9365018,9365018,9365018,14,0,0,,,,和泉が丘２丁目２番８−６−９号
鶴見区,0,70006199,コーポレーション届出ＬＭＮ生命保険,鶴見区東寺尾５丁目９番３−１５−２０−６号,,2025,13065000,4397082,4397082,4397082,13,7016000,5242475,5242475,5242475,5,18690800,15001459,15001459,15001459,6,0,0,0,0,0,654000,227472,227472,227472,3,2986300,2041024,2041024,2041024,7,42412100,26909512,26909512,26909512,34,0,0,,,,日野３丁目９番２−３−３−１４号
鶴見区,0,70006202,インコーポレーション年次Ｒ＆Ｓ＆Ｔ生命保険,鶴見区鶴見中央３丁目８番２０号,,2025,1932000,1733004,1733004,1733004,1,3774000,2043164,2043164,2043164,3,0,0,0,0,0,0,0,0,0,0,15614000,7247588,7247588,7247588,11,8425900,2252858,2252858,2252858,11,29745900,13276614,13276614,13276614,26,0,0,,,,桂台北９番４−１５号
鶴見区,0,70006211,町Ｇ＆Ｈ＆Ｉ生命保険,鶴見区大東町６番２０−７−１４−５号,,2025,14070000,6424745,6424745,6424745,14,3020990,644468,644468,644468,6,0,0,0,0,0,0,0,0,0,0,7116300,3261608,3261608,3261608,7,5502700,488447,488447,488447,11,29709990,10819268,10819268,10819268,38,0,0,,,,下和泉２丁目２０番１３−３号
鶴見区,0,70006229,普徴ラーメン屋,鶴見区市場上町３番１−５−７−１１号,,2025,6747600,5084029,5084029,5084029,6,20001300,12678091,12678091,12678091,13,30479400,20731376,20731376,20731376,14,0,0,0,0,0,0,0,0,0,0,1024600,602340,602340,602340,4,58252900,39095836,39095836,39095836,37,0,0,,,,東希望が丘２０番１７−１２号
鶴見区,0,70006237,端末スポーツショップ,鶴見区市場大和町１６番６−１６−１−１７号,,2025,11364700,8894636,8894636,8894636,7,5587900,3224064,3224064,3224064,7,97750200,35714906,35714906,35714906,15,0,0,0,0,0,0,0,0,0,0,9427000,6356716,6356716,6356716,14,124129800,54190322,54190322,54190322,43,0,0,,,,小菅ケ谷２丁目１７番２０号
鶴見区,0,70006245,町はひふへほ内科クリニック,鶴見区鶴見中央４丁目１６番８−１５−１−１８号,,2025,1794600,1635269,1635269,1635269,3,10931978,6224046,6224046,6224046,13,7532200,3845073,3845073,3845073,2,0,0,0,0,0,20539300,3585676,3585676,3585676,13,5101500,2526738,2526738,2526738,17,45899578,17816802,17816802,17816802,48,0,0,,,,港南台２丁目１５番
鶴見区,0,70006253,市街地クリニック,鶴見区駒岡３丁目１番２−５−５−２号,,2025,206000,191374,191374,191374,1,28297600,4215433,4215433,4215433,8,71148400,36351800,36351800,36351800,3,0,0,0,0,0,17592800,1280461,1280461,1280461,14,0,0,0,0,0,117244800,42039068,42039068,42039068,26,0,0,,,,伊勢町１丁目６番５−１４−１−１７号
鶴見区,0,70006261,課税免除薬局,鶴見区寺谷１丁目５番１０−８号,,2025,18280300,5382891,5382891,5382891,12,2751200,2137322,2137322,2137322,3,68990300,51912535,51912535,51912535,9,0,0,0,0,0,6840200,1345428,1345428,1345428,6,5803900,703593,703593,703593,10,102665900,61481769,61481769,61481769,40,0,0,,,,奈良１丁目１７番１２−１４−１号
鶴見区,0,70006270,封入電気店,鶴見区岸谷４丁目１１番７−１３−３−１号,,2025,0,0,0,0,0,6677800,700937,700937,700937,8,100951900,53225492,53225492,53225492,6,0,0,0,0,0,5691800,1644950,1644950,1644950,5,3348400,1385225,1385225,1385225,9,116669900,56956604,56956604,56956604,28,0,0,,,,大道２丁目１２番
鶴見区,0,70006288,調査の八百屋,鶴見区矢向６丁目５番１−１５−５−１号,,2025,0,0,0,0,0,3093200,2710268,2710268,2710268,6,45927600,37039009,37039009,37039009,6,0,0,0,0,0,5850000,292500,292500,292500,4,795400,474087,474087,474087,6,55666200,40515864,40515864,40515864,22,0,0,,,,北八朔町３番１８号
鶴見区,0,70006296,明細生命保険,鶴見区市場西中町２番１９−１６−１１−２号,,2025,4549700,3030011,3030011,3030011,8,44673000,21936374,21936374,21936374,21,0,0,0,0,0,0,0,0,0,0,1605000,395910,395910,395910,2,1075400,87054,87054,87054,4,51903100,25449349,25449349,25449349,35,0,0,,,,朝比奈町１１番１１号
鶴見区,0,70006300,一二三四五六七八九十一二三四五六七八九十一二三四五六七八九十一二三四五六七八九十一二三四五六七八九十テレビ,鶴見区上末吉５丁目１１番５−４−１７−１７号,,2025,16158500,12475916,12475916,12475916,14,10719600,9447518,9447518,9447518,3,0,0,0,0,0,0,0,0,0,0,5032500,3979682,3979682,3979682,4,0,0,0,0,0,31910600,25903116,25903116,25903116,21,0,0,,,,馬場１丁目１番６−１４−１１−１９号
鶴見区,0,70006318,住記Ｉ＆Ｊ＆Ｋ生命保険,鶴見区下野谷町４丁目７番,,2025,23906500,14489868,14489868,14489868,18,0,0,0,0,0,2445400,1909857,1909857,1909857,1,0,0,0,0,0,0,0,0,0,0,10358200,7267580,7267580,7267580,9,36710100,23667305,23667305,23667305,28,0,0,,,,上白根２丁目１７番８号
鶴見区,0,70006326,所得北部酪農農業,鶴見区栄町通４丁目１２番１０−１１−１−１１号,,2025,4012900,1618232,1618232,1618232,6,0,0,0,0,0,38588400,31430098,31430098,31430098,2,0,0,0,0,0,9435700,796739,796739,796739,9,924600,587474,587474,587474,5,52961600,34432543,34432543,34432543,22,0,0,,,,宮田町１丁目８番７号
鶴見区,0,70006334,速報文具,鶴見区下末吉４丁目９番６−１２−１８−１２号,,2025,841300,754646,754646,754646,1,2379000,2137821,2137821,2137821,4,0,0,0,0,0,0,0,0,0,0,16868300,2006523,2006523,2006523,12,6791600,5227661,5227661,5227661,4,26880200,10126651,10126651,10126651,21,0,0,,,,高舟台１丁目１４番１６−８−９−１９号
鶴見区,0,70006351,日次ブックストア,鶴見区大東町５番７−１３−１４−１４号,,2025,7463600,6860649,6860649,6860649,7,32114590,6212486,6212486,6212486,12,3429100,1437347,1437347,1437347,6,0,0,0,0,0,8228500,6543027,6543027,6543027,3,4118800,2027084,2027084,2027084,20,55354590,23080593,23080593,23080593,48,0,0,,,,★沢１丁目７番２０−１７−６−１６号
鶴見区,0,70006369,控除ラーメン屋,鶴見区本町通４丁目１３番７−１７−１５−５号,,2025,699500,515677,515677,515677,2,7117000,4733537,4733537,4733537,7,134544400,11308210,11308210,11308210,20,0,0,0,0,0,10500900,5470744,5470744,5470744,9,0,0,0,0,0,152861800,22028168,22028168,22028168,38,0,0,,,,釜利谷西６丁目１４番５−６−１７号
鶴見区,0,70006377,画地学園,鶴見区下末吉５丁目１９番１６−１１−４−１０号,,2025,3768100,2932085,2932085,2932085,4,9862200,8570843,8570843,8570843,4,70117200,4594844,4594844,4594844,10,0,0,0,0,0,675000,590625,590625,590625,1,790300,95935,95935,95935,6,85212800,16784332,16784332,16784332,25,0,0,,,,二ツ橋町１８番７−１２−１５−１８号
鶴見区,0,70006385,画地クリニック,鶴見区寺谷２丁目１４番９−１９−１２−１０号,,2025,0,0,0,0,0,100347062,21072883,21072883,21072883,59419,60987579,12807391,12807391,12807391,676,0,0,0,0,0,0,0,0,0,0,0,0,0,0,0,161334641,33880274,33880274,33880274,60095,0,0,,,,阿久和南４丁目１１番７−２０−１４−６号
鶴見区,0,70006393,照会ＡＢＣ生命保険,鶴見区上末吉４丁目１９番,,2025,0,0,0,0,0,0,0,0,0,0,58281700,6458167,6458167,6458167,8,0,0,0,0,0,7591700,5693412,5693412,5693412,8,4694200,359018,359018,359018,9,70567600,12510597,12510597,12510597,25,0,0,,,,長浜２丁目１８番
鶴見区,0,70006407,口座振替レストラン,鶴見区浜町１丁目８番１０−４−１５−３号,,2025,9954400,6972782,6972782,6972782,13,0,0,0,0,0,197541000,15686174,15686174,15686174,8,0,0,0,0,0,0,0,0,0,0,0,0,0,0,0,207495400,22658956,22658956,22658956,21,0,0,,,,月見台１４番１４号
鶴見区,0,70006415,★★ケーブルテレビ,鶴見区下末吉５丁目１６番１２−１７−１２−４号,,2025,3668500,2390793,2390793,2390793,3,27472290,14127985,14127985,14127985,17,4740500,3775829,3775829,3775829,4,0,0,0,0,0,0,0,0,0,0,9006200,2564022,2564022,2564022,5,44887490,22858629,22858629,22858629,29,0,0,,,,みなとみらい４丁目１５番１６号
鶴見区,0,70006423,封入封緘旅館,鶴見区安善町１丁目２０番５−２−１２−７号,,2025,5328300,4022051,4022051,4022051,5,18515500,9522793,9522793,9522793,10,188316700,69611543,69611543,69611543,10,0,0,0,0,0,15125300,984920,984920,984920,12,0,0,0,0,0,227285800,84141307,84141307,84141307,37,0,0,,,,永田北２丁目３番１５号
鶴見区,0,70006431,★★住民Ｇ＆Ｈ＆Ｉ生命保険,鶴見区向井町４丁目９番５−９−８−８号,,2025,5908700,5431756,5431756,5431756,3,31325500,13700369,13700369,13700369,18,25101400,18722592,18722592,18722592,12,0,0,0,0,0,0,0,0,0,0,0,0,0,0,0,62335600,37854717,37854717,37854717,33,0,0,,,,六角橋４丁目１５番１２−１２−６−１１号
鶴見区,0,70006440,三輪電気店,鶴見区本町通２丁目４番９−１０−１−１９号,,2025,3630800,3263419,3263419,3263419,2,9214290,2132090,2132090,2132090,9,0,0,0,0,0,0,0,0,0,0,4797100,2182889,2182889,2182889,5,3663700,2253331,2253331,2253331,5,21305890,9831729,9831729,9831729,21,0,0,,,,白山１丁目５番
鶴見区,0,70006458,収滞納クリニック,鶴見区上の宮１丁目１４番６−１０−１２−３号,,2025,14750400,13469748,13469748,13469748,8,0,0,0,0,0,4843900,242195,242195,242195,4,0,0,0,0,0,1970000,864676,864676,864676,1,3026300,249035,249035,249035,3,24590600,14825654,14825654,14825654,16,0,0,,,,長津田みなみ台６丁目１６番１７−１６号
鶴見区,0,70006466,事務学校,鶴見区本町通４丁目７番１３−１８−１１−１５号,,2025,17420300,5837913,5837913,5837913,13,8646100,6921889,6921889,6921889,3,100850500,47790543,47790543,47790543,20,0,0,0,0,0,3689900,2784654,2784654,2784654,4,0,0,0,0,0,130606800,63334999,63334999,63334999,40,0,0,,,,南軽井沢３番１５−１７−１９号
鶴見区,0,70006474,字ケーブルテレビ,鶴見区馬場１丁目１番８−１０−６−８号,,2025,7525300,5711120,5711120,5711120,7,0,0,0,0,0,219313700,92856062,92856062,92856062,20,0,0,0,0,0,9911000,721200,721200,721200,12,0,0,0,0,0,236750000,99288382,99288382,99288382,39,0,0,,,,富士★２丁目５番５−１０号
鶴見区,0,70006482,伝送魚屋,鶴見区東寺尾５丁目１１番２０−１１−１２−９号,,2025,0,0,0,0,0,4874300,4274752,4274752,4274752,4,6933700,5472896,5472896,5472896,3,0,0,0,0,0,18891900,3721130,3721130,3721130,16,1734200,200588,200588,200588,4,32434100,13669366,13669366,13669366,27,0,0,,,,しらとり台１９番２−１４−８号
鶴見区,0,70006491,株式会社国税電気店,鶴見区生麦１丁目４番４−１９−１５−１号,,2025,29556073,6206775,6206775,6206775,8799,87089503,18288795,18288795,18288795,36115,0,0,0,0,0,89887023,18876274,18876274,18876274,375,0,0,0,0,0,86358600,18135306,18135306,18135306,9502,292891199,61507150,61507150,61507150,54791,0,0,,,,北海道標津郡中標津町東二十一条南２丁目１３番
鶴見区,0,70006504,有限会社外字ドラッグストア,鶴見区下野谷町１丁目１８番１０−１１−１０−６号,,2025,0,0,0,0,0,18324000,7917572,7917572,7917572,16,176157500,107439518,107439518,107439518,20,0,0,0,0,0,0,0,0,0,0,306000,249390,249390,249390,3,194787500,115606480,115606480,115606480,39,0,0,,,,原宿５丁目１８番３号
鶴見区,0,70006512,合名会社連絡票コーヒー,鶴見区東寺尾１丁目８番７−１１−５−１５号,,2025,11647500,5881027,5881027,5881027,12,9120368,733918,733918,733918,10,179609800,49394486,49394486,49394486,16,0,0,0,0,0,5558500,2377203,2377203,2377203,5,1159000,998597,998597,998597,4,207095168,59385231,59385231,59385231,47,0,0,,,,白根１丁目６番１０−１５号
鶴見区,0,70006539,合同会社給報Ｘ＆Ｙ＆Ｚ生命保険,鶴見区東寺尾４丁目２番１０−４−１５−７号,,2025,5303500,2937082,2937082,2937082,4,6498100,4249765,4249765,4249765,3,0,0,0,0,0,0,0,0,0,0,10101700,4169790,4169790,4169790,14,5538600,2392507,2392507,2392507,9,27441900,13749144,13749144,13749144,30,0,0,,,,仲手原１丁目２番２−１０−１１号
鶴見区,0,70006547,相互会社固定ＧＨＩ生命保険,鶴見区汐入町３丁目６番１−１−２０−７号,,2025,16902900,9853355,9853355,9853355,15,17558500,5801434,5801434,5801434,13,5012300,3855746,3855746,3855746,4,0,0,0,0,0,0,0,0,0,0,0,0,0,0,0,39473700,19510535,19510535,19510535,32,0,0,,,,犬山町１９番１３−５号
鶴見区,0,70006563,固定資産ＵＶＷ生命保険,鶴見区北寺尾２丁目７番１６−４−１−９号,,2025,2494200,1758200,1758200,1758200,4,1606100,814447,814447,814447,3,0,0,0,0,0,0,0,0,0,0,19487800,4176488,4176488,4176488,18,409000,40042,40042,40042,2,23997100,6789177,6789177,6789177,27,0,0,,,,洋光台２丁目１８番６−２−９号
鶴見区,0,70006571,仮消込学校,鶴見区獅子ケ谷１丁目３番２−１９−１４−１７号,,2025,3775600,3434553,3434553,3434553,4,14961800,2942261,2942261,2942261,8,0,0,0,0,0,0,0,0,0,0,10238200,6716600,6716600,6716600,10,759200,466120,466120,466120,3,29734800,13559534,13559534,13559534,25,0,0,,,,上白根３丁目１７番
鶴見区,0,70006580,上昇ブックストア,鶴見区東寺尾３丁目３番,,2025,8240700,2011238,2011238,2011238,9,18231290,10648753,10648753,10648753,18,272266000,93983183,93983183,93983183,19,0,0,0,0,0,7523900,1252467,1252467,1252467,9,453300,244904,244904,244904,2,306715190,108140545,108140545,108140545,57,0,0,,,,中島町４丁目７番１２−１２−１５号
鶴見区,0,70006598,特定目的会社収入西部酪農農業,鶴見区下末吉５丁目１２番５−５−１５−１３号,,2025,4507200,4187187,4187187,4187187,4,0,0,0,0,0,0,0,0,0,0,0,0,0,0,0,229900,151274,151274,151274,1,4416600,759698,759698,759698,14,9153700,5098159,5098159,5098159,19,0,0,,,,みなとみらい５丁目１６番１９−１６−５号
鶴見区,0,70006601,一般社団法人閉鎖電気店,鶴見区江ケ崎町１８番２−３号,,2025,0,0,0,0,0,0,0,0,0,0,71873600,29168774,29168774,29168774,8,0,0,0,0,0,6800500,2941719,2941719,2941719,7,0,0,0,0,0,78674100,32110493,32110493,32110493,15,0,0,,,,帷子町１丁目６番１２−５号
鶴見区,0,70006610,公益社団法人現年文房具店,鶴見区栄町通２丁目７番２−１３−１６−２０号,,2025,0,0,0,0,0,9886700,7078041,7078041,7078041,8,109213200,31028221,31028221,31028221,17,0,0,0,0,0,10327500,2159152,2159152,2159152,7,770800,656638,656638,656638,3,130198200,40922052,40922052,40922052,35,0,0,,,,西前町３丁目８番
鶴見区,0,70006628,一般財団法人誓約なにぬねの内科クリニック,鶴見区大黒町１５番１４−１７−１８−８号,,2025,1311300,800891,800891,800891,2,19108400,13833716,13833716,13833716,9,60972800,30408903,30408903,30408903,3,0,0,0,0,0,8633300,861007,861007,861007,11,879800,794549,794549,794549,4,90905600,46699066,46699066,46699066,29,0,0,,,,★沢町８番７−３−１２−９号
鶴見区,0,70006636,公益財団法人免税点学園,鶴見区栄町通３丁目１２番３−１３−１５−１６号,,2025,7909200,1967008,1967008,1967008,10,639500,557728,557728,557728,3,85480000,43959372,43959372,43959372,2,0,0,0,0,0,2135000,1579490,1579490,1579490,2,5932800,4290486,4290486,4290486,12,102096500,52354084,52354084,52354084,29,0,0,,,,法泉２丁目５番１５−１４−１６−７号
鶴見区,0,70006644,社団法人帳票の時計,鶴見区仲通１丁目１２番４−２０−１２号,,2025,9410400,7598461,7598461,7598461,9,2793500,1845712,1845712,1845712,5,129803900,21921264,21921264,21921264,12,0,0,0,0,0,4235000,2644970,2644970,2644970,3,1759900,1142094,1142094,1142094,4,148002700,35152501,35152501,35152501,33,0,0,,,,西が岡１丁目４番１３号
鶴見区,0,70006652,財団法人滅失珈琲,鶴見区梶山１丁目１０番７−１１号,,2025,3308800,2234554,2234554,2234554,3,4593700,3743865,3743865,3743865,1,88758200,41626858,41626858,41626858,13,0,0,0,0,0,5624500,3372541,3372541,3372541,6,8102800,6028204,6028204,6028204,6,110388000,57006022,57006022,57006022,29,0,0,,,,平戸１丁目１４番
鶴見区,0,70006661,宗教法人封入封緘クリニック,鶴見区駒岡３丁目６番６−３−１７号,,2025,8201300,3186068,3186068,3186068,9,10763078,6944419,6944419,6944419,10,0,0,0,0,0,0,0,0,0,0,1240000,968440,968440,968440,1,2204400,1880640,1880640,1880640,5,22408778,12979567,12979567,12979567,25,0,0,,,,北海道砂川市東七条南５丁目１４番１３−８−１−７号
鶴見区,0,70006679,学校法人高負荷商店,鶴見区馬場２丁目１７番,,2025,12450200,4998349,4998349,4998349,9,18117090,4711466,4711466,4711466,12,72573900,42847322,42847322,42847322,8,0,0,0,0,0,16040400,1469035,1469035,1469035,13,698400,509265,509265,509265,4,119879990,54535437,54535437,54535437,46,0,0,,,,東野台１４番
鶴見区,0,70006695,監査法人児童の本屋,鶴見区寺谷１丁目１６番１８−１０−６−１４号,,2025,0,0,0,0,0,9650168,3577209,3577209,3577209,12,6964500,2003939,2003939,2003939,4,0,0,0,0,0,1360200,1062316,1062316,1062316,2,4946200,433345,433345,433345,10,22921068,7076809,7076809,7076809,28,0,0,,,,神奈川本町５番１−２０−５−９号
鶴見区,0,70006709,医療法人減免レストラン,鶴見区生麦３丁目１０番１５−１３号,,2025,16247400,4891857,4891857,4891857,12,466600,280846,280846,280846,4,17200000,14792000,14792000,14792000,1,0,0,0,0,0,1094000,114980,114980,114980,2,2604300,1549816,1549816,1549816,6,37612300,21629499,21629499,21629499,25,0,0,,,,柏町１１番９−２０号
鶴見区,0,70006717,医療法人社団強制ドラッグストア,鶴見区馬場６丁目６番１０−１３−１−２号,,2025,2586000,2402394,2402394,2402394,1,26319978,5740945,5740945,5740945,19,11867100,6379631,6379631,6379631,6,0,0,0,0,0,17980600,2900392,2900392,2900392,19,0,0,0,0,0,58753678,17423362,17423362,17423362,45,0,0,,,,山谷１０番１０−２−１９号
鶴見区,0,70006725,弁護士法人総括表ＯＰＱ生命保険,鶴見区大東町３番１９−１−４−１５号,,2025,0,0,0,0,0,20834000,9172569,9172569,9172569,12,212964300,51358024,51358024,51358024,14,0,0,0,0,0,6233800,2759929,2759929,2759929,6,6340200,4091724,4091724,4091724,1,246372300,67382246,67382246,67382246,33,0,0,,,,伊勢町３丁目１３番８号
鶴見区,0,70006733,税理士法人個人ドラッグストア,鶴見区矢向６丁目１９番２０−１２号,,2025,19253600,12021400,12021400,12021400,16,10489790,2020269,2020269,2020269,6,38952500,1964304,1964304,1964304,3,0,0,0,0,0,9627600,4728101,4728101,4728101,7,692000,635948,635948,635948,1,79015490,21370022,21370022,21370022,33,0,0,,,,笹野台３丁目３番１７号
鶴見区,0,70006741,司法書士法人相当工務店,鶴見区上の宮１丁目９番２−１８号,,2025,10169200,7812891,7812891,7812891,7,13868500,11411336,11411336,11411336,4,48074300,24399043,24399043,24399043,3,0,0,0,0,0,4880000,2300159,2300159,2300159,3,6652100,2312558,2312558,2312558,16,83644100,48235987,48235987,48235987,33,0,0,,,,庄戸４丁目２０番１７−９号
鶴見区,0,70006750,行政書士法人履歴損害保険,鶴見区東寺尾中台１９番１８−５−８−２０号,,2025,0,0,0,0,0,0,0,0,0,0,13200800,9622137,9622137,9622137,2,0,0,0,0,0,16307600,7351824,7351824,7351824,15,4218300,535478,535478,535478,6,33726700,17509439,17509439,17509439,23,0,0,,,,元大橋１丁目９番７号
鶴見区,0,70006768,社会福祉法人免税ドラッグストア,鶴見区獅子ケ谷３丁目１５番,,2025,0,0,0,0,0,7099500,5814830,5814830,5814830,2,2364100,767152,767152,767152,1,0,0,0,0,0,15371400,2812024,2812024,2812024,16,3540700,2102790,2102790,2102790,10,28375700,11496796,11496796,11496796,29,0,0,,,,洋光台４丁目１５番１３号
鶴見区,0,70006776,農事組合法人被保ラーメン屋,鶴見区朝日町１丁目１５番１４−１１−１０−７号,,2025,28471900,17442018,17442018,17442018,21,0,0,0,0,0,68290600,51642223,51642223,51642223,11,0,0,0,0,0,1420000,1109020,1109020,1109020,1,3166500,391235,391235,391235,9,101349000,70584496,70584496,70584496,42,0,0,,,,中村町３丁目６番９号
鶴見区,0,70006784,独立行政法人混合Ｘ＆Ｙ＆Ｚ生命保険,鶴見区下末吉６丁目６番１６−９−３−１３号,,2025,8392700,7796817,7796817,7796817,3,17363500,1806111,1806111,1806111,11,210844100,129264489,129264489,129264489,20,0,0,0,0,0,0,0,0,0,0,0,0,0,0,0,236600300,138867417,138867417,138867417,34,0,0,,,,瀬谷２丁目１４番１１−４号
鶴見区,0,70006792,特許業務法人送付先工務店,鶴見区栄町通２丁目１０番９−３−１６−６号,,2025,7316200,6727405,6727405,6727405,4,6014600,889717,889717,889717,8,176181900,130225398,130225398,130225398,7,0,0,0,0,0,7613200,4181132,4181132,4181132,8,1317800,934665,934665,934665,3,198443700,142958317,142958317,142958317,30,0,0,,,,箕輪町１丁目１１番３−６−７−１号
鶴見区,0,70006806,更生保護法人副本登録文房具店,鶴見区鶴見２丁目７番１０−２−１７−５号,,2025,6684400,5328011,5328011,5328011,4,0,0,0,0,0,61686200,36186973,36186973,36186973,10,0,0,0,0,0,6472500,2945854,2945854,2945854,7,3653600,1799217,1799217,1799217,13,78496700,46260055,46260055,46260055,34,0,0,,,,本町２丁目６番１５−４−１３号
鶴見区,0,70006814,国立大学法人高負荷ＧＨＩ生命保険,鶴見区東寺尾１丁目９番２−１号,,2025,3193100,2674657,2674657,2674657,3,20647068,1439568,1439568,1439568,11,0,0,0,0,0,0,0,0,0,0,1230000,960630,960630,960630,1,5855000,1949490,1949490,1949490,18,30925168,7024345,7024345,7024345,33,0,0,,,,柏尾町２０番９−４−１０号
鶴見区,0,70006822,有限責任中間法人資格薬局,鶴見区岸谷１丁目１番１１−１４−６−９号,,2025,4243800,2902316,2902316,2902316,3,0,0,0,0,0,86845800,42455637,42455637,42455637,9,0,0,0,0,0,4070000,1265256,1265256,1265256,3,3836500,2029105,2029105,2029105,7,98996100,48652314,48652314,48652314,22,0,0,,,,中川１丁目１３番２０−１２−１６号
鶴見区,0,70006831,無限責任中間法人三角西部酪農農業,鶴見区末広町１丁目１０番,,2025,2263900,1612390,1612390,1612390,1,7305500,6375403,6375403,6375403,2,139101600,6955080,6955080,6955080,5,0,0,0,0,0,5733900,2540738,2540738,2540738,7,9845900,7395493,7395493,7395493,11,164250800,24879104,24879104,24879104,26,0,0,,,,戸部町７丁目１３番４−２０号
鶴見区,0,70006849,特定非営利活動法人公印あいうえお内科クリニック,鶴見区鶴見中央３丁目１１番４−９−１６−３号,,2025,16766300,6465776,6465776,6465776,16,10420000,2388909,2388909,2388909,6,2110800,1125385,1125385,1125385,2,0,0,0,0,0,0,0,0,0,0,0,0,0,0,0,29297100,9980070,9980070,9980070,24,0,0,,,,丸山２丁目１４番１７−１号
鶴見区,0,70006857,土地家屋調査士法人申告書Ｏ＆Ｐ＆Ｑ生命保険,鶴見区向井町４丁目１５番１６−１７−１８−１２号,,2025,0,0,0,0,0,19525000,10464688,10464688,10464688,13,73897300,4318592,4318592,4318592,9,0,0,0,0,0,3925000,2172632,2172632,2172632,4,810300,741140,741140,741140,3,98157600,17697052,17697052,17697052,29,0,0,,,,東京都新宿区新宿センタービル４８階２番１９−９号
鶴見区,0,70006865,社会保険労務士法人共有Ｄ＆Ｅ＆Ｆ生命保険,鶴見区馬場６丁目１６番８−５号,,2025,5168000,2524303,2524303,2524303,10,15239500,10182481,10182481,10182481,9,18164700,10993768,10993768,10993768,5,0,0,0,0,0,1356400,1122798,1122798,1122798,4,0,0,0,0,0,39928600,24823350,24823350,24823350,28,0,0,,,,中白根２丁目１７番５−７−１５号
鶴見区,0,70006873,組合区分クリーニング,鶴見区矢向６丁目１番９−４−４−１１号,,2025,9185900,3222844,3222844,3222844,12,3928700,2839813,2839813,2839813,7,117595700,66297748,66297748,66297748,8,0,0,0,0,0,4680200,3757236,3757236,3757236,3,0,0,0,0,0,135390500,76117641,76117641,76117641,30,0,0,,,,金が谷１丁目１２番１８−１１号
鶴見区,0,70006881,企業組合車両電気屋,鶴見区岸谷１丁目１８番３−１２号,,2025,8848100,6035112,6035112,6035112,9,0,0,0,0,0,0,0,0,0,0,0,0,0,0,0,6520000,1771750,1771750,1771750,3,579000,344156,344156,344156,5,15947100,8151018,8151018,8151018,17,0,0,,,,富岡東４丁目１４番１１−１３号
鶴見区,0,70006890,労働組合村ＲＳＴ生命保険,鶴見区矢向４丁目１３番４−１８−１９−１８号,,2025,0,0,0,0,0,0,0,0,0,0,77233300,6897570,6897570,6897570,14,0,0,0,0,0,2155000,695018,695018,695018,2,8502500,2211554,2211554,2211554,17,87890800,9804142,9804142,9804142,33,0,0,,,,片倉３丁目１０番１５−１９−８−１６号
鶴見区,0,70006903,協同組合画地ＵＶＷ生命保険,鶴見区元宮１丁目１９番２０−２−８−１４号,,2025,0,0,0,0,0,2079500,1787690,1787690,1787690,3,128732100,6450384,6450384,6450384,11,0,0,0,0,0,0,0,0,0,0,2930300,1361294,1361294,1361294,9,133741900,9599368,9599368,9599368,23,0,0,,,,上瀬谷町１８番１２−２０−２号
鶴見区,0,70006911,協同組合連合会封入コンビニエンスストア,鶴見区諏訪坂１４番１８−１０−６−７号,,2025,5619200,2157537,2157537,2157537,9,0,0,0,0,0,59098400,32377197,32377197,32377197,12,0,0,0,0,0,5866600,3172217,3172217,3172217,3,4035100,1079419,1079419,1079419,11,74619300,38786370,38786370,38786370,35,0,0,,,,犬山町４番８−３−７号
鶴見区,0,70006920,協業組合速報ラーメン,鶴見区元宮２丁目１９番１２−２０−２号,,2025,11539600,4088135,4088135,4088135,8,7315000,5309716,5309716,5309716,9,0,0,0,0,0,0,0,0,0,0,0,0,0,0,0,0,0,0,0,0,18854600,9397851,9397851,9397851,17,0,0,,,,栄町通４丁目１番２−６−８−８号
鶴見区,0,70006938,信用組合普徴電気屋,鶴見区駒岡４丁目２０番２０−１８−１８−６号,,2025,0,0,0,0,0,0,0,0,0,0,139052500,69633707,69633707,69633707,6,0,0,0,0,0,2863800,262927,262927,262927,2,3460800,2005150,2005150,2005150,12,145377100,71901784,71901784,71901784,20,0,0,,,,永田東１丁目１８番１号
鶴見区,0,70006946,森林組合自治東部酪農農業,鶴見区上末吉２丁目１８番１９−３−１４−２号,,2025,26008700,21243537,21243537,21243537,20,2285600,1354582,1354582,1354582,3,83577300,8440583,8440583,8440583,7,0,0,0,0,0,6945200,2883238,2883238,2883238,5,2514700,1895628,1895628,1895628,5,121331500,35817568,35817568,35817568,40,0,0,,,,中白根３丁目７番８−４−２号
鶴見区,0,70006954,蚕糸組合副本ＩＪＫ生命保険,鶴見区北寺尾１丁目１４番１１−１７−１３−６号,,2025,13215500,4169033,4169033,4169033,12,24573690,2872073,2872073,2872073,14,12519900,7480448,7480448,7480448,6,0,0,0,0,0,7393200,3950713,3950713,3950713,7,442800,232844,232844,232844,4,58145090,18705111,18705111,18705111,43,0,0,,,,宮沢３丁目１２番
鶴見区,0,70006962,振興組合一部電気店,鶴見区江ケ崎町１７番１０−１０−４−４号,,2025,19661000,9265510,9265510,9265510,15,0,0,0,0,0,0,0,0,0,0,0,0,0,0,0,23716700,3228522,3228522,3228522,17,0,0,0,0,0,43377700,12494032,12494032,12494032,32,0,0,,,,石川町２丁目６番１６号
鶴見区,0,70006971,貸家組合分納文房具店,鶴見区潮田町４丁目８番１７−１４−１９−１１号,,2025,1468500,1348443,1348443,1348443,3,0,0,0,0,0,0,0,0,0,0,0,0,0,0,0,1575000,1230075,1230075,1230075,1,3148100,735314,735314,735314,12,6191600,3313832,3313832,3313832,16,0,0,,,,上永谷町８番９−１２−６号
鶴見区,0,70006989,健康保険組合申告電気店,鶴見区栄町通２丁目４番５−４−１７−２０号,,2025,0,0,0,0,0,0,0,0,0,0,43957900,26441923,26441923,26441923,11,0,0,0,0,0,11953200,612853,612853,612853,12,2039800,1672240,1672240,1672240,5,57950900,28727016,28727016,28727016,28,0,0,,,,上大岡東１丁目１６番１０−２号
鶴見区,0,70006997,農業協同組合滞納ＩＪＫ生命保険,鶴見区向井町２丁目１７番１３−１３−４−３号,,2025,0,0,0,0,0,3556100,1373022,1373022,1373022,5,0,0,0,0,0,0,0,0,0,0,13434300,7315541,7315541,7315541,9,1379600,852210,852210,852210,2,18370000,9540773,9540773,9540773,16,0,0,,,,六ツ川４丁目１５番１６−２号
鶴見区,0,70007004,漁業協同組合非合算家󠄂電,鶴見区下末吉５丁目１８番１０−９−１３−１２号,,2025,15265000,8348828,8348828,8348828,11,5231690,2817443,2817443,2817443,3,8529200,4753001,4753001,4753001,2,0,0,0,0,0,3766600,3200035,3200035,3200035,2,0,0,0,0,0,32792490,19119307,19119307,19119307,18,0,0,,,,鴨居３丁目１９番２０号
鶴見区,0,70007012,生活協同組合口振ラーメン屋,鶴見区汐入町３丁目１８番１０−１３−１５−２０号,,2025,5504900,3973978,3973978,3973978,4,351100,312493,312493,312493,2,111703000,39699502,39699502,39699502,10,0,0,0,0,0,2620700,146689,146689,146689,3,11422900,3968886,3968886,3968886,18,131602600,48101548,48101548,48101548,37,0,0,,,,中田東４丁目１２番９−１９号
鶴見区,0,70007021,船主相互保険組合非課税西部酪農農業,鶴見区上末吉１丁目１２番７−１１−４−６号,,2025,4302000,3429044,3429044,3429044,5,16537300,9533137,9533137,9533137,10,6723600,1074663,1074663,1074663,5,0,0,0,0,0,20605900,2160118,2160118,2160118,13,0,0,0,0,0,48168800,16196962,16196962,16196962,33,0,0,,,,相沢６丁目１番１４−１０−７−１５号
鶴見区,0,70007039,協会通番生命保険,鶴見区鶴見中央５丁目１番３−９−２０−１０号,,2025,486100,451586,451586,451586,1,13422500,3500000,3500000,3500000,7,142654200,68408976,68408976,68408976,12,0,0,0,0,0,1350000,592544,592544,592544,1,550000,27500,27500,27500,2,158462800,72980606,72980606,72980606,23,0,0,,,,仲町台１丁目１０番１３−１−４−２０号
鶴見区,0,70007063,医師会総括表ラーメン,鶴見区浜町２丁目１０番,,2025,12171300,9992401,9992401,9992401,13,12297000,8193779,8193779,8193779,7,133014700,14478280,14478280,14478280,10,0,0,0,0,0,675000,590625,590625,590625,1,3145700,567144,567144,567144,5,161303700,33822229,33822229,33822229,36,0,0,,,,牛久保西１丁目１０番
鶴見区,0,70007071,協力会外字ＲＳＴ生命保険,鶴見区東寺尾東台１８番２０−８号,,2025,4914400,3388038,3388038,3388038,4,1534156,1008244,1008244,1008244,4,103473600,29443261,29443261,29443261,8,0,0,0,0,0,15785100,1406897,1406897,1406897,13,0,0,0,0,0,125707256,35246440,35246440,35246440,29,0,0,,,,綱島西４丁目１６番１６−１０−８−１６号
鶴見区,0,70007080,共済会進達Ｌ＆Ｍ＆Ｎ生命保険,鶴見区矢向２丁目１５番２０−１４−１４号,,2025,13130400,3416225,3416225,3416225,9,13566478,1432126,1432126,1432126,11,84963800,60223928,60223928,60223928,6,0,0,0,0,0,0,0,0,0,0,1841000,1641155,1641155,1641155,5,113501678,66713434,66713434,66713434,31,0,0,,,,中田西３丁目８番
鶴見区,0,70007098,信用金庫日次文具,鶴見区大東町４番９−３−６−１９号,,2025,740700,664407,664407,664407,1,35640600,9570596,9570596,9570596,18,1980000,750777,750777,750777,2,0,0,0,0,0,17887200,1794311,1794311,1794311,15,450000,373500,373500,373500,2,56698500,13153591,13153591,13153591,38,0,0,,,,峰町１１番
鶴見区,0,70007101,労働金庫免税点未満レンタカー,鶴見区本町通１丁目７番１２−５−１５−３号,,2025,0,0,0,0,0,15130678,9705606,9705606,9705606,4,39192800,17202581,17202581,17202581,3,0,0,0,0,0,21085200,6627560,6627560,6627560,19,0,0,0,0,0,75408678,33535747,33535747,33535747,26,0,0,,,,和泉が丘２丁目１３番
鶴見区,0,70007110,中央金庫軽自学園,鶴見区平安町２丁目１２番１７−２０−６−１０号,,2025,6131800,2774777,2774777,2774777,6,3393600,2210016,2210016,2210016,4,55625600,46061763,46061763,46061763,5,0,0,0,0,0,8948800,5192673,5192673,5192673,9,0,0,0,0,0,74099800,56239229,56239229,56239229,24,0,0,,,,霧が丘１丁目１４番
鶴見区,0,70007128,商工会議所口座振替ＩＪＫ生命保険,鶴見区岸谷３丁目１２番１９−３−１６−１２号,,2025,0,0,0,0,0,0,0,0,0,0,0,0,0,0,0,0,0,0,0,0,81232880,17058904,17058904,17058904,9802,46779847,9823767,9823767,9823767,3669,128012727,26882671,26882671,26882671,13471,0,0,,,,根岸町２丁目２０番２０号
鶴見区,0,70007136,証券取引所異動Ｉ＆Ｊ＆Ｋ生命保険,鶴見区上末吉１丁目６番１８−２０−１１−１４号,,2025,9836300,2920561,2920561,2920561,7,0,0,0,0,0,59700400,29409317,29409317,29409317,9,0,0,0,0,0,13047500,8802885,8802885,8802885,12,0,0,0,0,0,82584200,41132763,41132763,41132763,28,0,0,,,,桜木町４丁目８番
鶴見区,0,70007144,事業団充当八百屋,鶴見区生麦１丁目１７番９−６−７−１１号,,2025,8764400,2310836,2310836,2310836,12,4496000,3664650,3664650,3664650,2,133656100,91292362,91292362,91292362,8,0,0,0,0,0,10880000,589087,589087,589087,9,551000,477678,477678,477678,3,158347500,98334613,98334613,98334613,34,0,0,,,,保土ケ谷町３丁目８番２０−９号
鶴見区,0,70007152,企業団組合レンタカー,鶴見区梶山２丁目２０番１６−１５−１７−１８号,,2025,2808600,2609189,2609189,2609189,1,30109078,11624129,11624129,11624129,11,57945500,29797614,29797614,29797614,10,0,0,0,0,0,0,0,0,0,0,13511300,8021161,8021161,8021161,19,104374478,52052093,52052093,52052093,41,0,0,,,,北山田７丁目１４番
鶴見区,0,70007161,厚生年金基金処理Ｏ＆Ｐ＆Ｑ生命保険,鶴見区東寺尾６丁目６番６−５−１５−５号,,2025,10664300,8615009,8615009,8615009,9,23103200,17961621,17961621,17961621,10,0,0,0,0,0,0,0,0,0,0,12638300,4515408,4515408,4515408,14,3998800,2613251,2613251,2613251,7,50404600,33705289,33705289,33705289,40,0,0,,,,森６丁目９番
鶴見区,0,70007179,郵便局高層Ｕ＆Ｖ＆Ｗ生命保険,鶴見区東寺尾５丁目４番７−７−６−２号,,2025,18247300,6542422,6542422,6542422,15,26033790,19679336,19679336,19679336,8,4595000,2363046,2363046,2363046,3,0,0,0,0,0,10673100,1900681,1900681,1900681,12,6007400,1927282,1927282,1927282,15,65556590,32412767,32412767,32412767,53,0,0,,,,楠町１２番
鶴見区,0,70007195,カンパニー定時スーパー,鶴見区尻手３丁目９番,,2025,6978400,5282115,5282115,5282115,6,1858000,1187009,1187009,1187009,5,230130800,39002470,39002470,39002470,16,0,0,0,0,0,6108300,3674325,3674325,3674325,4,1930300,429934,429934,429934,7,247005800,49575853,49575853,49575853,38,0,0,,,,氷取沢町２０番１９−１９−７号
鶴見区,0,70007209,リミテッド車両番号ラーメン屋,鶴見区梶山１丁目２０番１７−１−１７−１７号,,2025,0,0,0,0,0,0,0,0,0,0,57195500,27047031,27047031,27047031,3,0,0,0,0,0,7310000,1498550,1498550,1498550,4,4403100,739111,739111,739111,8,68908600,29284692,29284692,29284692,15,0,0,,,,上矢部町１８番１８号
鶴見区,0,70007217,コーポレーション滅失証明ＲＳＴ生命保険,鶴見区潮田町４丁目１４番３−１９−８−９号,,2025,0,0,0,0,0,15911400,13094431,13094431,13094431,8,64610100,31985227,31985227,31985227,6,0,0,0,0,0,7403200,489398,489398,489398,8,355000,184757,184757,184757,2,88279700,45753813,45753813,45753813,24,0,0,,,,釜利谷西２丁目１２番
鶴見区,0,70007225,インコーポレーション会計年度テレビ,鶴見区下末吉６丁目２０番,,2025,10643300,7070455,7070455,7070455,7,3330000,2860185,2860185,2860185,3,85684600,12553762,12553762,12553762,9,0,0,0,0,0,17872700,8809957,8809957,8809957,13,0,0,0,0,0,117530600,31294359,31294359,31294359,32,0,0,,,,緑園３丁目１２番２号
鶴見区,0,70007233,共有珈琲,鶴見区佃野町４番１８−１１−１１−４号,,2025,5232100,3726393,3726393,3726393,3,24678190,11221862,11221862,11221862,14,42346500,20431588,20431588,20431588,6,0,0,0,0,0,6838300,4016987,4016987,4016987,6,0,0,0,0,0,79095090,39396830,39396830,39396830,29,0,0,,,,弁天通４丁目１０番９号
鶴見区,0,70007241,認証薬局,鶴見区向井町１丁目３番５−１１−１７−１２号,,2025,12090400,3626392,3626392,3626392,9,7506800,5854446,5854446,5854446,7,86437700,4356617,4356617,4356617,11,0,0,0,0,0,419000,259444,259444,259444,1,1527300,1292378,1292378,1292378,3,107981200,15389277,15389277,15389277,31,0,0,,,,福浦２丁目１４番９−７−９号
鶴見区,0,70007250,例月更正商店,鶴見区本町通３丁目１１番１６−８−１３−３号,,2025,291500,99007,99007,99007,1,7966178,4100287,4100287,4100287,5,0,0,0,0,0,0,0,0,0,0,19416400,6461845,6461845,6461845,19,3037800,1309013,1309013,1309013,8,30711878,11970152,11970152,11970152,33,0,0,,,,高舟台２丁目１９番
鶴見区,0,70007268,非合併サイクル,鶴見区栄町通１丁目１０番３−２０−１５−６号,,2025,8658900,7122852,7122852,7122852,7,385678,345378,345378,345378,3,57819700,3370021,3370021,3370021,18,0,0,0,0,0,10615000,6838797,6838797,6838797,8,2827600,1794594,1794594,1794594,7,80306878,19471642,19471642,19471642,43,0,0,,,,森の台９番５−７−１−３号
鶴見区,0,70007276,申告テレビ,鶴見区向井町４丁目１８番８−８−１５−６号,,2025,0,0,0,0,0,0,0,0,0,0,0,0,0,0,0,0,0,0,0,0,0,0,0,0,0,12198200,3522179,3522179,3522179,15,12198200,3522179,3522179,3522179,15,0,0,,,,鶴ケ峰２丁目１１番２０−６−３−１３号
鶴見区,0,70007284,直接スポーツショップ,鶴見区獅子ケ谷２丁目８番１５−８−１−１７号,,2025,27469800,8636340,8636340,8636340,21,0,0,0,0,0,19599900,2668273,2668273,2668273,6,0,0,0,0,0,13703900,8571319,8571319,8571319,11,4022200,2229977,2229977,2229977,8,64795800,22105909,22105909,22105909,46,0,0,,,,釜利谷西３丁目１２番
鶴見区,0,70007292,転入はひふへほ内科クリニック,鶴見区東寺尾３丁目１５番１２−６−１１−４号,,2025,815900,734267,734267,734267,2,4646478,3073271,3073271,3073271,8,309091900,124157161,124157161,124157161,23,0,0,0,0,0,4604300,3628538,3628538,3628538,4,0,0,0,0,0,319158578,131593237,131593237,131593237,37,0,0,,,,日野３丁目５番１３−１−１８号
鶴見区,0,70007306,最新書店,鶴見区本町通４丁目７番１１−３−１−９号,,2025,0,0,0,0,0,0,0,0,0,0,0,0,0,0,0,0,0,0,0,0,0,0,0,0,0,95165075,19984665,19984665,19984665,5289,95165075,19984665,19984665,19984665,5289,0,0,,,,中田西２丁目２０番１４−８−４−５号
鶴見区,0,70007314,基盤ＧＨＩ生命保険,鶴見区市場西中町５番２０−１３−１−１４号,,2025,0,0,0,0,0,12737000,8555028,8555028,8555028,14,0,0,0,0,0,0,0,0,0,0,8141300,4170632,4170632,4170632,5,3059500,767835,767835,767835,9,23937800,13493495,13493495,13493495,28,0,0,,,,桂台西１丁目３番２０−１０−３−６号
鶴見区,0,70007322,年次まみむめも内科クリニック,鶴見区駒岡３丁目３番１６−５−１９−２号,,2025,13353400,4483253,4483253,4483253,15,0,0,0,0,0,239544900,110370381,110370381,110370381,14,0,0,0,0,0,3791400,2122792,2122792,2122792,5,0,0,0,0,0,256689700,116976426,116976426,116976426,34,0,0,,,,下瀬谷３丁目９番１１−５−１２号
鶴見区,0,70007331,内部学校,鶴見区北寺尾１丁目３番１７−１２−９−２号,,2025,0,0,0,0,0,9854500,6969763,6969763,6969763,3,86571700,46977241,46977241,46977241,6,0,0,0,0,0,6347300,5022453,5022453,5022453,5,1000500,653550,653550,653550,5,103774000,59623007,59623007,59623007,19,0,0,,,,杉田８丁目１８番５−１１号
鶴見区,0,70007349,直接らりるれろ内科クリニック,鶴見区諏訪坂１１番１５−１７−７−１１号,,2025,4087300,3797101,3797101,3797101,2,9799780,6961424,6961424,6961424,4,213626500,20125153,20125153,20125153,14,0,0,0,0,0,10485200,4674771,4674771,4674771,10,0,0,0,0,0,237998780,35558449,35558449,35558449,30,0,0,,,,本村町２番１０−１３−８−５号
鶴見区,0,70007357,統合ストア,鶴見区仲通１丁目７番５号,,2025,11668000,4841668,4841668,4841668,10,10324800,5716862,5716862,5716862,7,72309100,30373769,30373769,30373769,12,0,0,0,0,0,0,0,0,0,0,0,0,0,0,0,94301900,40932299,40932299,40932299,29,0,0,,,,吉野町３丁目１７番４号
鶴見区,0,70007365,型式テレビ,鶴見区東寺尾４丁目５番１２−２−５号,,2025,1216500,969649,969649,969649,1,6263000,4587008,4587008,4587008,5,80884800,65834710,65834710,65834710,7,0,0,0,0,0,560000,28000,28000,28000,1,11302800,2120168,2120168,2120168,14,100227100,73539535,73539535,73539535,28,0,0,,,,中野町１５番
鶴見区,0,70007373,金融クリーニング,鶴見区生麦５丁目１９番９−３−１５−３号,,2025,0,0,0,0,0,8323368,4176625,4176625,4176625,7,38058200,29801485,29801485,29801485,4,0,0,0,0,0,0,0,0,0,0,12700600,5466229,5466229,5466229,18,59082168,39444339,39444339,39444339,29,0,0,,,,奈良２丁目５番１５号
鶴見区,0,70007381,速報Ｘ＆Ｙ＆Ｚ生命保険,鶴見区獅子ケ谷２丁目１８番１５−１０−１−１７号,,2025,63294029,13291746,13291746,13291746,7558,0,0,0,0,0,0,0,0,0,0,66027231,13865718,13865718,13865718,727,0,0,0,0,0,56141712,11789759,11789759,11789759,6026,185462972,38947223,38947223,38947223,14311,0,0,,,,宮田町２丁目４番３−５−５−１７号
鶴見区,0,70007390,交渉経過Ｉ＆Ｊ＆Ｋ生命保険,鶴見区獅子ケ谷１丁目１４番２−１３−１４−１９号,,2025,8239700,3462873,3462873,3462873,10,574300,242249,242249,242249,2,41711400,27872286,27872286,27872286,8,0,0,0,0,0,11651300,3664314,3664314,3664314,10,9002100,2634756,2634756,2634756,6,71178800,37876478,37876478,37876478,36,0,0,,,,能見台東５番１０−２０−５号
鶴見区,0,70007403,外字ブックストア,鶴見区東寺尾２丁目８番１３−１６−１４−４号,,2025,5289500,4268217,4268217,4268217,12,0,0,0,0,0,122332600,13372763,13372763,13372763,18,0,0,0,0,0,0,0,0,0,0,9998500,2700627,2700627,2700627,18,137620600,20341607,20341607,20341607,48,0,0,,,,長津田１丁目２番１７−１９−８号
鶴見区,0,70007411,分納さしすせそ内科クリニック,鶴見区大黒ふ頭９番１９−８−８号,,2025,5480900,4065699,4065699,4065699,6,9912190,4075140,4075140,4075140,7,0,0,0,0,0,0,0,0,0,0,8698800,3933124,3933124,3933124,8,0,0,0,0,0,24091890,12073963,12073963,12073963,21,0,0,,,,東寺尾中台１８番１３−１０−９−４号
鶴見区,0,70007420,速報旅館,鶴見区矢向５丁目２番１７−１７−２０号,,2025,9920900,2836268,2836268,2836268,11,8434500,3594078,3594078,3594078,11,54096500,29122145,29122145,29122145,7,0,0,0,0,0,3934300,1218219,1218219,1218219,4,1576000,103676,103676,103676,5,77962200,36874386,36874386,36874386,38,0,0,,,,楠町４番１９号
鶴見区,0,70007438,二輪ＤＥＦ生命保険,鶴見区安善町２丁目２番１０−１４−６−１５号,,2025,4582100,1817896,1817896,1817896,8,0,0,0,0,0,0,0,0,0,0,0,0,0,0,0,4844600,2423879,2423879,2423879,4,118000,40078,40078,40078,1,9544700,4281853,4281853,4281853,13,0,0,,,,新山下１丁目１２番１０号
鶴見区,0,70007446,封入封緘Ｘ＆Ｙ＆Ｚ生命保険,鶴見区獅子ケ谷２丁目１５番１６−１９−８−２号,,2025,4590300,1695489,1695489,1695489,7,9419500,5996484,5996484,5996484,3,26103100,13339115,13339115,13339115,2,0,0,0,0,0,2499000,2003250,2003250,2003250,3,9776000,2537512,2537512,2537512,14,52387900,25571850,25571850,25571850,29,0,0,,,,下野谷町３丁目３番１５−１９−２０−２号
鶴見区,0,70007454,高額納税ラーメン屋,鶴見区矢向５丁目２番１０−６−１０−６号,,2025,0,0,0,0,0,12212480,6326114,6326114,6326114,14,155047200,104805165,104805165,104805165,15,0,0,0,0,0,7000800,3292732,3292732,3292732,9,0,0,0,0,0,174260480,114424011,114424011,114424011,38,0,0,,,,白根６丁目８番１３号
鶴見区,0,70007462,調査ドラッグストア,鶴見区東寺尾北台１４番２−８−８−４号,,2025,6394200,5150488,5150488,5150488,8,1170000,1023750,1023750,1023750,2,117154300,19826180,19826180,19826180,13,0,0,0,0,0,5644900,3262703,3262703,3262703,7,5590500,1682368,1682368,1682368,15,135953900,30945489,30945489,30945489,45,0,0,,,,岡村１丁目１０番１８号
鶴見区,0,70007471,警告薬局,鶴見区向井町３丁目５番１５−７−５−１０号,,2025,0,0,0,0,0,9101278,2741578,2741578,2741578,8,84397200,40997039,40997039,40997039,9,0,0,0,0,0,0,0,0,0,0,2818000,1662067,1662067,1662067,6,96316478,45400684,45400684,45400684,23,0,0,,,,中野町３番１−１２号
鶴見区,0,70007489,被保クリニック,鶴見区元宮２丁目３番１−２−１３−１６号,,2025,0,0,0,0,0,21964200,11668645,11668645,11668645,10,162426700,49560444,49560444,49560444,23,0,0,0,0,0,4561700,2080055,2080055,2080055,4,3989800,2513626,2513626,2513626,6,192942400,65822770,65822770,65822770,43,0,0,,,,新川町４丁目１３番３−１５号
鶴見区,0,70007501,連絡生命保険,鶴見区東寺尾１丁目１３番１８−１３−２０−４号,,2025,2790000,2048094,2048094,2048094,4,21990178,13758155,13758155,13758155,15,0,0,0,0,0,0,0,0,0,0,8204800,4309353,4309353,4309353,10,2632000,854086,854086,854086,2,35616978,20969688,20969688,20969688,31,0,0,,,,南浅間町１番１５−１７−５号
鶴見区,0,70007519,扶養損害保険,鶴見区矢向２丁目１５番１７号,,2025,0,0,0,0,0,13964800,8774485,8774485,8774485,7,485600,164932,164932,164932,1,0,0,0,0,0,2934000,316507,316507,316507,4,0,0,0,0,0,17384400,9255924,9255924,9255924,12,0,0,,,,港南台６丁目１６番１２−２−６−１号
鶴見区,0,70007527,口振なにぬねの内科クリニック,鶴見区平安町２丁目１３番５−２０−１２−１号,,2025,7610400,5418108,5418108,5418108,6,4250780,2675135,2675135,2675135,7,71377000,43152571,43152571,43152571,3,0,0,0,0,0,0,0,0,0,0,6935700,2301355,2301355,2301355,16,90173880,53547169,53547169,53547169,32,0,0,,,,桂台北１５番５号
鶴見区,0,70007535,学生学校,鶴見区佃野町１４番１７−２０−８−１６号,,2025,0,0,0,0,0,3662300,392916,392916,392916,4,43142800,22415961,22415961,22415961,2,0,0,0,0,0,0,0,0,0,0,2770800,221670,221670,221670,7,49575900,23030547,23030547,23030547,13,0,0,,,,滝頭３丁目１番
鶴見区,0,70007543,屋根東部酪農農業,鶴見区鶴見中央１丁目１７番９−２０−９−１８号,,2025,3681700,2461257,2461257,2461257,4,0,0,0,0,0,39291400,26183732,26183732,26183732,3,0,0,0,0,0,10613000,2054562,2054562,2054562,12,440000,369600,369600,369600,1,54026100,31069151,31069151,31069151,20,0,0,,,,仲通２丁目１５番１４−３−１１−１０号
鶴見区,0,70007551,年金Ｕ＆Ｖ＆Ｗ生命保険,鶴見区矢向６丁目７番４−７−１９−１７号,,2025,0,0,0,0,0,0,0,0,0,0,0,0,0,0,0,0,0,0,0,0,0,0,0,0,0,22220459,4666296,4666296,4666296,6246,22220459,4666296,4666296,4666296,6246,0,0,,,,本宿町１６番１６−１７−３−２号
鶴見区,0,70007560,処分レストラン,鶴見区鶴見中央５丁目１７番１−７−７−５号,,2025,913000,650255,650255,650255,1,14560000,10031004,10031004,10031004,4,72885000,41237669,41237669,41237669,7,0,0,0,0,0,0,0,0,0,0,12498000,3219981,3219981,3219981,28,100856000,55138909,55138909,55138909,40,0,0,,,,竹山３丁目２番
鶴見区,0,70007578,郵便番号なにぬねの内科クリニック,鶴見区馬場３丁目１２番１０−１８−１１−９号,,2025,0,0,0,0,0,28866017,6061863,6061863,6061863,94697,0,0,0,0,0,0,0,0,0,0,0,0,0,0,0,89427666,18779809,18779809,18779809,3178,118293683,24841672,24841672,24841672,97875,0,0,,,,大阪市東淀川区東淡路５丁目１０番
鶴見区,0,70007594,住宅レストラン,鶴見区矢向２丁目８番１６−７−１−７号,,2025,740700,664407,664407,664407,1,17514390,2544936,2544936,2544936,14,0,0,0,0,0,0,0,0,0,0,9012800,4257479,4257479,4257479,7,1753800,1451190,1451190,1451190,3,29021690,8918012,8918012,8918012,25,0,0,,,,共進町１丁目８番１−１０号
鶴見区,0,70007608,税目Ｇ＆Ｈ＆Ｉ生命保険,鶴見区潮田町４丁目２番１号,,2025,33949200,10021722,10021722,10021722,23,0,0,0,0,0,460000,395600,395600,395600,1,0,0,0,0,0,7224900,3372964,3372964,3372964,4,1762000,1054902,1054902,1054902,5,43396100,14845188,14845188,14845188,33,0,0,,,,★沢７丁目１３番１２−１２−１４−１８号
鶴見区,0,70007616,印字電気店,鶴見区生麦３丁目１１番２−６−７−２０号,,2025,6680000,5770435,5770435,5770435,9,1490000,350453,350453,350453,2,82495200,41973364,41973364,41973364,5,0,0,0,0,0,0,0,0,0,0,6021800,3210853,3210853,3210853,18,96687000,51305105,51305105,51305105,34,0,0,,,,堀ノ内町２丁目８番１号
鶴見区,0,70007624,地電協文房具店,鶴見区大黒町９番２−９−２−８号,,2025,11606900,9896408,9896408,9896408,10,15316000,6623989,6623989,6623989,4,59943000,3007302,3007302,3007302,10,0,0,0,0,0,6347200,2248434,2248434,2248434,8,0,0,0,0,0,93213100,21776133,21776133,21776133,32,0,0,,,,愛媛■県今治市鯉池町１丁目１１番７号
鶴見区,0,70007632,郵便局ラーメン,鶴見区平安町２丁目１４番４−１０−１１−２号,,2025,18282200,6864701,6864701,6864701,17,0,0,0,0,0,7843500,4376727,4376727,4376727,5,0,0,0,0,0,3850500,3091146,3091146,3091146,3,0,0,0,0,0,29976200,14332574,14332574,14332574,25,0,0,,,,折本町７番４−１８号
鶴見区,0,70007641,調整まみむめも内科クリニック,鶴見区三ツ池公園１２番１９−４−１２−９号,,2025,2635600,1694381,1694381,1694381,2,12557178,7871309,7871309,7871309,9,118028700,91925139,91925139,91925139,7,0,0,0,0,0,3475200,493896,493896,493896,4,3537400,1252158,1252158,1252158,12,140234078,103236883,103236883,103236883,34,0,0,,,,新井町９番２−１−７−１４号
鶴見区,0,70007659,投票はひふへほ内科クリニック,鶴見区下末吉４丁目９番７−１０−１０−１０号,,2025,3181000,2955148,2955148,2955148,2,8618800,5094386,5094386,5094386,8,33224600,4557820,4557820,4557820,4,0,0,0,0,0,4658500,2303031,2303031,2303031,2,445500,418989,418989,418989,2,50128400,15329374,15329374,15329374,18,0,0,,,,日吉本町２丁目６番４−１８号
鶴見区,0,70007667,収滞納蕎麦屋,鶴見区鶴見２丁目１８番１３−７−９−２０号,,2025,3997800,2861902,2861902,2861902,6,4378600,740371,740371,740371,7,12410600,9692675,9692675,9692675,5,0,0,0,0,0,6245000,5012195,5012195,5012195,4,1666500,1213925,1213925,1213925,5,28698500,19521068,19521068,19521068,27,0,0,,,,新横浜３丁目１８番
鶴見区,0,70007675,償却銀行,鶴見区元宮１丁目９番９−２０−７−１７号,,2025,2447800,1873516,1873516,1873516,4,0,0,0,0,0,86298200,43122023,43122023,43122023,11,0,0,0,0,0,16656600,8671994,8671994,8671994,13,0,0,0,0,0,105402600,53667533,53667533,53667533,28,0,0,,,,東山田４丁目１３番２−９−８−７号
鶴見区,0,70007691,表示クリニック,鶴見区駒岡５丁目１２番１４−２−１９−７号,,2025,7237900,6231343,6231343,6231343,6,20218000,2733746,2733746,2733746,11,0,0,0,0,0,0,0,0,0,0,8768500,4341965,4341965,4341965,4,0,0,0,0,0,36224400,13307054,13307054,13307054,21,0,0,,,,富士見町１６番１２−５−３号
鶴見区,0,70007705,総括農場,鶴見区本町通４丁目１０番１４−１８−１８−７号,,2025,3368000,1050380,1050380,1050380,5,0,0,0,0,0,41064500,2067004,2067004,2067004,5,0,0,0,0,0,2775000,183837,183837,183837,2,7524000,5227411,5227411,5227411,18,54731500,8528632,8528632,8528632,30,0,0,,,,中田北１丁目７番３−１９−１３号
鶴見区,0,70007713,届出の本屋,鶴見区上末吉１丁目１０番１２−１７−１９−１２号,,2025,1386100,987203,987203,987203,2,12089700,1076893,1076893,1076893,5,430000,350450,350450,350450,1,0,0,0,0,0,6719900,2412788,2412788,2412788,8,10591600,2325228,2325228,2325228,15,31217300,7152562,7152562,7152562,31,0,0,,,,森の台１３番５−１９−１７−８号
鶴見区,0,70007730,全国のメガネ,鶴見区本町通４丁目８番１５−１９−５−１６号,,2025,8354000,5866368,5866368,5866368,12,338300,296122,296122,296122,2,1834900,273824,273824,273824,2,0,0,0,0,0,7890600,4769679,4769679,4769679,8,3640500,2847884,2847884,2847884,9,22058300,14053877,14053877,14053877,33,0,0,,,,平戸１丁目１７番３号
鶴見区,0,70007748,償却電気株式会社,鶴見区潮田町３丁目１７番１４−１７−４−１０号,1.23457E+12,2025,9102600,8346720,8346720,8346720,3,249600,231878,231878,231878,1,65322800,33764885,33764885,33764885,12,0,0,0,0,0,9281000,4817861,4817861,4817861,9,3610100,1933481,1933481,1933481,6,87566100,49094825,49094825,49094825,31,0,0,230,2,9999999999,菊名４丁目１４番２０−１−６号
鶴見区,0,70007756,組合電気店,鶴見区市場下町１番７−１０−１１−９号,,2025,1957800,1772146,1772146,1772146,3,1792000,1581840,1581840,1581840,3,1564000,772826,772826,772826,3,0,0,0,0,0,12414900,6134144,6134144,6134144,9,2248400,666195,666195,666195,10,19977100,10927151,10927151,10927151,28,0,0,,,,矢向１丁目５番６−１０−５−１５号
鶴見区,0,70007764,異動スイミングスクール,鶴見区矢向６丁目１番６−２−４−１６号,,2025,2586000,822345,822345,822345,1,0,0,0,0,0,71329600,58410275,58410275,58410275,7,0,0,0,0,0,1720000,1072850,1072850,1072850,2,2219600,1101011,1101011,1101011,6,77855200,61406481,61406481,61406481,16,0,0,,,,あざみ野３丁目１８番５号
鶴見区,0,70007772,還付ＡＢＣ生命保険,鶴見区平安町２丁目１４番４−１６−１７号,,2025,11163700,7589444,7589444,7589444,8,123000,47915,47915,47915,1,7872800,6249193,6249193,6249193,4,0,0,0,0,0,3889900,1175923,1175923,1175923,6,6936900,880025,880025,880025,19,29986300,15942500,15942500,15942500,38,0,0,,,,上矢部町１５番３−１−８号
鶴見区,0,70007781,更新西部酪農農業,鶴見区下野谷町１丁目１９番１３−１０−９−４号,,2025,3959100,3057667,3057667,3057667,7,692000,83412,83412,83412,2,80824100,61035466,61035466,61035466,5,0,0,0,0,0,0,0,0,0,0,5519400,2104071,2104071,2104071,12,90994600,66280616,66280616,66280616,26,0,0,,,,長津田みなみ台２丁目５番１９号
鶴見区,0,70007799,転居コンビニエンスストア,鶴見区東寺尾６丁目２０番１４−１１−２−３号,,2025,11668600,9094793,9094793,9094793,6,11621000,3506269,3506269,3506269,4,42064000,10431862,10431862,10431862,3,0,0,0,0,0,7262900,4146817,4146817,4146817,8,898600,173778,173778,173778,5,73515100,27353519,27353519,27353519,26,0,0,,,,徳島県徳島市伊賀町３丁目７番
鶴見区,0,70007802,警告ＸＹＺ生命保険,鶴見区潮田町４丁目１２番３−９−４−１１号,,2025,3207100,2283587,2283587,2283587,5,8124300,916759,916759,916759,9,119615000,48354984,48354984,48354984,11,0,0,0,0,0,1946200,1491703,1491703,1491703,4,2478700,1828651,1828651,1828651,6,135371300,54875684,54875684,54875684,35,0,0,,,,本郷台４丁目５番３号
鶴見区,0,70007811,全国コーヒー,鶴見区朝日町１丁目４番４−１８−１０−１６号,,2025,1520000,1412080,1412080,1412080,1,32629300,20955082,20955082,20955082,18,40542600,31790076,31790076,31790076,5,0,0,0,0,0,0,0,0,0,0,9515900,1945084,1945084,1945084,12,84207800,56102322,56102322,56102322,36,0,0,,,,みすずが丘１９番９−５−１５号
鶴見区,0,70007829,住居表示ＧＨＩ生命保険,鶴見区諏訪坂７番１−６−２０−１４号,,2025,4139200,3054749,3054749,3054749,6,2556400,1294767,1294767,1294767,5,298009800,170027145,170027145,170027145,16,0,0,0,0,0,0,0,0,0,0,1572000,828786,828786,828786,2,306277400,175205447,175205447,175205447,29,0,0,,,,岡村１丁目４番
鶴見区,0,70007845,督促工務店,鶴見区下野谷町１丁目１０番２−１０−１８−１７号,,2025,5865800,3836574,3836574,3836574,8,24285500,14037118,14037118,14037118,17,63897200,8413255,8413255,8413255,5,0,0,0,0,0,6823800,3160678,3160678,3160678,7,0,0,0,0,0,100872300,29447625,29447625,29447625,37,0,0,,,,桜木町４丁目１１番２−１０−６号
鶴見区,0,70007853,認証東部酪農農業,鶴見区生麦３丁目１０番１８−２０−１１−１６号,,2025,6620800,1944742,1944742,1944742,10,0,0,0,0,0,58126500,27315356,27315356,27315356,10,0,0,0,0,0,13413400,688800,688800,688800,12,4335600,3032022,3032022,3032022,12,82496300,32980920,32980920,32980920,44,0,0,,,,岡村５丁目１６番５−７−１３−１６号
鶴見区,0,70007861,都市計画レストラン,鶴見区馬場３丁目２０番９−６−８−７号,,2025,3323200,1934048,1934048,1934048,3,41186400,20581174,20581174,20581174,10,0,0,0,0,0,0,0,0,0,0,2359000,656539,656539,656539,2,15920800,4436338,4436338,4436338,11,62789400,27608099,27608099,27608099,26,0,0,,,,長津田みなみ台２丁目１７番２０−１２号
鶴見区,0,70007870,県のメガネ,鶴見区潮田町３丁目１番１−１５−１７−２０号,,2025,4170800,3847750,3847750,3847750,3,2571600,1379990,1379990,1379990,4,0,0,0,0,0,0,0,0,0,0,11508800,844921,844921,844921,11,1851500,1407283,1407283,1407283,5,20102700,7479944,7479944,7479944,23,0,0,,,,綱島東２丁目１１番１４−１１号
鶴見区,0,70007888,還付スーパー,鶴見区安善町１丁目１９番１８−１７−６−１９号,,2025,683200,139131,139131,139131,3,5780000,5297960,5297960,5297960,2,53104100,7902565,7902565,7902565,13,0,0,0,0,0,0,0,0,0,0,183400,117873,117873,117873,2,59750700,13457529,13457529,13457529,20,0,0,,,,上柏尾町１６番１７−１５号
鶴見区,0,70007900,公的年金やゆよ内科クリニック,鶴見区栄町通２丁目２番２−１２−２０−４号,,2025,0,0,0,0,0,7666200,5908846,5908846,5908846,7,62497400,16626920,16626920,16626920,11,0,0,0,0,0,0,0,0,0,0,0,0,0,0,0,70163600,22535766,22535766,22535766,18,0,0,,,,徳島県名西郡神山町上分字川又１８番１４号
鶴見区,0,70007918,画像󠄄ＧＨＩ生命保険,鶴見区上末吉５丁目１４番１８号,,2025,0,0,0,0,0,17688700,9219101,9219101,9219101,7,39674400,27334150,27334150,27334150,6,0,0,0,0,0,10060500,6047893,6047893,6047893,9,1464800,1013296,1013296,1013296,6,68888400,43614440,43614440,43614440,28,0,0,,,,西寺尾２丁目９番１０−１４−２−１７号
鶴見区,0,70007926,調査状況テレビ,鶴見区鶴見２丁目１番１７号,,2025,0,0,0,0,0,12712678,810435,810435,810435,6,50727500,8838821,8838821,8838821,6,0,0,0,0,0,0,0,0,0,0,4769300,2778541,2778541,2778541,12,68209478,12427797,12427797,12427797,24,0,0,,,,桂台中８番
鶴見区,0,70007934,進達南部酪農農業,鶴見区東寺尾北台７番１−１２−７号,,2025,0,0,0,0,0,11442100,3524471,3524471,3524471,10,193105000,51673051,51673051,51673051,13,0,0,0,0,0,4014900,2440795,2440795,2440795,5,1490600,519964,519964,519964,8,210052600,58158281,58158281,58158281,36,0,0,,,,篠原北２丁目１６番１２−８−４号
鶴見区,0,70007942,非課税Ｏ＆Ｐ＆Ｑ生命保険,鶴見区末広町１丁目１番１８−５−８−５号,,2025,2263900,1612390,1612390,1612390,1,40666400,23109061,23109061,23109061,16,88426300,40693290,40693290,40693290,9,0,0,0,0,0,7182500,2287729,2287729,2287729,5,5787000,1726399,1726399,1726399,14,144326100,69428869,69428869,69428869,45,0,0,,,,西神奈川２丁目１４番５−１４−８−４号
鶴見区,0,70007969,交付電気屋,鶴見区駒岡３丁目７番２−３−２−５号,,2025,4769800,3670320,3670320,3670320,4,8153790,6094649,6094649,6094649,9,0,0,0,0,0,0,0,0,0,0,8896300,688663,688663,688663,8,5014400,2921192,2921192,2921192,11,26834290,13374824,13374824,13374824,32,0,0,,,,南舞岡１丁目１８番１３−１９号
鶴見区,0,70007977,市街地ＧＨＩ生命保険,鶴見区東寺尾東台７番４−１７−１４−１１号,,2025,6930800,5358779,5358779,5358779,8,5495090,4100612,4100612,4100612,5,71577300,12493999,12493999,12493999,4,0,0,0,0,0,5598300,1645362,1645362,1645362,4,0,0,0,0,0,89601490,23598752,23598752,23598752,21,0,0,,,,乙舳町１９番１３−１９−２０−２号
鶴見区,0,70007985,併徴Ｕ＆Ｖ＆Ｗ生命保険,鶴見区馬場２丁目５番３−１８−４−１８号,,2025,12437200,6529550,6529550,6529550,8,0,0,0,0,0,46173800,15140872,15140872,15140872,6,0,0,0,0,0,9000200,450010,450010,450010,9,4027700,1710930,1710930,1710930,16,71638900,23831362,23831362,23831362,39,0,0,,,,南舞岡２丁目１３番１１号
鶴見区,0,70007993,都市計画珈琲,鶴見区元宮１丁目１３番１０−６−７−５号,,2025,10825900,2613382,2613382,2613382,8,0,0,0,0,0,112501400,20553593,20553593,20553593,10,0,0,0,0,0,2610500,2091836,2091836,2091836,3,0,0,0,0,0,125937800,25258811,25258811,25258811,21,0,0,,,,野毛町１丁目１２番
鶴見区,0,70008019,郵便番号農場,鶴見区鶴見１丁目１３番５−２０−１６−９号,,2025,2011400,1853280,1853280,1853280,4,0,0,0,0,0,44645700,36611804,36611804,36611804,10,0,0,0,0,0,13240000,8093448,8093448,8093448,11,0,0,0,0,0,59897100,46558532,46558532,46558532,25,0,0,,,,青木町６番１４−１−１９号
鶴見区,0,70008027,車両番号電気店,鶴見区潮田町３丁目３番１８−７−１０−１０号,,2025,1310100,862940,862940,862940,3,6363990,3901267,3901267,3901267,10,19277500,2335952,2335952,2335952,9,0,0,0,0,0,0,0,0,0,0,273600,113891,113891,113891,2,27225190,7214050,7214050,7214050,24,0,0,,,,釜利谷西３丁目５番１３−８−１４号
鶴見区,0,70008035,型式生命保険,鶴見区下野谷町３丁目２番１０号,,2025,486100,451586,451586,451586,1,6593100,4379566,4379566,4379566,4,236703000,86720346,86720346,86720346,25,0,0,0,0,0,12462000,638655,638655,638655,10,412200,327222,327222,327222,3,256656400,92517375,92517375,92517375,43,0,0,,,,新川町４丁目９番４−１０−１４号
鶴見区,0,70008051,郵便の時計,鶴見区栄町通３丁目１２番１９−１９−４−１４号,,2025,21120900,8993682,8993682,8993682,16,8897900,5091838,5091838,5091838,5,96848600,11215059,11215059,11215059,13,0,0,0,0,0,4570700,228535,228535,228535,8,575000,506700,506700,506700,2,132013100,26035814,26035814,26035814,44,0,0,,,,桂台北１４番８号
鶴見区,0,70008060,投票ラーメン屋,鶴見区鶴見１丁目１４番,,2025,3296000,2216667,2216667,2216667,4,0,0,0,0,0,147042000,32316169,32316169,32316169,12,0,0,0,0,0,11714900,2435914,2435914,2435914,10,974600,629026,629026,629026,4,163027500,37597776,37597776,37597776,30,0,0,,,,桜木町６丁目５番６−１５号
鶴見区,0,70008078,領収日テレビ,鶴見区下野谷町１丁目８番２０−９−１６−２号,,2025,1040300,427780,427780,427780,2,15695100,3765549,3765549,3765549,11,134621800,11454478,11454478,11454478,11,0,0,0,0,0,0,0,0,0,0,4747100,1461353,1461353,1461353,17,156104300,17109160,17109160,17109160,41,0,0,,,,森５丁目１２番２−１３−１６号
鶴見区,0,70008094,株式会社固定やゆよ内科クリニック,鶴見区向井町３丁目８番５−１８−２−１７号,,2025,5901100,2506835,2506835,2506835,3,0,0,0,0,0,88728100,36773124,36773124,36773124,8,0,0,0,0,0,0,0,0,0,0,1894000,1573660,1573660,1573660,6,96523200,40853619,40853619,40853619,17,0,0,,,,末吉町４丁目１５番１７−２０−１６−１号
鶴見区,0,70008108,有限会社権限Ｏ＆Ｐ＆Ｑ生命保険,鶴見区北寺尾１丁目９番,,2025,2918300,2672196,2672196,2672196,4,17821200,14919688,14919688,14919688,8,131626600,60891445,60891445,60891445,11,0,0,0,0,0,0,0,0,0,0,12122600,5551127,5551127,5551127,11,164488700,84034456,84034456,84034456,34,0,0,,,,南軽井沢８番１８号
鶴見区,0,70008116,合名会社口座振替ラーメン屋,鶴見区鶴見中央５丁目５番２０−１７−１９−１５号,,2025,19380000,7646836,7646836,7646836,18,19216268,8584554,8584554,8584554,16,78815800,47725654,47725654,47725654,5,0,0,0,0,0,20473000,12962298,12962298,12962298,12,0,0,0,0,0,137885068,76919342,76919342,76919342,51,0,0,,,,上永谷３丁目１２番２−１０−１４号
鶴見区,0,70008132,合同会社四輪テレビ,鶴見区岸谷４丁目１５番１８−１６−５−２０号,,2025,9063200,2649637,2649637,2649637,9,0,0,0,0,0,156075100,91746998,91746998,91746998,13,0,0,0,0,0,10584700,3150501,3150501,3150501,12,1225000,493807,493807,493807,2,176948000,98040943,98040943,98040943,36,0,0,,,,万代町１丁目１８番１９−８−１２号
鶴見区,0,70008141,相互会社環境電気屋,鶴見区馬場１丁目１１番６−７−１０−１９号,,2025,6712700,5179388,5179388,5179388,9,23202300,19611945,19611945,19611945,10,13382100,5842392,5842392,5842392,5,0,0,0,0,0,0,0,0,0,0,5224400,1428101,1428101,1428101,12,48521500,32061826,32061826,32061826,36,0,0,,,,今宿町１３番６−５号
鶴見区,0,70008159,異動事由スポーツショップ,鶴見区鶴見中央４丁目２番１６−６−８−１７号,,2025,0,0,0,0,0,4593700,1490660,1490660,1490660,1,357306500,82777446,82777446,82777446,35,0,0,0,0,0,15863700,1874234,1874234,1874234,13,0,0,0,0,0,377763900,86142340,86142340,86142340,49,0,0,,,,神奈川県相模原市小山３丁目１９番
鶴見区,0,70008167,不動産取得学校,鶴見区汐入町２丁目１７番５−４−６−１１号,,2025,10279500,7642490,7642490,7642490,6,30765880,16890469,16890469,16890469,16,196714900,130779243,130779243,130779243,12,0,0,0,0,0,9462900,537578,537578,537578,11,717500,639640,639640,639640,5,247940680,156489420,156489420,156489420,50,0,0,,,,箕輪町２丁目１番１７号
鶴見区,0,70008175,領収年月日蕎麦屋,鶴見区東寺尾６丁目８番１３−１８−１５−３号,,2025,2263000,1981547,1981547,1981547,4,0,0,0,0,0,0,0,0,0,0,0,0,0,0,0,16970400,3882585,3882585,3882585,16,294600,255696,255696,255696,2,19528000,6119828,6119828,6119828,22,0,0,,,,長沼町１９番１４−１８号
鶴見区,0,70008183,率文房具店,鶴見区仲通２丁目６番１−６−４−１６号,,2025,11565600,5125806,5125806,5125806,7,32076378,16979030,16979030,16979030,17,0,0,0,0,0,0,0,0,0,0,0,0,0,0,0,3289700,1406359,1406359,1406359,11,46931678,23511195,23511195,23511195,35,0,0,,,,平戸３丁目１０番
鶴見区,0,70008191,特定目的会社運用Ｒ＆Ｓ＆Ｔ生命保険,鶴見区豊岡町１番９−１１−１−７号,,2025,0,0,0,0,0,360500,203862,203862,203862,1,56147800,46472143,46472143,46472143,4,0,0,0,0,0,7308100,612190,612190,612190,7,4287800,1153025,1153025,1153025,12,68104200,48441220,48441220,48441220,24,0,0,,,,すみよし台６番４−１−１８号
鶴見区,0,70008205,一般社団法人控除銀行,鶴見区本町通３丁目１３番１１−６−１６−７号,,2025,4216700,3277894,3277894,3277894,5,15983590,10222933,10222933,10222933,9,0,0,0,0,0,0,0,0,0,0,24238500,1257012,1257012,1257012,19,3004800,239734,239734,239734,7,47443590,14997573,14997573,14997573,40,0,0,,,,岡村２丁目１１番１７号
鶴見区,0,70008213,公益社団法人環境電気屋,鶴見区獅子ケ谷３丁目１２番３−７−６−１号,,2025,11324800,7591219,7591219,7591219,6,4187300,2795082,2795082,2795082,6,51035000,25627500,25627500,25627500,4,0,0,0,0,0,8363000,1572223,1572223,1572223,8,0,0,0,0,0,74910100,37586024,37586024,37586024,24,0,0,,,,葛󠄂が谷９番２０−１１−５−１４号
鶴見区,0,70008221,一般財団法人区分まみむめも内科クリニック,鶴見区大黒町１９番１７−９−７−１１号,,2025,5012000,4546553,4546553,4546553,3,4612600,3887172,3887172,3887172,4,57429800,7007910,7007910,7007910,9,0,0,0,0,0,1850000,569195,569195,569195,2,1062400,672238,672238,672238,5,69966800,16683068,16683068,16683068,23,0,0,,,,市場富士見町９番
鶴見区,0,70008230,公益財団法人二輪蕎麦屋,鶴見区東寺尾２丁目１５番１１−１−９−１１号,,2025,13056600,6947837,6947837,6947837,8,34229978,15463351,15463351,15463351,13,42817500,23824423,23824423,23824423,2,0,0,0,0,0,3681700,1585971,1585971,1585971,4,949800,718300,718300,718300,3,94735578,48539882,48539882,48539882,30,0,0,,,,桜木町６丁目３番２−１１−１６号
鶴見区,0,70008248,社団法人町らりるれろ内科クリニック,鶴見区下末吉２丁目３番３−７−４−２０号,,2025,8157300,7517001,7517001,7517001,5,8472400,6408626,6408626,6408626,6,49088100,15875594,15875594,15875594,2,0,0,0,0,0,9883300,5344881,5344881,5344881,10,977900,261146,261146,261146,4,76579000,35407248,35407248,35407248,27,0,0,,,,あざみ野４丁目１０番
鶴見区,0,70008256,財団法人一部の八百屋,鶴見区岸谷３丁目４番１９−１４−１７−２０号,,2025,4444200,2675433,2675433,2675433,3,5000,3561,3561,3561,1,69588700,17479146,17479146,17479146,15,0,0,0,0,0,36283300,4729898,4729898,4729898,30,1889000,1135158,1135158,1135158,4,112210200,26023196,26023196,26023196,53,0,0,,,,南太田３丁目４番４−１７−２０−５号
鶴見区,0,70008272,学校法人保険証農場,鶴見区獅子ケ谷３丁目８番１４−９−１５−５号,,2025,2952800,2363542,2363542,2363542,2,33512290,14788864,14788864,14788864,18,126129700,68327249,68327249,68327249,11,0,0,0,0,0,6545100,2946870,2946870,2946870,7,2164800,1787838,1787838,1787838,5,171304690,90214363,90214363,90214363,43,0,0,,,,相沢３丁目１５番３−１６−４−２号
鶴見区,0,70008281,投資法人月次のメガネ,鶴見区馬場３丁目８番１−１１−３−５号,,2025,9462700,8590239,8590239,8590239,7,14120700,8750503,8750503,8750503,10,961700,231022,231022,231022,2,0,0,0,0,0,3761700,1177322,1177322,1177322,3,6746500,3116212,3116212,3116212,12,35053300,21865298,21865298,21865298,34,0,0,,,,桐畑１８番４−１−１４−９号
鶴見区,0,70008299,監査法人府やゆよ内科クリニック,鶴見区下末吉４丁目７番１５−４−８−１８号,,2025,0,0,0,0,0,5080500,749920,749920,749920,1,39031800,30311856,30311856,30311856,5,0,0,0,0,0,6008500,2895575,2895575,2895575,3,0,0,0,0,0,50120800,33957351,33957351,33957351,9,0,0,,,,岡村７丁目９番１３−１４−６−１９号
鶴見区,0,70008302,医療法人修正ＵＶＷ生命保険,鶴見区獅子ケ谷１丁目６番１２−９−１１−８号,,2025,10870700,5461824,5461824,5461824,13,19646390,13852144,13852144,13852144,10,91977500,71456734,71456734,71456734,5,0,0,0,0,0,3345000,2566935,2566935,2566935,4,7188900,1304218,1304218,1304218,13,133028490,94641855,94641855,94641855,45,0,0,,,,六浦４丁目１０番５号
鶴見区,0,70008311,医療法人社団設立かきくけこ内科クリニック,鶴見区栄町通２丁目４番７−４−１６−１３号,,2025,4893400,4530415,4530415,4530415,7,10296700,9258433,9258433,9258433,3,75131900,36829349,36829349,36829349,6,0,0,0,0,0,15450000,3774324,3774324,3774324,10,0,0,0,0,0,105772000,54392521,54392521,54392521,26,0,0,,,,長津田みなみ台１丁目１１番１１号
鶴見区,0,70008329,弁護士法人誓約学校,鶴見区平安町２丁目１０番１４−１４−２−１８号,,2025,0,0,0,0,0,25359700,4575670,4575670,4575670,8,476100,388021,388021,388021,1,0,0,0,0,0,4783300,2367538,2367538,2367538,4,0,0,0,0,0,30619100,7331229,7331229,7331229,13,0,0,,,,本町通２丁目８番６−１０−１６−１７号
鶴見区,0,70008337,税理士法人運用旅館,鶴見区汐入町１丁目５番６−３−１８号,,2025,3663800,3377749,3377749,3377749,4,11975000,8624965,8624965,8624965,4,98404300,72643665,72643665,72643665,9,0,0,0,0,0,6143900,3682160,3682160,3682160,7,3077000,307492,307492,307492,9,123264000,88636031,88636031,88636031,33,0,0,,,,大橋町２丁目１０番６−１３−１９−１０号
鶴見区,0,70008345,司法書士法人催告テレビ,鶴見区大黒町９番２０−１６−１１−１２号,,2025,5238700,3702298,3702298,3702298,5,5253700,2602372,2602372,2602372,4,45274200,22396610,22396610,22396610,2,0,0,0,0,0,11926900,825000,825000,825000,9,5461000,2449174,2449174,2449174,18,73154500,31975454,31975454,31975454,38,0,0,,,,茅ケ崎町８番６−５−４号
鶴見区,0,70008353,行政書士法人都市クリニック,鶴見区扇島１０番１４−１７−７−１２号,,2025,6905900,5277748,5277748,5277748,7,3170190,2644571,2644571,2644571,6,80237500,8302985,8302985,8302985,9,0,0,0,0,0,3428500,2794227,2794227,2794227,1,3373200,2488488,2488488,2488488,10,97115290,21508019,21508019,21508019,33,0,0,,,,帷子町１丁目１８番
鶴見区,0,70008361,社会福祉法人直接の本屋,鶴見区下末吉２丁目１７番５−１７−４−１９号,,2025,38782300,14925211,14925211,14925211,33,0,0,0,0,0,42952900,34987165,34987165,34987165,2,0,0,0,0,0,4583500,1397460,1397460,1397460,2,966000,638803,638803,638803,4,87284700,51948639,51948639,51948639,41,0,0,,,,平戸４丁目６番
鶴見区,0,70008370,農事組合法人返戻学園,鶴見区鶴見中央２丁目３番１３−１６−１１−１号,,2025,4864200,4333366,4333366,4333366,6,867300,86371,86371,86371,4,57182800,6916768,6916768,6916768,7,0,0,0,0,0,5932600,296630,296630,296630,5,4088300,2783968,2783968,2783968,9,72935200,14417103,14417103,14417103,31,0,0,,,,千草台８番
鶴見区,0,70008396,特許業務法人地電協ＲＳＴ生命保険,鶴見区元宮２丁目７番１３−８−１−１７号,,2025,740700,664407,664407,664407,1,24144990,3110954,3110954,3110954,10,0,0,0,0,0,0,0,0,0,0,4800000,2825189,2825189,2825189,2,10150700,5402514,5402514,5402514,13,39836390,12003064,12003064,12003064,26,0,0,,,,中田南４丁目１番１１−２−１１−５号
鶴見区,0,70008418,国立大学法人事務処理スーパー,鶴見区北寺尾３丁目１３番,,2025,1176800,968139,968139,968139,2,8701800,4402952,4402952,4402952,3,120677200,48244361,48244361,48244361,13,0,0,0,0,0,6768100,5570097,5570097,5570097,4,505000,424685,424685,424685,2,137828900,59610234,59610234,59610234,24,0,0,,,,みなとみらい３丁目２０番３−１９−１−５号
鶴見区,0,70008426,有限責任中間法人領収日スイミングスクール,鶴見区尻手３丁目２番８−１５−１−１８号,,2025,27161200,12888269,12888269,12888269,25,0,0,0,0,0,76432300,5760022,5760022,5760022,4,0,0,0,0,0,0,0,0,0,0,781600,692821,692821,692821,3,104375100,19341112,19341112,19341112,32,0,0,,,,三ツ沢中町６番１３−２−１９−９号
鶴見区,0,70008434,無限責任中間法人交付やゆよ内科クリニック,鶴見区佃野町１９番９−１１−１２−２０号,,2025,0,0,0,0,0,12058668,1700449,1700449,1700449,14,58031000,37961779,37961779,37961779,14,0,0,0,0,0,630000,213978,213978,213978,1,12662000,6213540,6213540,6213540,19,83381668,46089746,46089746,46089746,48,0,0,,,,和田２丁目１１番１２−１９−３号
鶴見区,0,70008442,特定非営利活動法人納通八百屋,鶴見区下末吉６丁目２番,,2025,14471500,10085170,10085170,10085170,19,3230578,2851313,2851313,2851313,7,114652300,26488411,26488411,26488411,18,0,0,0,0,0,0,0,0,0,0,1680200,1067975,1067975,1067975,3,134034578,40492869,40492869,40492869,47,0,0,,,,釜利谷東７丁目２番
鶴見区,0,70008451,土地家屋調査士法人車両番号レストラン,鶴見区生麦１丁目１５番４−１２−７−１５号,,2025,0,0,0,0,0,5073400,4174927,4174927,4174927,3,14814200,1205967,1205967,1205967,3,0,0,0,0,0,9679900,6218704,6218704,6218704,7,507800,361663,361663,361663,1,30075300,11961261,11961261,11961261,14,0,0,,,,北幸２丁目１４番５−１７−１２号
鶴見区,0,70008477,組合表示損害保険,鶴見区浜町２丁目１２番１３−１９−２０−２０号,,2025,11400700,8347828,8347828,8347828,7,1206490,786099,786099,786099,7,0,0,0,0,0,0,0,0,0,0,26042600,6456957,6456957,6456957,21,577500,323680,323680,323680,4,39227290,15914564,15914564,15914564,39,0,0,,,,下町１６番１８−１−８号
鶴見区,0,70008485,企業組合収滞納テレビ,鶴見区矢向１丁目１３番１４−７−８−７号,,2025,4190600,2809293,2809293,2809293,3,1785500,1633739,1633739,1633739,2,76524100,24832160,24832160,24832160,3,0,0,0,0,0,18306500,7680067,7680067,7680067,13,3193800,1366775,1366775,1366775,11,104000500,38322034,38322034,38322034,32,0,0,,,,荏田北３丁目１１番
鶴見区,0,70008493,労働組合住記損害保険,鶴見区元宮２丁目２０番１２−１４−１８−１４号,,2025,6652900,5302903,5302903,5302903,5,15276978,5147447,5147447,5147447,17,44975700,36531746,36531746,36531746,3,0,0,0,0,0,29499600,10115801,10115801,10115801,20,0,0,0,0,0,96405178,57097897,57097897,57097897,45,0,0,,,,日野２丁目６番１２−１７−３−９号
鶴見区,0,70008515,協同組合連合会記載南部酪農農業,鶴見区浜町１丁目１３番１１−１１−８−５号,,2025,0,0,0,0,0,0,0,0,0,0,0,0,0,0,0,0,0,0,0,0,47105645,9892185,9892185,9892185,1042,75685271,15893906,15893906,15893906,118,122790916,25786091,25786091,25786091,1160,0,0,,,,★町３丁目９番１６−１９−１１−１号
鶴見区,0,70008523,協業組合増減コーヒー,鶴見区東寺尾北台３番１８−１８−７−２０号,,2025,3945200,2907843,2907843,2907843,7,9096600,5025198,5025198,5025198,7,79661700,11369859,11369859,11369859,6,0,0,0,0,0,18675300,9121555,9121555,9121555,11,2753700,1664098,1664098,1664098,6,114132500,30088553,30088553,30088553,37,0,0,,,,富岡西７丁目６番５号
鶴見区,0,70008531,信用組合充当スポーツショップ,鶴見区汐入町３丁目１８番,,2025,0,0,0,0,0,27401870,15186622,15186622,15186622,16,8139400,4189871,4189871,4189871,7,0,0,0,0,0,3604900,2802524,2802524,2802524,3,5835600,2441693,2441693,2441693,12,44981770,24620710,24620710,24620710,38,0,0,,,,西前町３丁目１０番１５−１５号
鶴見区,0,70008540,森林組合印字サイクル,鶴見区本町通２丁目１４番２−７−１９−１０号,,2025,1681600,1130373,1130373,1130373,2,28802180,10897387,10897387,10897387,18,0,0,0,0,0,0,0,0,0,0,0,0,0,0,0,2601600,326296,326296,326296,5,33085380,12354056,12354056,12354056,25,0,0,,,,若葉台２丁目６番２−２０−９号
鶴見区,0,70008566,振興組合調整家󠄂電,鶴見区市場富士見町１６番１７−４−１８−５号,,2025,904600,840373,840373,840373,2,7990,2539,2539,2539,1,0,0,0,0,0,0,0,0,0,0,13966300,1345394,1345394,1345394,14,13159200,7365008,7365008,7365008,17,28038090,9553314,9553314,9553314,34,0,0,,,,和泉中央南２丁目７番１号
鶴見区,0,70008582,健康保険組合還付テレビ,鶴見区東寺尾６丁目４番１０−１６−６−１８号,,2025,6259400,4683348,4683348,4683348,7,0,0,0,0,0,3182000,1750374,1750374,1750374,5,0,0,0,0,0,2871900,2501274,2501274,2501274,2,5396800,1154351,1154351,1154351,18,17710100,10089347,10089347,10089347,32,0,0,,,,南仲通１丁目３番３−１９−１３号
鶴見区,0,70008591,農業協同組合画像󠄄連携農場,鶴見区栄町通３丁目１６番,,2025,697200,496557,496557,496557,2,11282368,1777117,1777117,1777117,14,5824100,4665341,4665341,4665341,3,0,0,0,0,0,0,0,0,0,0,2563000,1434896,1434896,1434896,4,20366668,8373911,8373911,8373911,23,0,0,,,,長津田５丁目２番１７号
鶴見区,0,70008604,漁業協同組合県文房具店,鶴見区東寺尾１丁目１８番１８−１８−７−２号,,2025,0,0,0,0,0,5370500,562235,562235,562235,6,111253000,70290656,70290656,70290656,8,0,0,0,0,0,16028900,1583275,1583275,1583275,8,3505300,418823,418823,418823,9,136157700,72854989,72854989,72854989,31,0,0,,,,阿久和南１丁目１２番１７号
鶴見区,0,70008612,生活協同組合区商店,鶴見区栄町通３丁目１１番８−１６−１１−１７号,,2025,4087900,3797658,3797658,3797658,3,7061000,4199031,4199031,4199031,3,120969900,8135300,8135300,8135300,14,0,0,0,0,0,25616700,6337686,6337686,6337686,20,445500,418989,418989,418989,2,158181000,22888664,22888664,22888664,42,0,0,,,,二本榎９番５−５−１−１１号
鶴見区,0,70008621,船主相互保険組合付記学校,鶴見区上末吉３丁目１１番１２号,,2025,8518600,2504439,2504439,2504439,9,19575890,5955086,5955086,5955086,17,57980800,43634803,43634803,43634803,7,0,0,0,0,0,10228800,4680064,4680064,4680064,10,0,0,0,0,0,96304090,56774392,56774392,56774392,43,0,0,,,,上大岡西３丁目４番１２号
鶴見区,0,70008639,協会投票かきくけこ内科クリニック,鶴見区矢向５丁目１３番８−５−２−１７号,,2025,7994100,5315865,5315865,5315865,8,26769390,7336006,7336006,7336006,12,0,0,0,0,0,0,0,0,0,0,5049900,3927994,3927994,3927994,4,7599600,5542415,5542415,5542415,9,47412990,22122280,22122280,22122280,33,0,0,,,,桜ケ丘１丁目２番１６号
鶴見区,0,70008647,連合会強制電気屋,鶴見区上の宮１丁目１８番１７−１１−２０−７号,,2025,9700100,2701994,2701994,2701994,5,4250170,581755,581755,581755,10,89167900,67137683,67137683,67137683,9,0,0,0,0,0,0,0,0,0,0,1519400,683384,683384,683384,2,104637570,71104816,71104816,71104816,26,0,0,,,,あざみ野２丁目１５番
鶴見区,0,70008655,商工会転出ＬＭＮ生命保険,鶴見区岸谷３丁目９番１７号,,2025,0,0,0,0,0,18298790,4925914,4925914,4925914,12,60577800,42737109,42737109,42737109,8,0,0,0,0,0,8394000,3855521,3855521,3855521,7,992300,299203,299203,299203,4,88262890,51817747,51817747,51817747,31,0,0,,,,新横浜３丁目２０番１５−１９−８号
鶴見区,0,70008671,協力会個人特定コーヒー,鶴見区東寺尾４丁目５番１０−１６号,,2025,7020500,4273601,4273601,4273601,5,22217800,2235483,2235483,2235483,11,0,0,0,0,0,0,0,0,0,0,4840000,3851440,3851440,3851440,3,3925200,1347710,1347710,1347710,17,38003500,11708234,11708234,11708234,36,0,0,,,,東本郷３丁目２番
鶴見区,0,70008680,共済会町Ｉ＆Ｊ＆Ｋ生命保険,鶴見区市場東中町１５番１２−４−２０−５号,,2025,19909000,7997533,7997533,7997533,19,12962590,2234624,2234624,2234624,13,31533300,17062190,17062190,17062190,7,0,0,0,0,0,14588500,7472649,7472649,7472649,9,10408400,7310891,7310891,7310891,8,89401790,42077887,42077887,42077887,56,0,0,,,,中田北１丁目１９番３号
鶴見区,0,70008698,信用金庫証明文房具店,鶴見区馬場４丁目１７番１１−１７−８−４号,,2025,493500,279074,279074,279074,1,46432100,17985566,17985566,17985566,17,52736500,28484600,28484600,28484600,7,0,0,0,0,0,500000,430000,430000,430000,1,368400,201822,201822,201822,3,100530500,47381062,47381062,47381062,29,0,0,,,,東上郷町４番１−９−１６−１１号
鶴見区,0,70008701,労働金庫基本の眼鏡,鶴見区生麦３丁目８番,,2025,13817800,6453408,6453408,6453408,13,2283900,2038668,2038668,2038668,5,0,0,0,0,0,0,0,0,0,0,3923100,2556008,2556008,2556008,3,17462000,5568298,5568298,5568298,15,37486800,16616382,16616382,16616382,36,0,0,,,,三枚町１６番２０号
鶴見区,0,70008710,中央金庫事務処理の八百屋,鶴見区江ケ崎町２番１２−１５−６−１０号,,2025,5965100,5512360,5512360,5512360,4,4589500,2352797,2352797,2352797,2,142030900,13410401,13410401,13410401,14,0,0,0,0,0,13045600,7024314,7024314,7024314,12,2029900,1401013,1401013,1401013,7,167661000,29700885,29700885,29700885,39,0,0,,,,霞台１３番
鶴見区,0,70008728,商工会議所住民ＤＥＦ生命保険,鶴見区矢向５丁目１２番１７−１５−１３−７号,,2025,4744100,3681566,3681566,3681566,4,1111000,806556,806556,806556,3,142042400,59434428,59434428,59434428,19,0,0,0,0,0,1749300,431506,431506,431506,1,5226900,1152802,1152802,1152802,14,154873700,65506858,65506858,65506858,41,0,0,,,,新子安１丁目１１番１−２−１９−４号
鶴見区,0,70008736,証券取引所直接ＩＪＫ生命保険,鶴見区寺谷１丁目５番１９−２−１９−７号,,2025,13133300,10252948,10252948,10252948,11,98500,76928,76928,76928,1,144409300,74639760,74639760,74639760,15,0,0,0,0,0,6704200,4863477,4863477,4863477,6,9712700,991250,991250,991250,21,174058000,90824363,90824363,90824363,54,0,0,,,,岡野１丁目１０番１８−１６号
鶴見区,0,70008744,事業団年金レストラン,鶴見区生麦４丁目１０番３−２０−７−１５号,,2025,17414300,12204120,12204120,12204120,15,0,0,0,0,0,688100,537406,537406,537406,1,0,0,0,0,0,0,0,0,0,0,2826500,237408,237408,237408,9,20928900,12978934,12978934,12978934,25,0,0,,,,尾月１番３−１５−１３−２０号
鶴見区,0,70008752,企業団環境蕎麦屋,鶴見区東寺尾中台１７番１７−１６−１８−１６号,,2025,0,0,0,0,0,26425790,10796016,10796016,10796016,15,125485900,68070902,68070902,68070902,10,0,0,0,0,0,1500900,1057549,1057549,1057549,3,10707200,2189433,2189433,2189433,14,164119790,82113900,82113900,82113900,42,0,0,,,,笠間５丁目２番
鶴見区,0,70008761,厚生年金基金交付かきくけこ内科クリニック,鶴見区東寺尾東台１４番１９−１５−７−２０号,,2025,6270600,4751623,4751623,4751623,4,20177568,3035311,3035311,3035311,10,745600,582959,582959,582959,2,0,0,0,0,0,8096100,4724552,4724552,4724552,6,3701800,899194,899194,899194,15,38991668,13993639,13993639,13993639,37,0,0,,,,新中原町１５番８−６−１３−８号
鶴見区,0,70008779,郵便局他課の本屋,鶴見区市場東中町１０番１０−１７号,,2025,3831400,3552259,3552259,3552259,4,0,0,0,0,0,135592500,43279103,43279103,43279103,21,0,0,0,0,0,0,0,0,0,0,3034300,1872601,1872601,1872601,7,142458200,48703963,48703963,48703963,32,0,0,,,,和田２丁目１０番１９号
鶴見区,0,70008809,リミテッド合算ストア,鶴見区下末吉６丁目６番,,2025,16647000,4705172,4705172,4705172,11,0,0,0,0,0,60502300,29370623,29370623,29370623,7,0,0,0,0,0,1334900,1029654,1029654,1029654,2,0,0,0,0,0,78484200,35105449,35105449,35105449,20,0,0,,,,あざみ野南１丁目６番
鶴見区,0,70008817,コーポレーション収入なにぬねの内科クリニック,鶴見区尻手３丁目７番６−７−１１−６号,,2025,7676400,6118717,6118717,6118717,5,4950000,4124450,4124450,4124450,2,119751000,10855629,10855629,10855629,10,0,0,0,0,0,6313600,5273148,5273148,5273148,4,3949500,2459838,2459838,2459838,9,142640500,28831782,28831782,28831782,30,0,0,,,,東俣野町９番１４−１４−２０−３号
鶴見区,0,70008825,インコーポレーション組合商店,鶴見区北寺尾３丁目１３番２−９−１６号,,2025,3494000,3224536,3224536,3224536,4,14615278,6034848,6034848,6034848,13,0,0,0,0,0,0,0,0,0,0,0,0,0,0,0,1971000,1683702,1683702,1683702,7,20080278,10943086,10943086,10943086,24,0,0,,,,左近山８番
鶴見区,0,70008833,汎用なにぬねの内科クリニック,鶴見区矢向５丁目１１番１５−３−１９−１号,,2025,5406000,4855501,4855501,4855501,5,0,0,0,0,0,44177000,14195704,14195704,14195704,2,0,0,0,0,0,11675500,3167166,3167166,3167166,10,1017300,796864,796864,796864,4,62275800,23015235,23015235,23015235,21,0,0,,,,大久保３丁目１９番９−７号
鶴見区,0,70008841,大字電気店,鶴見区東寺尾４丁目２番１５−１０−１９−２号,,2025,14021600,6134686,6134686,6134686,11,782400,620076,620076,620076,3,64120300,32427834,32427834,32427834,12,0,0,0,0,0,3099300,764515,764515,764515,2,2266400,1127869,1127869,1127869,6,84290000,41074980,41074980,41074980,34,0,0,,,,北海道旭川市末広四条１２丁目１８番１９−４−１２号
鶴見区,0,70008850,基本学校,鶴見区尻手３丁目６番１９−１−１６−２号,,2025,0,0,0,0,0,0,0,0,0,0,28617500,15517183,15517183,15517183,2,0,0,0,0,0,8891000,3816985,3816985,3816985,8,3109900,463062,463062,463062,7,40618400,19797230,19797230,19797230,17,0,0,,,,常盤町３丁目１５番６−９−１６号
鶴見区,0,70008876,村家󠄂電,鶴見区東寺尾中台８番９−１８−８−１０号,,2025,4840900,1402656,1402656,1402656,5,9683900,3140465,3140465,3140465,8,146189900,108646108,108646108,108646108,16,0,0,0,0,0,0,0,0,0,0,297300,266678,266678,266678,1,161012000,113455907,113455907,113455907,30,0,0,,,,港南台１丁目５番１８−１８−１７号
鶴見区,0,70008892,基本Ａ＆Ｂ＆Ｃ生命保険,鶴見区市場西中町１４番８−１１−１３−８号,,2025,0,0,0,0,0,5345178,4732866,4732866,4732866,4,84191100,62458745,62458745,62458745,14,0,0,0,0,0,9158500,4466132,4466132,4466132,4,5381900,1979624,1979624,1979624,12,104076678,73637367,73637367,73637367,34,0,0,,,,汐見台２丁目１６番２０−１号
鶴見区,0,70008906,処分Ｏ＆Ｐ＆Ｑ生命保険,鶴見区末広町１丁目１２番９−１３号,,2025,3445200,2553981,2553981,2553981,3,13742380,5983317,5983317,5983317,13,149395800,13475155,13475155,13475155,17,0,0,0,0,0,4808200,1160015,1160015,1160015,7,0,0,0,0,0,171391580,23172468,23172468,23172468,40,0,0,,,,北海道阿寒郡鶴居村幌呂東３丁目２０番５−８−２０−１６号
鶴見区,0,70008922,送付先らりるれろ内科クリニック,鶴見区馬場２丁目６番２０−１７−１６−１号,,2025,0,0,0,0,0,10155000,1257301,1257301,1257301,2,2645300,1400259,1400259,1400259,3,0,0,0,0,0,14215500,5270363,5270363,5270363,10,2530700,440474,440474,440474,7,29546500,8368397,8368397,8368397,22,0,0,,,,永田北１丁目１４番１３号
鶴見区,0,70008931,申告ＡＢＣ生命保険,鶴見区下末吉２丁目１６番５−１７−６−１９号,,2025,4514600,4156137,4156137,4156137,5,8639500,713704,713704,713704,5,61971400,32192884,32192884,32192884,7,0,0,0,0,0,0,0,0,0,0,1374000,1100888,1100888,1100888,3,76499500,38163613,38163613,38163613,20,0,0,,,,丸山台１丁目７番１６−１号
鶴見区,0,70008949,増減レンタカー,鶴見区弁天町１７番７−８−１８号,,2025,1715400,1173152,1173152,1173152,3,12884090,5918625,5918625,5918625,12,97369500,31875858,31875858,31875858,3,0,0,0,0,0,14164500,6568827,6568827,6568827,17,0,0,0,0,0,126133490,45536462,45536462,45536462,35,0,0,,,,森が丘１丁目１２番１７−２０号
鶴見区,0,70008957,全国レストラン,鶴見区向井町３丁目２０番６−１７−５−１号,,2025,5214300,4838791,4838791,4838791,5,0,0,0,0,0,0,0,0,0,0,0,0,0,0,0,13450000,6968224,6968224,6968224,9,10113600,3678744,3678744,3678744,19,28777900,15485759,15485759,15485759,33,0,0,,,,篠原北１丁目１４番
鶴見区,0,70008965,直接スーパー,鶴見区駒岡１丁目１２番６−１４−９−９号,,2025,0,0,0,0,0,38138290,4616811,4616811,4616811,13,119797300,75528506,75528506,75528506,14,0,0,0,0,0,6834500,3490251,3490251,3490251,6,1524000,802967,802967,802967,4,166294090,84438535,84438535,84438535,37,0,0,,,,下瀬谷３丁目１１番１８−７号
鶴見区,0,70008973,付記のメガネ,鶴見区駒岡３丁目１８番１９−１８−４−１０号,,2025,15973400,9740645,9740645,9740645,11,5073490,2891412,2891412,2891412,8,5966600,3521964,3521964,3521964,2,0,0,0,0,0,10108500,4804401,4804401,4804401,6,2294900,978297,978297,978297,9,39416890,21936719,21936719,21936719,36,0,0,,,,荏田北２丁目１７番
鶴見区,0,70008981,権限損害保険,鶴見区尻手２丁目４番１５−５−１０−２０号,,2025,16379700,4581478,4581478,4581478,15,9594000,6314053,6314053,6314053,2,4824500,3689492,3689492,3689492,4,0,0,0,0,0,7355000,5656310,5656310,5656310,5,2456700,565428,565428,565428,9,40609900,20806761,20806761,20806761,35,0,0,,,,白根３丁目１６番２０号
鶴見区,0,70008990,処理ＸＹＺ生命保険,鶴見区北寺尾４丁目１０番１２−３−９−２０号,,2025,475000,426075,426075,426075,1,43695700,7449685,7449685,7449685,21,11500000,5914047,5914047,5914047,1,0,0,0,0,0,0,0,0,0,0,0,0,0,0,0,55670700,13789807,13789807,13789807,23,0,0,,,,南瀬谷２丁目１９番５号
鶴見区,0,70009007,修正学園,鶴見区駒岡３丁目２０番３−３−１３−１７号,,2025,0,0,0,0,0,13395900,852880,852880,852880,5,24568200,4487974,4487974,4487974,6,0,0,0,0,0,4218000,3524301,3524301,3524301,3,5800200,3817471,3817471,3817471,14,47982300,12682626,12682626,12682626,28,0,0,,,,北海道上川郡清水町南六条西４丁目１７番１７号
鶴見区,0,70009015,画地地積商店,鶴見区市場大和町７番１９−１１−２−２号,,2025,810000,458055,458055,458055,1,39558846,7293645,7293645,7293645,25,136262500,20985304,20985304,20985304,12,0,0,0,0,0,4363800,3408127,3408127,3408127,4,0,0,0,0,0,180995146,32145131,32145131,32145131,42,0,0,,,,釜利谷南１丁目１１番１０−７号
鶴見区,0,70009023,組合の眼鏡,鶴見区駒岡３丁目２０番３−５−３−１６号,,2025,0,0,0,0,0,5000,4485,4485,4485,1,132426300,86178141,86178141,86178141,10,0,0,0,0,0,0,0,0,0,0,4368900,626896,626896,626896,13,136800200,86809522,86809522,86809522,24,0,0,,,,勝田町１６番
鶴見区,0,70009031,税のメガネ,鶴見区上の宮２丁目１２番７−２−１１−８号,,2025,3561500,2798496,2798496,2798496,3,53230990,35520363,35520363,35520363,30,19500300,1598742,1598742,1598742,3,0,0,0,0,0,0,0,0,0,0,0,0,0,0,0,76292790,39917601,39917601,39917601,36,0,0,,,,森が丘２丁目３番
鶴見区,0,70009040,郵便レンタカー,鶴見区尻手３丁目１３番１３−２０−４−１４号,,2025,10437300,8390373,8390373,8390373,8,2761600,2092735,2092735,2092735,6,0,0,0,0,0,0,0,0,0,0,11429400,755038,755038,755038,8,13402700,9309188,9309188,9309188,15,38031000,20547334,20547334,20547334,37,0,0,,,,日限山１丁目１１番１８−１３−１２−２号
鶴見区,0,70009058,扶養設定電気屋,鶴見区鶴見２丁目１９番１９−１−６−９号,,2025,1882900,1486914,1486914,1486914,3,13741590,7390259,7390259,7390259,12,57084500,31001910,31001910,31001910,6,0,0,0,0,0,6922300,3264376,3264376,3264376,5,1195200,94372,94372,94372,3,80826490,43237831,43237831,43237831,29,0,0,,,,札幌市北区屯田九条７丁目１７番１５−１８号
鶴見区,0,70009066,通知電気屋,鶴見区北寺尾３丁目１４番１３−８−９−１５号,,2025,0,0,0,0,0,17153856,11271235,11271235,11271235,11,72644600,36326725,36326725,36326725,15,0,0,0,0,0,1400000,1093400,1093400,1093400,1,1310700,809038,809038,809038,7,92509156,49500398,49500398,49500398,34,0,0,,,,丸山１丁目８番１３−１８号
鶴見区,0,70009074,納付工務店,鶴見区栄町通２丁目２番１９−１８−３−１号,,2025,943600,752124,752124,752124,3,18772400,12902828,12902828,12902828,14,25685300,1300944,1300944,1300944,12,0,0,0,0,0,7999000,415505,415505,415505,7,0,0,0,0,0,53400300,15371401,15371401,15371401,36,0,0,,,,丸山台３丁目１番５−１０−１１−１０号
鶴見区,0,70009082,概調テレビ,鶴見区安善町２丁目１５番,,2025,7338400,6163323,6163323,6163323,9,435200,307867,307867,307867,3,49527900,2782090,2782090,2782090,11,0,0,0,0,0,400000,312400,312400,312400,1,0,0,0,0,0,57701500,9565680,9565680,9565680,24,0,0,,,,みなとみらい２丁目２番１２−１７−７−４号
鶴見区,0,70009091,行政やゆよ内科クリニック,鶴見区東寺尾４丁目１４番１７−７−６−６号,,2025,18713100,12928327,12928327,12928327,13,13067500,3617708,3617708,3617708,7,0,0,0,0,0,0,0,0,0,0,0,0,0,0,0,2354600,1390265,1390265,1390265,5,34135200,17936300,17936300,17936300,25,0,0,,,,磯子２丁目１番
鶴見区,0,70009112,充当南部酪農農業,鶴見区馬場５丁目１３番２−３−９号,,2025,16692600,8533397,8533397,8533397,11,12372900,8633355,8633355,8633355,6,79477800,67387935,67387935,67387935,5,0,0,0,0,0,3500000,1196415,1196415,1196415,2,6997000,3895450,3895450,3895450,16,119040300,89646552,89646552,89646552,40,0,0,,,,富岡東６丁目１０番
鶴見区,0,70009121,定時旅館,鶴見区潮田町１丁目２０番１５−１８−６−１５号,,2025,13072400,10890235,10890235,10890235,13,0,0,0,0,0,109596600,92152330,92152330,92152330,10,0,0,0,0,0,7685500,3346412,3346412,3346412,7,3158300,399334,399334,399334,12,133512800,106788311,106788311,106788311,42,0,0,,,,常盤台１７番８号
鶴見区,0,70009139,副本登録ＸＹＺ生命保険,鶴見区元宮１丁目１７番１４−２０−９−１０号,,2025,0,0,0,0,0,11352090,9341620,9341620,9341620,6,263337100,56473436,56473436,56473436,22,0,0,0,0,0,0,0,0,0,0,956900,692821,692821,692821,3,275646090,66507877,66507877,66507877,31,0,0,,,,中田南１丁目７番
鶴見区,0,70009147,給報スーパー,鶴見区上末吉４丁目１１番,,2025,2010100,1826245,1826245,1826245,4,31918468,19470427,19470427,19470427,22,0,0,0,0,0,0,0,0,0,0,10612700,5998073,5998073,5998073,10,3822200,296638,296638,296638,10,48363468,27591383,27591383,27591383,46,0,0,,,,北海道登別市常盤町４丁目１４番１１−１３号
鶴見区,0,70009155,更新ケーブルテレビ,鶴見区市場西中町２番１−１３−４−１５号,,2025,4688400,1240214,1240214,1240214,7,4131600,2917345,2917345,2917345,2,15065800,6880489,6880489,6880489,5,0,0,0,0,0,6482800,631733,631733,631733,7,0,0,0,0,0,30368600,11669781,11669781,11669781,21,0,0,,,,境之谷１６番７号
鶴見区,0,70009163,基盤損害保険,鶴見区岸谷１丁目７番１３−９−６−１６号,,2025,263800,187882,187882,187882,1,35972500,4051160,4051160,4051160,20,1760700,1434970,1434970,1434970,2,0,0,0,0,0,19857500,5316740,5316740,5316740,14,0,0,0,0,0,57854500,10990752,10990752,10990752,37,0,0,,,,宮田町３丁目１１番
鶴見区,0,70009171,控除家󠄂電,鶴見区本町通４丁目１１番９−１５−１７−４号,,2025,7009700,5165547,5165547,5165547,4,1706590,1494986,1494986,1494986,5,0,0,0,0,0,0,0,0,0,0,9343400,3403955,3403955,3403955,6,1463800,924511,924511,924511,8,19523490,10988999,10988999,10988999,23,0,0,,,,和田１丁目３番３号
鶴見区,0,70009180,税魚屋,鶴見区上末吉２丁目６番１１−１１−１１−１６号,,2025,18520600,5055823,5055823,5055823,12,0,0,0,0,0,93919200,70877172,70877172,70877172,11,0,0,0,0,0,228700,118498,118498,118498,2,0,0,0,0,0,112668500,76051493,76051493,76051493,25,0,0,,,,別所４丁目１６番１９−８号
鶴見区,0,70009198,非合算Ｇ＆Ｈ＆Ｉ生命保険,鶴見区汐入町２丁目１５番１８−１２−２−２号,,2025,1408800,615292,615292,615292,3,0,0,0,0,0,79941000,40928107,40928107,40928107,6,0,0,0,0,0,12935400,3815318,3815318,3815318,14,4711400,3472279,3472279,3472279,10,98996600,48830996,48830996,48830996,33,0,0,,,,福岡市早良区室見５丁目１５番１０号
鶴見区,0,70009201,異動事由やゆよ内科クリニック,鶴見区末広町２丁目１０番１５−１４−１１−５号,,2025,0,0,0,0,0,16301400,11741626,11741626,11741626,6,59142200,11068218,11068218,11068218,9,0,0,0,0,0,6522000,2917531,2917531,2917531,6,210000,11980,11980,11980,1,82175600,25739355,25739355,25739355,22,0,0,,,,中村町１丁目２０番１３−１３−１９号
鶴見区,0,70009210,一二三四五六七八九十一二三四五六七八九十一二三四五六七八九十一二三四五六七八九十一二三四五六七八九十旅館,鶴見区北寺尾２丁目８番５−１２−１１−８号,,2025,6458500,4792339,4792339,4792339,9,38043446,16441597,16441597,16441597,15,3645400,182270,182270,182270,2,0,0,0,0,0,3703300,185165,185165,185165,3,0,0,0,0,0,51850646,21601371,21601371,21601371,29,0,0,,,,高根町１丁目１７番１０−２０−１５−１号
鶴見区,0,70009228,発行の時計,鶴見区馬場３丁目１４番１２−７−９−３号,,2025,70173994,14736538,14736538,14736538,2537,0,0,0,0,0,85018827,17853953,17853953,17853953,879,0,0,0,0,0,16070501,3374805,3374805,3374805,2469,55776813,11713130,11713130,11713130,9461,227040135,47678426,47678426,47678426,15346,0,0,,,,庄戸５丁目６番１８−１５号
鶴見区,0,70009236,車両の時計,鶴見区栄町通１丁目１番１５−１１−３−１７号,,2025,740700,664407,664407,664407,1,4204100,3031348,3031348,3031348,4,40472100,32898491,32898491,32898491,5,0,0,0,0,0,30013200,9739223,9739223,9739223,24,643500,76461,76461,76461,4,76073600,46409930,46409930,46409930,38,0,0,,,,長津田町２番７−１−１６号
鶴見区,0,70009244,補正テレビ,鶴見区潮田町３丁目１９番１１−１５−１７−１６号,,2025,16826300,7625784,7625784,7625784,15,26258980,10914241,10914241,10914241,13,0,0,0,0,0,0,0,0,0,0,1315500,1174761,1174761,1174761,2,1014000,580048,580048,580048,1,45414780,20294834,20294834,20294834,31,0,0,,,,和泉中央南３丁目８番４号
鶴見区,0,70009252,一般ＯＰＱ生命保険,鶴見区諏訪坂１７番９−１５−２−１４号,,2025,7218200,5184854,5184854,5184854,10,33413200,22835543,22835543,22835543,19,0,0,0,0,0,0,0,0,0,0,20026600,4905345,4905345,4905345,16,0,0,0,0,0,60658000,32925742,32925742,32925742,45,0,0,,,,西柴４丁目５番７−５−１９−４号
鶴見区,0,70009261,納通ＧＨＩ生命保険,鶴見区馬場１丁目７番１０−５−３−４号,,2025,3629000,1398802,1398802,1398802,5,1735600,1310572,1310572,1310572,2,10353000,9441936,9441936,9441936,1,0,0,0,0,0,6629000,4721070,4721070,4721070,5,0,0,0,0,0,22346600,16872380,16872380,16872380,13,0,0,,,,金井町６番１５号
鶴見区,0,70009279,料クリニック,鶴見区岸谷２丁目８番１−１０−６−２０号,,2025,0,0,0,0,0,37488260,5661372,5661372,5661372,32,3540900,2765442,2765442,2765442,1,0,0,0,0,0,8941200,4930262,4930262,4930262,9,1184300,893762,893762,893762,4,51154660,14250838,14250838,14250838,46,0,0,,,,金が谷１９番２０−１４号
鶴見区,0,70009287,法人テレビ,鶴見区北寺尾１丁目１５番１７−３−１４−１７号,,2025,10170600,7908189,7908189,7908189,10,0,0,0,0,0,20406600,16427923,16427923,16427923,4,0,0,0,0,0,15091000,6980081,6980081,6980081,10,11837200,4097791,4097791,4097791,26,57505400,35413984,35413984,35413984,50,0,0,,,,森が丘１丁目３番５−１−９号
鶴見区,0,70009295,市街地なにぬねの内科クリニック,鶴見区市場富士見町１９番１１−１２−７−９号,,2025,0,0,0,0,0,0,0,0,0,0,51100000,2784158,2784158,2784158,4,0,0,0,0,0,14432300,6856508,6856508,6856508,14,11687700,3355822,3355822,3355822,20,77220000,12996488,12996488,12996488,38,0,0,,,,花咲町４丁目１番７号
鶴見区,0,70009309,現年度さしすせそ内科クリニック,鶴見区向井町１丁目１番１１−９−１６号,,2025,4397600,3007500,3007500,3007500,2,17203190,11127975,11127975,11127975,11,6556000,5120236,5120236,5120236,2,0,0,0,0,0,3859000,208143,208143,208143,3,2568600,1629935,1629935,1629935,7,34584390,21093789,21093789,21093789,25,0,0,,,,北海道天塩郡天塩町山手通１０丁目５番１４−１１号
鶴見区,0,70009317,路線価Ｒ＆Ｓ＆Ｔ生命保険,鶴見区北寺尾３丁目１０番１２−１５号,,2025,20327100,7226450,7226450,7226450,18,11803100,10168313,10168313,10168313,4,50826600,37311129,37311129,37311129,6,0,0,0,0,0,10689500,2094282,2094282,2094282,11,440000,369600,369600,369600,1,94086300,57169774,57169774,57169774,40,0,0,,,,馬場５丁目１１番１４−１３−５−１６号
鶴見区,0,70009325,屋根ＲＳＴ生命保険,鶴見区末広町２丁目３番１０−１号,,2025,9069400,6877558,6877558,6877558,7,108856,31376,31376,31376,3,109742100,33511129,33511129,33511129,13,0,0,0,0,0,0,0,0,0,0,4674300,1131700,1131700,1131700,14,123594656,41551763,41551763,41551763,37,0,0,,,,狩場町１５番２０−１１−１７号
鶴見区,0,70009333,国税テレビ,鶴見区朝日町２丁目１４番１９−７−５−１号,,2025,0,0,0,0,0,3621300,222337,222337,222337,2,0,0,0,0,0,0,0,0,0,0,20301700,9572938,9572938,9572938,14,9737800,6822706,6822706,6822706,7,33660800,16617981,16617981,16617981,23,0,0,,,,上瀬谷町６番１４−６−５号
鶴見区,0,70009350,金融電気屋,鶴見区東寺尾東台１６番１１−９−５−１５号,,2025,3450700,2750488,2750488,2750488,3,10876500,8234052,8234052,8234052,4,244529800,144429728,144429728,144429728,11,0,0,0,0,0,2537000,126850,126850,126850,3,0,0,0,0,0,261394000,155541118,155541118,155541118,21,0,0,,,,★沢４丁目７番２０−５−６−２号
鶴見区,0,70009368,付記Ｇ＆Ｈ＆Ｉ生命保険,鶴見区上末吉２丁目１４番１０−１６−４−１５号,,2025,10181500,3707003,3707003,3707003,9,15802200,10516196,10516196,10516196,7,57553300,43369678,43369678,43369678,8,0,0,0,0,0,4445200,2280969,2280969,2280969,6,0,0,0,0,0,87982200,59873846,59873846,59873846,30,0,0,,,,下和泉４丁目１２番１２−１５号
鶴見区,0,70009376,個別事項Ｉ＆Ｊ＆Ｋ生命保険,鶴見区諏訪坂１８番１−１２−１３−２号,,2025,2717000,1858145,1858145,1858145,1,44303400,33028827,33028827,33028827,8,20902600,17087900,17087900,17087900,5,0,0,0,0,0,27087400,8960051,8960051,8960051,19,5266300,451903,451903,451903,11,100276700,61386826,61386826,61386826,44,0,0,,,,北海道河東郡士幌町字士幌東１２線１０番
鶴見区,0,70009392,送付先工務店,鶴見区鶴見中央３丁目８番１１−１４−１０−１９号,,2025,716200,528988,528988,528988,2,19018400,3228776,3228776,3228776,12,129643400,75352650,75352650,75352650,10,0,0,0,0,0,4017800,2096781,2096781,2096781,5,470000,400000,400000,400000,2,153865800,81607195,81607195,81607195,31,0,0,,,,白根町２番
鶴見区,0,70009406,都市計画レストラン,鶴見区馬場６丁目１５番１４−１９−２−１０号,,2025,7230400,5943582,5943582,5943582,9,0,0,0,0,0,92212700,9316149,9316149,9316149,8,0,0,0,0,0,3260000,163000,163000,163000,3,1600900,122776,122776,122776,7,104304000,15545507,15545507,15545507,27,0,0,,,,富岡西４丁目１番７−４−１３−８号
鶴見区,0,70009414,督促Ｄ＆Ｅ＆Ｆ生命保険,鶴見区平安町１丁目３番８−１１−２０−２号,,2025,1760500,995560,995560,995560,3,5548900,1350178,1350178,1350178,4,0,0,0,0,0,0,0,0,0,0,0,0,0,0,0,1385000,810792,810792,810792,4,8694400,3156530,3156530,3156530,11,0,0,,,,西神奈川２丁目２０番１５−８−４号
鶴見区,0,70009449,個別事項スイミングスクール,鶴見区上末吉２丁目８番６−１６−１１−１２号,,2025,9074500,7302925,7302925,7302925,7,22848100,11980675,11980675,11980675,9,44986800,9228302,9228302,9228302,5,0,0,0,0,0,13217100,5240259,5240259,5240259,10,1833700,1512432,1512432,1512432,4,91960200,35264593,35264593,35264593,35,0,0,,,,名瀬町１６番
鶴見区,0,70009457,路線価学校,鶴見区潮田町２丁目１８番１６−４−１３−１２号,,2025,3988000,1044311,1044311,1044311,6,17769156,2574455,2574455,2574455,9,45987100,10626867,10626867,10626867,10,0,0,0,0,0,3125000,2440625,2440625,2440625,2,157000,123390,123390,123390,2,71026256,16809648,16809648,16809648,29,0,0,,,,本郷２丁目５番４−２０−７号
鶴見区,0,70009465,権限ＤＥＦ生命保険,鶴見区鶴見中央３丁目１８番,,2025,3252900,2966967,2966967,2966967,3,27126100,7374370,7374370,7374370,15,79701300,67995711,67995711,67995711,4,0,0,0,0,0,12540900,2294278,2294278,2294278,12,0,0,0,0,0,122621200,80631326,80631326,80631326,34,0,0,,,,中希望が丘１６番１４号
鶴見区,0,70009473,週次南部酪農農業,鶴見区汐入町２丁目２番１１−２−１９−１６号,,2025,8011900,6108872,6108872,6108872,7,3924780,1297543,1297543,1297543,4,26813700,20730670,20730670,20730670,5,0,0,0,0,0,4898400,3926241,3926241,3926241,3,4964200,2692912,2692912,2692912,10,48612980,34756238,34756238,34756238,29,0,0,,,,下倉田町１５番
鶴見区,0,70009481,農地生命保険,鶴見区梶山２丁目７番１５−１−１３−１５号,,2025,733700,233312,233312,233312,2,626100,375269,375269,375269,2,3390100,587637,587637,587637,2,0,0,0,0,0,9760700,576474,576474,576474,9,9014200,8122799,8122799,8122799,6,23524800,9895491,9895491,9895491,21,0,0,,,,浜松町４番６−３号
鶴見区,0,70009490,保険証薬局,鶴見区岸谷３丁目３番２０−１３−１４−３号,,2025,10669300,4611885,4611885,4611885,9,0,0,0,0,0,59244700,49058430,49058430,49058430,2,0,0,0,0,0,2207900,1775384,1775384,1775384,4,0,0,0,0,0,72121900,55445699,55445699,55445699,15,0,0,,,,中屋敷１丁目１番
鶴見区,0,70009503,乱数スイミングスクール,鶴見区汐入町２丁目１７番１６−１７−２０−８号,,2025,29522000,17159689,17159689,17159689,26,0,0,0,0,0,3000000,1316766,1316766,1316766,1,0,0,0,0,0,6147600,5176108,5176108,5176108,5,0,0,0,0,0,38669600,23652563,23652563,23652563,32,0,0,,,,南幸２丁目１７番１２−１４−１４−８号
鶴見区,0,70009520,保険証Ｏ＆Ｐ＆Ｑ生命保険,鶴見区北寺尾５丁目１１番２０−４−１９−１９号,,2025,1347000,921208,921208,921208,1,10382578,7515866,7515866,7515866,12,0,0,0,0,0,0,0,0,0,0,11086300,5749423,5749423,5749423,11,0,0,0,0,0,22815878,14186497,14186497,14186497,24,0,0,,,,鶴見中央４丁目５番６−１０−５−２０号
鶴見区,0,70009538,組合ＲＳＴ生命保険,鶴見区獅子ケ谷２丁目４番,,2025,8155600,2171321,2171321,2171321,8,7002700,6217837,6217837,6217837,8,39918600,19459877,19459877,19459877,6,0,0,0,0,0,5644900,4392689,4392689,4392689,4,1420000,947259,947259,947259,5,62141800,33188983,33188983,33188983,31,0,0,,,,住吉町６丁目５番
鶴見区,0,70009546,固定たちつてと内科クリニック,鶴見区矢向４丁目２０番３−７−１８−４号,,2025,5916800,4595403,4595403,4595403,6,16030300,2422610,2422610,2422610,8,0,0,0,0,0,0,0,0,0,0,15302500,3527706,3527706,3527706,11,9513600,7158127,7158127,7158127,10,46763200,17703846,17703846,17703846,35,0,0,,,,小菅ケ谷２丁目１９番１３号
鶴見区,0,70009554,不動産レストラン,鶴見区栄町通１丁目９番１８−１７号,,2025,12045400,4711024,4711024,4711024,7,0,0,0,0,0,172190700,11188348,11188348,11188348,16,0,0,0,0,0,4178000,1835800,1835800,1835800,4,1755700,962867,962867,962867,6,190169800,18698039,18698039,18698039,33,0,0,,,,北軽井沢７番
鶴見区,0,70009562,通知Ｒ＆Ｓ＆Ｔ生命保険,鶴見区浜町１丁目１４番１８−４−１８−１０号,,2025,10670900,3499298,3499298,3499298,14,11701480,6053024,6053024,6053024,17,0,0,0,0,0,0,0,0,0,0,4641800,3477517,3477517,3477517,7,5882900,1608412,1608412,1608412,10,32897080,14638251,14638251,14638251,48,0,0,,,,笹野台３丁目６番５−１３号
鶴見区,0,70009589,会計年度Ｉ＆Ｊ＆Ｋ生命保険,鶴見区東寺尾３丁目１６番１２−８−１−１２号,,2025,19444200,8626751,8626751,8626751,16,12112290,9181641,9181641,9181641,8,82578100,8838514,8838514,8838514,11,0,0,0,0,0,979000,375883,375883,375883,2,1512800,165810,165810,165810,3,116626390,27188599,27188599,27188599,40,0,0,,,,杉田７丁目８番
鶴見区,0,70009597,★★住民Ｒ＆Ｓ＆Ｔ生命保険,鶴見区岸谷４丁目９番２０−２号,,2025,13163300,10238011,10238011,10238011,11,7557990,708345,708345,708345,6,135568300,57469234,57469234,57469234,15,0,0,0,0,0,2890000,2257090,2257090,2257090,2,0,0,0,0,0,159179590,70672680,70672680,70672680,34,0,0,,,,善部町１３番１２−１９号
鶴見区,0,70009601,控除Ａ＆Ｂ＆Ｃ生命保険,鶴見区潮田町３丁目２０番１８−２０−１９−２０号,,2025,16163400,7438979,7438979,7438979,17,333300,291637,291637,291637,1,30719900,14780405,14780405,14780405,5,0,0,0,0,0,4658500,3754857,3754857,3754857,2,0,0,0,0,0,51875100,26265878,26265878,26265878,25,0,0,,,,長津田３丁目６番７−２０号
鶴見区,0,70009619,収入日電気屋,鶴見区下末吉５丁目１１番１９−４−１５−６号,,2025,544800,97221,97221,97221,1,35011900,12969011,12969011,12969011,13,569500,464142,464142,464142,1,0,0,0,0,0,11046300,1104426,1104426,1104426,11,2983100,2218640,2218640,2218640,8,50155600,16853440,16853440,16853440,34,0,0,,,,上谷本町６番１８−６−１−５号
鶴見区,0,70009627,明細電気,鶴見区仲通１丁目１３番１４−１８−２０−１号,,2025,23933300,10649751,10649751,10649751,19,0,0,0,0,0,13463100,6481176,6481176,6481176,4,0,0,0,0,0,14299900,6810235,6810235,6810235,8,8183600,1954502,1954502,1954502,20,59879900,25895664,25895664,25895664,51,0,0,,,,台村町１１番１２−１８−１号
鶴見区,0,70009635,宛名薬局,鶴見区馬場４丁目１番１３−２０−１７号,,2025,10253700,6866668,6866668,6866668,16,3321890,2191735,2191735,2191735,2,4112900,1805241,1805241,1805241,2,0,0,0,0,0,3183200,2486079,2486079,2486079,4,9829700,6914800,6914800,6914800,11,30701390,20264523,20264523,20264523,35,0,0,,,,高田西１丁目１３番１７−１６−９号
鶴見区,0,70009643,口座珈琲,鶴見区矢向６丁目２番１１−８−１７−１１号,,2025,105055272,22061607,22061607,22061607,3142,39396285,8273219,8273219,8273219,36585,0,0,0,0,0,58436398,12271643,12271643,12271643,196,0,0,0,0,0,112959821,23721562,23721562,23721562,8850,315847776,66328031,66328031,66328031,48773,0,0,,,,住吉町４丁目１２番１−８号
鶴見区,0,70009651,事務処理コンビニエンスストア,鶴見区大黒ふ頭７番１０−１−２−８号,,2025,4679200,3660963,3660963,3660963,5,6296600,456293,456293,456293,6,112367900,8487316,8487316,8487316,11,0,0,0,0,0,4280000,3383210,3383210,3383210,3,15588400,8431632,8431632,8431632,15,143212100,24419414,24419414,24419414,40,0,0,,,,西大口１５番１３−６−７号
鶴見区,0,70009660,統計なにぬねの内科クリニック,鶴見区北寺尾３丁目７番１５−６−１４−１２号,,2025,21483200,14123838,14123838,14123838,18,0,0,0,0,0,145388700,19648051,19648051,19648051,12,0,0,0,0,0,0,0,0,0,0,0,0,0,0,0,166871900,33771889,33771889,33771889,30,0,0,,,,荏田東２丁目９番８−１２−２０号
鶴見区,0,70009686,縦覧の本屋,鶴見区仲通１丁目１４番７−１８−３−１９号,,2025,1805900,1228427,1228427,1228427,3,4593100,2810996,2810996,2810996,5,27553000,18439837,18439837,18439837,2,0,0,0,0,0,130200,57147,57147,57147,1,2191100,1770079,1770079,1770079,5,36273300,24306486,24306486,24306486,16,0,0,,,,上山３丁目１０番２０−５−６号
鶴見区,0,70009694,返戻スイミングスクール,鶴見区市場上町１４番１９−５−１４−９号,,2025,2596000,1901390,1901390,1901390,6,0,0,0,0,0,61129300,19462234,19462234,19462234,4,0,0,0,0,0,12589300,6408280,6408280,6408280,8,9364100,2221244,2221244,2221244,10,85678700,29993148,29993148,29993148,28,0,0,,,,上大岡西３丁目１４番１７号
鶴見区,0,70009708,警告Ｕ＆Ｖ＆Ｗ生命保険,鶴見区上末吉５丁目１番２−１０−１３−１７号,,2025,0,0,0,0,0,11196000,6925730,6925730,6925730,6,222302600,95637324,95637324,95637324,18,0,0,0,0,0,7151400,4865358,4865358,4865358,6,387000,330748,330748,330748,3,241037000,107759160,107759160,107759160,33,0,0,,,,岡村６丁目１４番
鶴見区,0,70009724,職権ＲＳＴ生命保険,鶴見区北寺尾２丁目１１番８−１−９−１３号,,2025,8657200,7604020,7604020,7604020,6,0,0,0,0,0,23769800,2294840,2294840,2294840,6,0,0,0,0,0,5087900,3335060,3335060,3335060,7,0,0,0,0,0,37514900,13233920,13233920,13233920,19,0,0,,,,美しが丘西２丁目１９番
鶴見区,0,70009732,非住宅南部酪農農業,鶴見区浜町２丁目１番１９−１８−９−７号,,2025,16456600,12726300,12726300,12726300,19,15312100,2520944,2520944,2520944,12,16676400,8216218,8216218,8216218,5,0,0,0,0,0,4437000,2793923,2793923,2793923,5,0,0,0,0,0,52882100,26257385,26257385,26257385,41,0,0,,,,永田みなみ台３番２０号
鶴見区,0,70009741,高住民文具,鶴見区矢向１丁目３番１３−３−５−１７号,,2025,5752100,5335258,5335258,5335258,3,0,0,0,0,0,0,0,0,0,0,0,0,0,0,0,7436900,2427092,2427092,2427092,9,8779100,2139734,2139734,2139734,10,21968100,9902084,9902084,9902084,22,0,0,,,,あかね台１丁目１１番８−９−２０号
鶴見区,0,70009759,高額さしすせそ内科クリニック,鶴見区獅子ケ谷１丁目７番４−１１号,,2025,17761200,6481141,6481141,6481141,15,5374600,1749490,1749490,1749490,6,127286700,74334984,74334984,74334984,7,0,0,0,0,0,10109300,3600060,3600060,3600060,11,10753700,8667515,8667515,8667515,16,171285500,94833190,94833190,94833190,55,0,0,,,,中田北１丁目７番７号
鶴見区,0,70009767,口振ＸＹＺ生命保険,鶴見区東寺尾６丁目１９番６−１３−１−９号,,2025,7360300,5702801,5702801,5702801,6,27023100,17600058,17600058,17600058,6,129080900,12110888,12110888,12110888,18,0,0,0,0,0,9443500,4166567,4166567,4166567,7,2847100,776858,776858,776858,13,175754900,40357172,40357172,40357172,50,0,0,,,,上谷本町６番
鶴見区,0,70009775,相当やゆよ内科クリニック,鶴見区北寺尾７丁目９番８−１号,,2025,6225200,4815770,4815770,4815770,7,18047790,4917990,4917990,4917990,12,52439000,16884489,16884489,16884489,4,0,0,0,0,0,753800,557847,557847,557847,2,142800,93712,93712,93712,1,77608590,27269808,27269808,27269808,26,0,0,,,,吉田町１４番１号
鶴見区,0,70009783,固定資産家󠄂電,鶴見区東寺尾３丁目４番８−２０−１１−１３号,,2025,7524300,6431557,6431557,6431557,11,16370600,10771840,10771840,10771840,9,74253300,61178236,61178236,61178236,6,0,0,0,0,0,0,0,0,0,0,2371400,429515,429515,429515,13,100519600,78811148,78811148,78811148,39,0,0,,,,能見台１丁目１１番１１−７−２−４号
鶴見区,0,70009805,保険証銀行,鶴見区鶴見中央１丁目９番,,2025,7119800,5692474,5692474,5692474,9,16656190,2205733,2205733,2205733,10,9101800,4200955,4200955,4200955,4,0,0,0,0,0,19297700,9609084,9609084,9609084,12,0,0,0,0,0,52175490,21708246,21708246,21708246,35,0,0,,,,西戸部町３丁目１番５−３号
鶴見区,0,70009821,一部の八百屋,鶴見区弁天町７番１６−１１−９−５号,,2025,2615900,2288382,2288382,2288382,2,312000,160450,160450,160450,1,173698900,87800105,87800105,87800105,11,0,0,0,0,0,6579200,328960,328960,328960,6,917300,303986,303986,303986,5,184123300,90881883,90881883,90881883,25,0,0,,,,鶴見区
鶴見区,0,70009830,税南部酪農農業,鶴見区潮田町２丁目３番１６−５−１２−１９号,,2025,17326600,9502882,9502882,9502882,14,1131600,965545,965545,965545,2,20209200,8685309,8685309,8685309,7,0,0,0,0,0,4775400,254424,254424,254424,5,855000,763235,763235,763235,4,44297800,20171395,20171395,20171395,32,0,0,,,,金が谷２０番１８−１４−１７号
鶴見区,0,70009848,都市計画北部酪農農業,鶴見区向井町２丁目１４番,,2025,718900,491652,491652,491652,1,622200,133268,133268,133268,2,8492100,5077707,5077707,5077707,6,0,0,0,0,0,0,0,0,0,0,3431900,678101,678101,678101,10,13265100,6380728,6380728,6380728,19,0,0,,,,中央１丁目８番１３−２０−８−１７号
鶴見区,0,70009856,一輪ＧＨＩ生命保険,鶴見区市場東中町１７番３号,,2025,9919800,7463053,7463053,7463053,12,5000,890,890,890,1,5740100,608644,608644,608644,4,0,0,0,0,0,25648200,4737382,4737382,4737382,17,0,0,0,0,0,41313100,12809969,12809969,12809969,34,0,0,,,,上大岡西１丁目１９番１４−６号
鶴見区,0,70009864,直接ＲＳＴ生命保険,鶴見区生麦２丁目１８番１９−１９号,,2025,13256200,11457612,11457612,11457612,12,37082200,17653574,17653574,17653574,19,25889300,12963436,12963436,12963436,5,0,0,0,0,0,13902500,695125,695125,695125,12,0,0,0,0,0,90130200,42769747,42769747,42769747,48,0,0,,,,緑園５丁目１０番１３−１６−６号
鶴見区,0,70009872,村家󠄂電,鶴見区上末吉４丁目１３番１８−２−９−１４号,,2025,8671400,6892955,6892955,6892955,7,13337990,8476642,8476642,8476642,8,138558800,68363626,68363626,68363626,10,0,0,0,0,0,4928500,2421540,2421540,2421540,2,1489800,677685,677685,677685,5,166986490,86832448,86832448,86832448,32,0,0,,,,洋光台６丁目７番７号
鶴見区,0,70009881,運用ＬＭＮ生命保険,鶴見区寺谷１丁目１０番７−１７−１６−２０号,,2025,0,0,0,0,0,5178,4126,4126,4126,1,141677800,16700174,16700174,16700174,18,0,0,0,0,0,12355400,1372447,1372447,1372447,10,10518400,3991956,3991956,3991956,20,164556778,22068703,22068703,22068703,49,0,0,,,,下田町６丁目１３番２０−１−２０−２０号
鶴見区,0,70009899,督促ＡＢＣ生命保険,鶴見区上末吉５丁目１０番５号,,2025,15835600,4388201,4388201,4388201,9,10690600,8741293,8741293,8741293,3,26966900,17697816,17697816,17697816,7,0,0,0,0,0,7127200,3088188,3088188,3088188,7,6196900,1188968,1188968,1188968,19,66817200,35104466,35104466,35104466,45,0,0,,,,中島町２丁目１５番４号
鶴見区,0,70009902,副本かきくけこ内科クリニック,鶴見区汐入町２丁目１６番１９−１４−１４−７号,,2025,8074200,7468187,7468187,7468187,7,2546900,1771304,1771304,1771304,3,139369400,31518330,31518330,31518330,13,0,0,0,0,0,0,0,0,0,0,3696000,2143403,2143403,2143403,9,153686500,42901224,42901224,42901224,32,0,0,,,,翁町２丁目１５番１６−１８号
鶴見区,0,70009911,普徴ラーメン,鶴見区尻手３丁目１７番１３−８−７−１７号,,2025,113924250,23924092,23924092,23924092,5136,109128193,22916920,22916920,22916920,35798,0,0,0,0,0,0,0,0,0,0,0,0,0,0,0,69666677,14630002,14630002,14630002,8736,292719120,61471014,61471014,61471014,49670,0,0,,,,白山２丁目４番３−１３号
鶴見区,0,70009929,随時ドラッグストア,鶴見区寺谷１丁目５番１０−１８−３−１８号,,2025,14704100,5374205,5374205,5374205,14,0,0,0,0,0,76556800,46329297,46329297,46329297,5,0,0,0,0,0,6997200,2972662,2972662,2972662,7,8911700,6303510,6303510,6303510,6,107169800,60979674,60979674,60979674,32,0,0,,,,日野南４丁目６番１１−１０号
鶴見区,0,70009937,送付先薬局,鶴見区平安町２丁目１番１５−１５−１４−２０号,,2025,17780100,4962267,4962267,4962267,9,8443700,6881615,6881615,6881615,2,380000,235296,235296,235296,1,0,0,0,0,0,0,0,0,0,0,4416100,413574,413574,413574,10,31019900,12492752,12492752,12492752,22,0,0,,,,笹下７丁目８番
鶴見区,0,70009945,収入日レストラン,鶴見区尻手２丁目１７番５−４−７−１０号,,2025,14555300,6297243,6297243,6297243,11,3380000,2905035,2905035,2905035,2,13700800,6511814,6511814,6511814,2,0,0,0,0,0,17038500,6445945,6445945,6445945,14,0,0,0,0,0,48674600,22160037,22160037,22160037,29,0,0,,,,小菅ケ谷１丁目９番１０−１１−４号
鶴見区,0,70009961,滅失ＯＰＱ生命保険,鶴見区市場東中町１５番６−１−１８−１１号,,2025,0,0,0,0,0,0,0,0,0,0,0,0,0,0,0,38238156,8030012,8030012,8030012,998,0,0,0,0,0,24187843,5079447,5079447,5079447,2917,62425999,13109459,13109459,13109459,3915,0,0,,,,神戸町１９番
鶴見区,0,70009970,概調ケーブルテレビ,鶴見区馬場２丁目９番６号,,2025,5116800,3846186,3846186,3846186,9,98500,43233,43233,43233,1,130347700,42137316,42137316,42137316,20,0,0,0,0,0,6289200,4914886,4914886,4914886,6,2009500,1227920,1227920,1227920,5,143861700,52169541,52169541,52169541,41,0,0,,,,高田西１丁目１３番３号
鶴見区,0,70009988,未登記文房具店,鶴見区上末吉２丁目１８番１７−１−４号,,2025,0,0,0,0,0,0,0,0,0,0,0,0,0,0,0,21974526,4614650,4614650,4614650,527,0,0,0,0,0,81822872,17182803,17182803,17182803,4534,103797398,21797453,21797453,21797453,5061,0,0,,,,荏田南５丁目５番１９−１６−４号
鶴見区,0,70009996,法人やゆよ内科クリニック,鶴見区矢向１丁目１６番９−１４−２０号,,2025,23555000,11129114,11129114,11129114,24,12525000,11334700,11334700,11334700,3,3260000,2570500,2570500,2570500,2,0,0,0,0,0,17636600,7538065,7538065,7538065,14,2011200,1118576,1118576,1118576,4,58987800,33690955,33690955,33690955,47,0,0,,,,霧が丘４丁目９番１４−１０−１−１５号
鶴見区,0,70010005,二輪スーパー,鶴見区栄町通４丁目５番１３−２−１７−１号,,2025,1520000,1039521,1039521,1039521,1,6308080,4113564,4113564,4113564,7,16065800,9474159,9474159,9474159,4,0,0,0,0,0,14514000,7170586,7170586,7170586,12,3423000,1542015,1542015,1542015,10,41830880,23339845,23339845,23339845,34,0,0,,,,釜利谷西２丁目４番１６−６−１５−１８号
鶴見区,0,2000000011,株式会社行政電気,鶴見区朝日町１丁目７７７７７番７７７７７号,1.23456E+12,2025,1132100,1043278,1043278,1043278,2,0,0,0,0,0,260000,227500,227500,227500,1,0,0,0,0,0,0,0,0,0,0,1375000,1139310,1139310,1139310,3,2767100,2410088,2410088,2410088,6,0,0,,,,鶴見区
鶴見区,0,2000000046,株式会社法人電気,鶴見区朝日町１丁目５５５５５番５５５５５号,,2025,5009500,3754484,3754484,3754484,5,0,0,0,0,0,0,0,0,0,0,0,0,0,0,0,6369900,2515077,2515077,2515077,7,320000,302400,302400,302400,1,11699400,6571961,6571961,6571961,13,0,0,,,,
鶴見区,0,2000000054,行政タバコ,鶴見区大黒町９９９９９９９９９９番,,2025,0,0,0,0,0,0,0,0,0,0,0,0,0,0,0,0,0,0,0,0,683200,488069,488069,488069,2,808400,737798,737798,737798,2,1491600,1225867,1225867,1225867,4,1,0,,,,鶴見区
鶴見区,0,2000000097,株式会社行政電力,鶴見区鶴見１丁目９９９番９９－９号,,2025,0,0,0,0,0,380000,340860,340860,340860,1,8469900,6680790,6680790,6680790,4,0,0,0,0,0,2639200,2093821,2093821,2093821,3,0,0,0,0,0,11489100,9115471,9115471,9115471,8,0,0,,,,鶴見区
鶴見区,0,2000000100,株式会社法人電気,鶴見区鶴見１丁目８８８番８８８号,,2025,0,0,0,0,0,112097402,23540454,23540454,23540454,92561,0,0,0,0,0,0,0,0,0,0,0,0,0,0,0,118327967,24848873,24848873,24848873,234,230425369,48389327,48389327,48389327,92795,0,0,,,,鶴見区
鶴見区,0,2000000127,株式会社行政電気,鶴見区朝日町１丁目１番,,2025,3424800,3072045,3072045,3072045,1,0,0,0,0,0,0,0,0,0,0,0,0,0,0,0,1340000,1046540,1046540,1046540,1,999400,839496,839496,839496,1,5764200,4958081,4958081,4958081,3,0,0,,,,鶴見区
鶴見区,0,2000000640,株式会社法人ガイド,鶴見区大黒町５５５５５番５５５５５５５号,,2025,810000,726570,726570,726570,1,0,0,0,0,0,0,0,0,0,0,0,0,0,0,0,0,0,0,0,0,0,0,0,0,0,810000,726570,726570,726570,1,1,0,,,,鶴見区
鶴見区,0,2400000010,配分鉄道株式会社,鶴見区朝日町２丁目７７７７７番７７７号,,2025,0,0,0,0,0,0,0,0,0,0,0,0,0,0,0,0,0,0,0,0,0,0,0,0,0,0,0,0,0,0,0,0,0,0,0,1,0,,,,
鶴見区,0,3200003844,軽自　次郎,鶴見区駒岡１丁目９９９９９番９９９号,1.23457E+11,2025,0,0,0,0,0,0,0,0,0,0,0,0,45398688,45398688,0,0,0,0,0,0,0,0,0,0,0,0,0,0,0,0,0,0,45398688,45398688,0,0,0,,,,
鶴見区,0,4200001109,株式会社行政電気,鶴見区朝日町１丁目１番,1.23456E+12,2025,0,0,0,0,0,39887903,8376459,8376459,8376459,87291,0,0,0,0,0,0,0,0,0,0,15149789,3181455,3181455,3181455,2131,89352119,18763944,18763944,18763944,6420,144389811,30321858,30321858,30321858,95842,0,0,,,,
鶴見区,0,4200001117,テスト,鶴見区岸谷１丁目１１番,,2025,1414300,1284668,1284668,1284668,2,19728800,16919882,16919882,16919882,9,0,0,0,0,0,0,0,0,0,0,0,0,0,0,0,0,0,0,0,0,21143100,18204550,18204550,18204550,11,0,0,,,,
鶴見区,0,4200001125,電子申告１,鶴見区鶴見１丁目１番,,2025,0,0,0,0,0,0,0,0,0,0,99715600,47027517,47027517,47027517,7,0,0,0,0,0,6030000,2804919,2804919,2804919,3,690000,557038,557038,557038,3,106435600,50389474,50389474,50389474,13,0,0,,,,
鶴見区,0,4200001168,一般社団法人　横浜,鶴見区岸谷１丁目１番１号,,2025,8588100,7821094,7821094,7821094,8,1200000,1040400,1040400,1040400,2,4226200,1947357,1947357,1947357,2,0,0,0,0,0,0,0,0,0,0,6658600,5028669,5028669,5028669,4,20672900,15837520,15837520,15837520,16,0,0,,,,
鶴見区,0,4200001208,一般社団法人横浜　税務珈琲,鶴見区岸谷１丁目１番１号,,2025,3802100,2988704,2988704,2988704,3,5171890,3983575,3983575,3983575,2,59295800,33203124,33203124,33203124,14,0,0,0,0,0,7923400,3324162,3324162,3324162,7,0,0,0,0,0,76193190,43499565,43499565,43499565,26,0,0,,,,
鶴見区,0,70000166101,有限会社農地ＤＥＦ生命保険,鶴見区生麦３丁目１９番２０−１５−１９−４号,,2025,0,0,0,0,0,0,0,0,0,0,0,0,0,0,0,0,0,0,0,0,1985700,1550831,1550831,1550831,3,0,0,0,0,0,1985700,1550831,1550831,1550831,3,0,0,,,,鶴見区
鶴見区,0,70001405301,公益財団法人例月更正ケーブルテレビ（大臣配分）,鶴見区小野町１２番３−１８−８−１４号,,2025,0,0,0,0,0,0,0,0,0,0,0,0,38289515,38289515,0,0,0,0,0,0,0,0,0,0,0,0,0,0,0,0,0,0,38289515,38289515,0,0,0,,,,潮田町４丁目１８番２０−１５−５−５号
鶴見区,0,70001707101,信用組合累積コンビニエンスストア,鶴見区駒岡３丁目１８番９−２０−３−１８号,,2025,0,0,0,0,0,0,0,0,0,0,0,0,0,0,0,0,0,0,0,0,1608700,1243491,1243491,1243491,3,3428900,3029594,3029594,3029594,10,5037600,4273085,4273085,4273085,13,0,0,,,,鶴見区
鶴見区,0,70003700101,国立大学法人処理Ｘ＆Ｙ＆Ｚ生命保険,鶴見区向井町３丁目３番,,2025,0,0,0,0,0,0,0,0,0,0,0,0,0,0,0,0,0,0,0,0,1085000,713930,713930,713930,2,0,0,0,0,0,1085000,713930,713930,713930,2,1,0,,,,鶴見区
鶴見区,0,70004056101,厚生年金基金基本まみむめも内科クリニック,鶴見区上末吉１丁目２０番３−７−１９−５号,,2025,2213000,1985060,1985060,1985060,3,0,0,0,0,0,0,0,0,0,0,0,0,0,0,0,0,0,0,0,0,0,0,0,0,0,2213000,1985060,1985060,1985060,3,0,0,,,,鶴見区
鶴見区,0,70005613201,公益財団法人口座ケーブルテレビ（知事配分）,鶴見区北寺尾７丁目１７番１０−１３−１２−１２号,,2025,0,0,0,0,0,0,0,0,0,0,0,0,12315532,12315532,0,0,0,0,0,0,0,0,0,0,0,0,0,0,0,0,0,0,12315532,12315532,0,0,0,,,,宮沢３丁目４番７−４−４号
鶴見区,0,70006415301,！！ケーブルテレビ（大臣配分）,鶴見区下末吉５丁目１６番１２−１７−１２−４号,,2025,0,0,0,0,0,0,0,0,0,0,0,0,48535693,48535693,0,0,0,0,0,0,0,0,0,0,0,0,0,0,0,0,0,0,48535693,48535693,0,0,0,,,,みなとみらい４丁目１５番１６号
鶴見区,0,70006555101,後期工務店,鶴見区生麦３丁目１３番５−４−１３−７号,,2025,0,0,0,0,0,0,0,0,0,0,35800000,27959800,27959800,27959800,1,0,0,0,0,0,4638800,3534957,3534957,3534957,4,364000,331116,331116,331116,3,40802800,31825873,31825873,31825873,8,0,0,,,,鶴見区
鶴見区,0,70006709101,医療法人減免レストラン,鶴見区生麦３丁目１０番１５−１３号,,2025,0,0,0,0,0,2455900,2156040,2156040,2156040,4,34278000,27949169,27949169,27949169,4,0,0,0,0,0,2495000,1948595,1948595,1948595,2,372000,339053,339053,339053,3,39600900,32392857,32392857,32392857,13,0,0,,,,鶴見区
鶴見区,0,70007144101,事業団充当八百屋,鶴見区生麦１丁目１７番９−６−７−１１号,,2025,1386100,1243331,1243331,1243331,2,0,0,0,0,0,19064800,14985428,14985428,14985428,4,0,0,0,0,0,0,0,0,0,0,496400,429590,429590,429590,3,20947300,16658349,16658349,16658349,9,0,0,,,,鶴見区
鶴見区,0,70007683201,時効ケーブルテレビ（知事配分）,鶴見区梶山２丁目１０番１２−１２−１７−４号,,2025,0,0,0,0,0,0,0,0,0,0,0,0,89823794,89823794,0,0,0,0,0,0,0,0,0,0,0,0,0,0,0,0,0,0,89823794,89823794,0,0,0,,,,杉田７丁目１３番１５−２０号
鶴見区,0,70008345101,司法書士法人催告テレビ,鶴見区大黒町９番２０−１６−１１−１２号,,2025,0,0,0,0,0,0,0,0,0,0,37660500,29389055,29389055,29389055,3,0,0,0,0,0,0,0,0,0,0,718000,628642,628642,628642,2,38378500,30017697,30017697,30017697,5,0,0,,,,鶴見区
鶴見区,0,70008451101,土地家屋調査士法人車両番号レストラン,鶴見区生麦１丁目１５番４−１２−７−１５号,,2025,0,0,0,0,0,0,0,0,0,0,0,0,0,0,0,0,0,0,0,0,4975000,3948925,3948925,3948925,4,0,0,0,0,0,4975000,3948925,3948925,3948925,4,0,0,,,,鶴見区
鶴見区,0,70009023101,組合の眼鏡,鶴見区駒岡３丁目２０番３−５−３−１６号,,2025,1869600,1736857,1736857,1736857,3,0,0,0,0,0,0,0,0,0,0,0,0,0,0,0,3932500,3071282,3071282,3071282,3,885000,753070,753070,753070,4,6687100,5561209,5561209,5561209,10,0,0,,,,鶴見区
鶴見区,0,70009155301,更新ケーブルテレビ（大臣配分）,鶴見区市場西中町２番１−１３−４−１５号,,2025,0,0,0,0,0,0,0,0,0,0,0,0,76048148,76048148,0,0,0,0,0,0,0,0,0,0,0,0,0,0,0,0,0,0,76048148,76048148,0,0,0,,,,境之谷１６番７号
鶴見区,0,70009864101,直接ＲＳＴ生命保険,鶴見区生麦２丁目１８番１９−１９号,,2025,2337000,2171072,2171072,2171072,3,4416300,4051511,4051511,4051511,2,38306200,31219553,31219553,31219553,2,0,0,0,0,0,0,0,0,0,0,2595000,2147370,2147370,2147370,4,47654500,39589506,39589506,39589506,11,0,0,,,,鶴見区
鶴見区,0,70037281003,交渉経過電気店　生麦支店,鶴見区生麦３番１１号,,2025,983500,913671,913671,913671,2,0,0,0,0,0,0,0,0,0,0,0,0,0,0,0,3433300,2665075,2665075,2665075,3,0,0,0,0,0,4416800,3578746,3578746,3578746,5,0,0,,,,鶴見区
鶴見区,0,70107157002,企業団時効電気　大黒町支店,鶴見区大黒町１１番１号,,2025,493500,442669,442669,442669,1,0,0,0,0,0,0,0,0,0,0,0,0,0,0,0,0,0,0,0,0,0,0,0,0,0,493500,442669,442669,442669,1,1,0,,,,鶴見区
鶴見区,0,70142271002,職権電気屋　生麦支店,鶴見区生麦１１番１号,,2025,969800,895651,895651,895651,2,9649880,8656157,8656157,8656157,4,0,0,0,0,0,0,0,0,0,0,0,0,0,0,0,0,0,0,0,0,10619680,9551808,9551808,9551808,6,0,0,,,,鶴見区
鶴見区,0,70142998002,公社編集電気店　生麦１丁目支店,鶴見区生麦１丁目１０番１１号,,2025,89834075,18865155,18865155,18865155,9823,0,0,0,0,0,0,0,0,0,0,0,0,0,0,0,0,0,0,0,0,25083495,5267533,5267533,5267533,3696,114917570,24132688,24132688,24132688,13519,0,0,,,,鶴見区
鶴見区,0,9.1901E+11,海運株式会社　外１名,札幌市中央区北一条西１０丁目９番８号,,2025,0,0,0,0,0,0,0,0,0,0,0,0,47934313,47934313,0,0,0,0,0,0,0,0,0,0,0,0,0,0,0,0,0,0,47934313,47934313,0,0,0,240,0,    2    1    1     ,鶴見区寛政町２－１－１　第一ビル
