signal_id	pair	timestamp_utc	direction	entry_price	sl_price	tp_price	sl_pips	tp_pips	atr	m15_close_24h_ago	m15_close_12h_ago	m15_close_1h_ago	related_eur_usd_24h_change_pct	related_usd_jpy_24h_change_pct	related_gbp_usd_24h_change_pct	day_of_week	hour_utc	is_tokyo_session	is_london_session	is_ny_session
GBP_JPY_01630_20250903_111500	GBP_JPY	2025-09-03T11:15:00+00:00	long	199.094	198.815	199.652	27.9	55.8	0.186	198.823	198.699	198.85	0.097	0.0984	-0.0455	2	11	0	1	0
GBP_JPY_01631_20250903_153000	GBP_JPY	2025-09-03T15:30:00+00:00	long	199.45	199.27043	199.80914	17.96	35.91	0.119714	198.656	198.843	199.214	0.2669	-0.0645	0.546	2	15	0	1	1
GBP_JPY_01632_20250903_174500	GBP_JPY	2025-09-03T17:45:00+00:00	short	199.042	199.27579	198.57443	23.38	46.76	0.155857	198.384	198.933	199.402	0.0111	0.0594	0.271	2	17	0	0	1
GBP_JPY_01633_20250904_110000	GBP_JPY	2025-09-04T11:00:00+00:00	long	199.339	199.16264	199.69171	17.64	35.27	0.117571	198.979	199.125	199.066	0.0112	-0.2483	0.3506	3	11	0	1	0
GBP_JPY_01634_20250904_154500	GBP_JPY	2025-09-04T15:45:00+00:00	long	199.497	199.28518	199.92064	21.18	42.36	0.141214	199.656	198.976	199.268	-0.0189	-0.2004	0.1229	3	15	0	1	1
GBP_JPY_01635_20250905_000000	GBP_JPY	2025-09-05T00:00:00+00:00	short	199.376	199.49739	199.13321	12.14	24.28	0.080929	198.998	199.333	199.498	-0.0943	0.25	-0.0454	4	0	1	0	0
GBP_JPY_01636_20250905_084500	GBP_JPY	2025-09-05T08:45:00+00:00	long	199.465	199.36129	199.67243	10.37	20.74	0.069143	199.031	199.509	199.354	0.1845	-0.0371	0.2517	4	8	1	1	0
GBP_JPY_01637_20250905_091500	GBP_JPY	2025-09-05T09:15:00+00:00	long	199.588	199.46757	199.82886	12.04	24.09	0.080286	199.017	199.559	199.327	0.1485	0.029	0.1511	4	9	0	1	0
GBP_JPY_01638_20250905_093000	GBP_JPY	2025-09-05T09:30:00+00:00	long	199.613	199.48743	199.86414	12.56	25.11	0.083714	199.101	199.495	199.369	0.1485	0.029	0.1511	4	9	0	1	0
GBP_JPY_01639_20250905_124500	GBP_JPY	2025-09-05T12:45:00+00:00	long	199.751	199.57154	200.10993	17.95	35.89	0.119643	199.337	199.335	199.566	0.3865	-0.0991	0.3066	4	12	0	1	0
GBP_JPY_01640_20250905_151500	GBP_JPY	2025-09-05T15:15:00+00:00	short	199.367	199.57421	198.95257	20.72	41.44	0.138143	199.192	199.445	199.741	0.7565	-0.762	0.5952	4	15	0	1	1
GBP_JPY_01641_20250905_173000	GBP_JPY	2025-09-05T17:30:00+00:00	short	198.745	199.07736	198.08029	33.24	66.47	0.221571	199.494	199.327	199.277	0.8759	-1.1161	0.6926	4	17	0	0	1
GBP_JPY_01642_20250905_230000	GBP_JPY	2025-09-05T23:00:00+00:00	long	199.181	199.04386	199.45529	13.71	27.43	0.091429	199.498	199.535	199.132	0.6164	-0.7402	0.5405	4	23	0	0	0
GBP_JPY_01643_20250908_000000	GBP_JPY	2025-09-08T00:00:00+00:00	long	199.963	199.72686	200.43529	23.61	47.23	0.157429	199.375	199.609	199.184	0.57	-0.3282	0.4452	0	0	1	0	0
GBP_JPY_01644_20250908_013000	GBP_JPY	2025-09-08T01:30:00+00:00	long	200.138	199.82921	200.75557	30.88	61.76	0.205857	199.454	199.707	199.819	0.4893	-0.033	0.396	0	1	1	0	0
GBP_JPY_01645_20250908_100000	GBP_JPY	2025-09-08T10:00:00+00:00	short	199.671	199.83836	199.33629	16.74	33.47	0.111571	199.413	199.132	199.939	0.4718	-0.4608	0.3832	0	10	0	1	0
GBP_JPY_01646_20250908_220000	GBP_JPY	2025-09-08T22:00:00+00:00	short	199.725	199.85304	199.46893	12.8	25.61	0.085357	199.132	199.668	199.915	0.384	-0.0312	0.357	0	22	0	0	0
GBP_JPY_01647_20250909_081500	GBP_JPY	2025-09-09T08:15:00+00:00	short	199.532	199.65436	199.28729	12.24	24.47	0.081571	199.906	199.946	199.691	0.5429	-0.8621	0.615	1	8	1	1	0
GBP_JPY_01648_20250909_111500	GBP_JPY	2025-09-09T11:15:00+00:00	short	199.068	199.31732	198.56936	24.93	49.86	0.166214	199.496	199.766	199.749	0.2395	-0.7177	0.4485	1	11	0	1	0
GBP_JPY_01649_20250909_180000	GBP_JPY	2025-09-09T18:00:00+00:00	long	199.296	199.08718	199.71364	20.88	41.76	0.139214	199.936	199.821	198.997	-0.24	-0.2405	-0.1107	1	18	0	0	1
GBP_JPY_01650_20250910_164500	GBP_JPY	2025-09-10T16:45:00+00:00	long	199.72	199.52264	200.11471	19.74	39.47	0.131571	199.06	199.308	199.607	-0.1882	0.3214	0.0089	2	16	0	0	1
GBP_JPY_01651_20250910_201500	GBP_JPY	2025-09-10T20:15:00+00:00	short	199.366	199.52189	199.05421	15.59	31.18	0.103929	199.407	199.461	199.544	-0.0282	-0.0136	0.0621	2	20	0	0	1
GBP_JPY_01652_20250911_090000	GBP_JPY	2025-09-11T09:00:00+00:00	long	199.607	199.50029	199.82043	10.67	21.34	0.071143	199.611	199.388	199.379	-0.059	0.1064	-0.068	3	9	0	1	0
GBP_JPY_01653_20250911_110000	GBP_JPY	2025-09-11T11:00:00+00:00	long	199.788	199.63104	200.10193	15.7	31.39	0.104643	199.474	199.487	199.603	-0.0684	0.2257	-0.0946	3	11	0	1	0
GBP_JPY_01654_20250911_171500	GBP_JPY	2025-09-11T17:15:00+00:00	short	199.527	199.76368	199.05364	23.67	47.34	0.157786	199.675	199.422	199.775	0.0026	-0.1459	0.0509	3	17	0	0	1
GBP_JPY_01655_20250911_211500	GBP_JPY	2025-09-11T21:15:00+00:00	long	199.933	199.78911	200.22079	14.39	28.78	0.095929	199.422	199.696	199.776	0.2632	-0.1005	0.3184	3	21	0	0	1
GBP_JPY_01656_20250912_073000	GBP_JPY	2025-09-12T07:30:00+00:00	long	199.959	199.84382	200.18936	11.52	23.04	0.076786	199.395	199.686	199.885	0.2214	0.0441	0.2173	4	7	1	1	0
GBP_JPY_01657_20250912_113000	GBP_JPY	2025-09-12T11:30:00+00:00	long	200.192	200.01639	200.54321	17.56	35.12	0.117071	199.816	199.828	199.979	0.2181	0.0318	0.1421	4	11	0	1	0
GBP_JPY_01658_20250915_000000	GBP_JPY	2025-09-15T00:00:00+00:00	short	199.954	200.08964	199.68271	13.56	27.13	0.090429	199.736	200.196	200.247	-0.0315	0.2521	-0.0892	0	0	1	0	0
GBP_JPY_01659_20250915_070000	GBP_JPY	2025-09-15T07:00:00+00:00	short	199.955	200.05689	199.75121	10.19	20.38	0.067929	199.869	200.275	199.999	0.0733	-0.0651	0.0782	0	7	1	1	0
GBP_JPY_01660_20250915_100000	GBP_JPY	2025-09-15T10:00:00+00:00	long	200.226	200.0985	200.481	12.75	25.5	0.085	199.833	200.133	200.11	-0.0613	0.0095	0.1298	0	10	0	1	0
GBP_JPY_01661_20250915_134500	GBP_JPY	2025-09-15T13:45:00+00:00	long	200.553	200.35596	200.94707	19.7	39.41	0.131357	200.301	200.251	200.301	0.1619	-0.2396	0.3703	0	13	0	1	1
GBP_JPY_01662_20250915_221500	GBP_JPY	2025-09-15T22:15:00+00:00	long	200.498	200.38786	200.71829	11.01	22.03	0.073429	200.124	200.273	200.336	0.2514	-0.1335	0.351	0	22	0	0	0
GBP_JPY_01663_20250916_070000	GBP_JPY	2025-09-16T07:00:00+00:00	short	200.21	200.37104	199.88793	16.1	32.21	0.107357	199.954	200.44	200.349	0.3665	-0.2632	0.3575	1	7	1	1	0
GBP_JPY_01664_20250916_124500	GBP_JPY	2025-09-16T12:45:00+00:00	long	200.471	200.30718	200.79864	16.38	32.76	0.109214	200.301	200.339	200.303	0.5781	-0.2741	0.3649	1	12	0	1	0
GBP_JPY_01665_20250916_171500	GBP_JPY	2025-09-16T17:15:00+00:00	short	200.309	200.51321	199.90057	20.42	40.84	0.136143	200.429	200.359	200.583	0.7995	-0.6064	0.4967	1	17	0	0	1
GBP_JPY_01666_20250916_194500	GBP_JPY	2025-09-16T19:45:00+00:00	short	199.885	200.07229	199.51043	18.73	37.46	0.124857	200.357	200.166	200.091	0.9041	-0.6665	0.4346	1	19	0	0	1
GBP_JPY_01667_20250917_134500	GBP_JPY	2025-09-17T13:45:00+00:00	short	199.571	199.73364	199.24571	16.26	32.53	0.108429	200.387	199.965	199.697	0.238	-0.5318	0.1255	2	13	0	1	1
GBP_JPY_01668_20250917_164500	GBP_JPY	2025-09-17T16:45:00+00:00	long	199.935	199.76379	200.27743	17.12	34.24	0.114143	200.441	199.868	199.864	0.2191	-0.2875	0.0344	2	16	0	0	1
GBP_JPY_01669_20250917_210000	GBP_JPY	2025-09-17T21:00:00+00:00	short	199.672	199.81696	199.38207	14.5	28.99	0.096643	199.906	199.846	199.914	-0.2722	0.2563	-0.142	2	21	0	0	1
GBP_JPY_01670_20250917_213000	GBP_JPY	2025-09-17T21:30:00+00:00	long	200.021	199.82493	200.41314	19.61	39.21	0.130714	199.876	199.813	199.93	-0.2722	0.2563	-0.142	2	21	0	0	1
GBP_JPY_01671_20250918_090000	GBP_JPY	2025-09-18T09:00:00+00:00	long	200.446	200.32075	200.6965	12.52	25.05	0.0835	199.846	199.674	200.313	-0.5196	0.6212	-0.327	3	9	0	1	0
GBP_JPY_01672_20250918_104500	GBP_JPY	2025-09-18T10:45:00+00:00	long	200.557	200.39982	200.87136	15.72	31.44	0.104786	199.971	200.169	200.4	-0.0743	0.3048	-0.0103	3	10	0	1	0
GBP_JPY_01673_20250918_110000	GBP_JPY	2025-09-18T11:00:00+00:00	long	200.753	200.57611	201.10679	17.69	35.38	0.117929	199.949	200.184	200.408	-0.173	0.6705	-0.0044	3	11	0	1	0
GBP_JPY_01674_20250918_113000	GBP_JPY	2025-09-18T11:30:00+00:00	long	201.01	200.80943	201.41114	20.06	40.11	0.133714	199.831	200.28	200.495	-0.173	0.6705	-0.0044	3	11	0	1	0
GBP_JPY_01675_20250918_191500	GBP_JPY	2025-09-18T19:15:00+00:00	short	200.379	200.62886	199.87929	24.99	49.97	0.166571	199.941	200.305	200.517	-0.5585	1.0787	-0.8218	3	19	0	0	1
GBP_JPY_01676_20250919_063000	GBP_JPY	2025-09-19T06:30:00+00:00	short	200.195	200.36032	199.86436	16.53	33.06	0.110214	200.228	200.491	200.355	-0.2599	0.3951	-0.5161	4	6	1	0	0
GBP_JPY_01677_20250919_064500	GBP_JPY	2025-09-19T06:45:00+00:00	short	200.04	200.26179	199.59643	22.18	44.36	0.147857	200.283	200.538	200.395	-0.2599	0.3951	-0.5161	4	6	1	0	0
GBP_JPY_01678_20250919_070000	GBP_JPY	2025-09-19T07:00:00+00:00	short	199.584	199.84693	199.05814	26.29	52.59	0.175286	200.298	200.516	200.411	-0.178	0.214	-0.4579	4	7	1	1	0
GBP_JPY_01679_20250919_090000	GBP_JPY	2025-09-19T09:00:00+00:00	short	199.51	199.82189	198.88621	31.19	62.38	0.207929	200.444	200.392	199.773	-0.2374	0.2978	-0.6429	4	9	0	1	0
GBP_JPY_01680_20250919_163000	GBP_JPY	2025-09-19T16:30:00+00:00	short	199.427	199.63325	199.0145	20.63	41.25	0.1375	200.746	200.461	199.624	-0.0748	-0.1493	-0.4531	4	16	0	0	1
GBP_JPY_01681_20250922_053000	GBP_JPY	2025-09-22T05:30:00+00:00	long	199.703	199.57379	199.96143	12.92	25.84	0.086143	200.355	199.421	199.577	-0.4389	0.2385	-0.6056	0	5	1	0	0
GBP_JPY_01682_20250922_101500	GBP_JPY	2025-09-22T10:15:00+00:00	short	199.446	199.59193	199.15414	14.59	29.19	0.097286	199.703	199.291	199.612	-0.1844	0.1271	-0.0934	0	10	0	1	0
GBP_JPY_01683_20250923_000000	GBP_JPY	2025-09-23T00:00:00+00:00	short	199.448	199.55257	199.23886	10.46	20.91	0.069714	199.067	199.502	199.714	0.4521	-0.119	0.3729	1	0	1	0	0
GBP_JPY_01684_20250923_104500	GBP_JPY	2025-09-23T10:45:00+00:00	long	199.731	199.60082	199.99136	13.02	26.04	0.086786	199.636	199.67	199.649	0.3601	-0.2599	0.3101	1	10	0	1	0
GBP_JPY_01685_20250923_113000	GBP_JPY	2025-09-23T11:30:00+00:00	short	199.245	199.43357	198.86786	18.86	37.71	0.125714	199.536	199.673	199.7	0.3435	-0.1955	0.0593	1	11	0	1	0
GBP_JPY_01686_20250923_153000	GBP_JPY	2025-09-23T15:30:00+00:00	long	199.818	199.67057	200.11286	14.74	29.49	0.098286	199.682	199.628	199.679	0.1154	-0.0446	0.1214	1	15	0	1	1
GBP_JPY_01687_20250923_203000	GBP_JPY	2025-09-23T20:30:00+00:00	short	199.493	199.67096	199.13707	17.8	35.59	0.118643	199.604	199.649	199.765	0.1297	-0.0718	0.003	1	20	0	0	1
GBP_JPY_01688_20250924_071500	GBP_JPY	2025-09-24T07:15:00+00:00	long	199.857	199.74504	200.08093	11.2	22.39	0.074643	199.601	199.718	199.69	0.0483	0.0704	0.0111	2	7	1	1	0
GBP_JPY_01689_20250924_114500	GBP_JPY	2025-09-24T11:45:00+00:00	long	199.913	199.745	200.249	16.8	33.6	0.112	199.265	199.596	199.623	-0.2601	0.4744	-0.1466	2	11	0	1	0
GBP_JPY_01690_20250924_174500	GBP_JPY	2025-09-24T17:45:00+00:00	long	200.029	199.83486	200.41729	19.41	38.83	0.129429	199.839	199.65	199.82	-0.4434	0.6416	-0.542	2	17	0	0	1
GBP_JPY_01691_20250925_143000	GBP_JPY	2025-09-25T14:30:00+00:00	short	199.72	199.86636	199.42729	14.64	29.27	0.097571	199.808	200.156	200.128	-0.0758	0.2269	-0.2668	3	14	0	1	1
GBP_JPY_01692_20250925_151500	GBP_JPY	2025-09-25T15:15:00+00:00	short	199.722	199.87221	199.42157	15.02	30.04	0.100143	199.989	199.958	199.952	-0.3807	0.3888	-0.4611	3	15	0	1	1
GBP_JPY_01693_20250926_050000	GBP_JPY	2025-09-26T05:00:00+00:00	long	199.952	199.80404	200.24793	14.8	29.59	0.098643	200.06	199.88	199.811	-0.6188	0.6528	-0.8092	4	5	1	0	0
GBP_JPY_01694_20250926_090000	GBP_JPY	2025-09-26T09:00:00+00:00	long	199.982	199.87025	200.2055	11.18	22.35	0.0745	200.249	199.763	199.852	-0.5611	0.6311	-0.7479	4	9	0	1	0
GBP_JPY_01695_20250926_160000	GBP_JPY	2025-09-26T16:00:00+00:00	long	200.232	200.06229	200.57143	16.97	33.94	0.113143	199.762	199.811	199.975	-0.0171	0.2081	0.1055	4	16	0	0	1
GBP_JPY_01696_20250929_054500	GBP_JPY	2025-09-29T05:45:00+00:00	short	200.014	200.15339	199.73521	13.94	27.88	0.092929	199.869	200.354	200.171	0.4205	-0.5236	0.6	0	5	1	0	0
GBP_JPY_01697_20250929_090000	GBP_JPY	2025-09-29T09:00:00+00:00	short	199.888	200.04239	199.57921	15.44	30.88	0.102929	199.981	200.433	200.151	0.3425	-0.5978	0.5545	0	9	0	1	0
GBP_JPY_01698_20250929_103000	GBP_JPY	2025-09-29T10:30:00+00:00	short	199.784	199.96518	199.42164	18.12	36.24	0.120786	200.019	200.407	199.949	0.4609	-0.8475	0.704	0	10	0	1	0
GBP_JPY_01699_20250929_160000	GBP_JPY	2025-09-29T16:00:00+00:00	long	199.977	199.83729	200.25643	13.97	27.94	0.093143	200.228	200.274	199.914	0.4887	-0.7734	0.402	0	16	0	0	1
GBP_JPY_01700_20250929_171500	GBP_JPY	2025-09-29T17:15:00+00:00	short	199.41	199.59471	199.04057	18.47	36.94	0.123143	200.393	200.06	199.879	0.3344	-0.5706	0.1231	0	17	0	0	1
GBP_JPY_01701_20250930_070000	GBP_JPY	2025-09-30T07:00:00+00:00	short	199.511	199.66989	199.19321	15.89	31.78	0.105929	199.99	199.604	199.667	0.0128	-0.3672	0.0052	1	7	1	1	0
GBP_JPY_01702_20250930_081500	GBP_JPY	2025-09-30T08:15:00+00:00	short	199.293	199.47289	198.93321	17.99	35.98	0.119929	200.185	199.506	199.471	0.0409	-0.332	-0.0595	1	8	1	1	0
GBP_JPY_01703_20250930_103000	GBP_JPY	2025-09-30T10:30:00+00:00	short	198.894	199.11921	198.44357	22.52	45.04	0.150143	199.782	199.652	199.211	0.1271	-0.3547	0.0007	1	10	0	1	0
GBP_JPY_01704_20250930_160000	GBP_JPY	2025-09-30T16:00:00+00:00	short	198.727	198.93743	198.30614	21.04	42.09	0.140286	199.975	199.705	198.968	-0.0894	-0.4556	0.0372	1	16	0	0	1
GBP_JPY_01705_20251001_000000	GBP_JPY	2025-10-01T00:00:00+00:00	short	198.689	198.82539	198.41621	13.64	27.28	0.090929	199.474	198.79	198.877	0.0751	-0.5048	0.1251	2	0	1	0	0
GBP_JPY_01706_20251001_024500	GBP_JPY	2025-10-01T02:45:00+00:00	long	198.975	198.83357	199.25786	14.14	28.29	0.094286	199.659	198.82	198.847	0.0307	-0.3963	0.0551	2	2	1	0	0
GBP_JPY_01707_20251001_074500	GBP_JPY	2025-10-01T07:45:00+00:00	short	198.649	198.78668	198.37364	13.77	27.54	0.091786	199.422	198.843	198.821	0.2549	-0.5734	0.1868	2	7	1	1	0
GBP_JPY_01708_20251001_084500	GBP_JPY	2025-10-01T08:45:00+00:00	short	198.477	198.63354	198.16393	15.65	31.31	0.104357	199.202	198.782	198.65	0.1611	-0.5159	0.1586	2	8	1	1	0
GBP_JPY_01709_20251001_094500	GBP_JPY	2025-10-01T09:45:00+00:00	short	198.259	198.43654	197.90393	17.75	35.51	0.118357	199.011	198.864	198.489	0.2573	-0.5693	0.1935	2	9	0	1	0
GBP_JPY_01710_20251001_151500	GBP_JPY	2025-10-01T15:15:00+00:00	long	198.329	198.13025	198.7265	19.88	39.75	0.1325	199.0	199.008	198.284	0.1014	-0.7847	0.5222	2	15	0	1	1
GBP_JPY_01711_20251001_234500	GBP_JPY	2025-10-01T23:45:00+00:00	short	198.121	198.24207	197.87886	12.11	24.21	0.080714	198.805	198.171	198.273	-0.0682	-0.5593	0.2351	2	23	0	0	0
GBP_JPY_01712_20251002_030000	GBP_JPY	2025-10-02T03:00:00+00:00	long	198.415	198.30271	198.63957	11.23	22.46	0.074857	198.961	198.208	198.2	-0.0511	-0.6171	0.2165	3	3	1	0	0
GBP_JPY_01713_20251002_093000	GBP_JPY	2025-10-02T09:30:00+00:00	long	198.497	198.32118	198.84864	17.58	35.16	0.117214	198.361	198.322	198.348	-0.2142	-0.0448	0.1723	3	9	0	1	0
GBP_JPY_01714_20251002_121500	GBP_JPY	2025-10-02T12:15:00+00:00	short	198.025	198.26007	197.55486	23.51	47.01	0.156714	198.199	198.095	198.294	0.1875	-0.3974	0.2548	3	12	0	1	0
GBP_JPY_01715_20251002_171500	GBP_JPY	2025-10-02T17:15:00+00:00	short	197.527	197.7505	197.08	22.35	44.7	0.149	198.34	198.264	197.933	-0.2843	0.32	-0.6382	3	17	0	0	1
GBP_JPY_01716_20251002_214500	GBP_JPY	2025-10-02T21:45:00+00:00	long	197.943	197.81271	198.20357	13.03	26.06	0.086857	198.35	198.508	197.778	-0.1168	0.0843	-0.2885	3	21	0	0	1
GBP_JPY_01717_20251003_031500	GBP_JPY	2025-10-03T03:15:00+00:00	long	198.068	197.90804	198.38793	16.0	31.99	0.106643	198.38	198.092	197.752	-0.0486	0.108	-0.1864	4	3	1	0	0
GBP_JPY_01718_20251003_050000	GBP_JPY	2025-10-03T05:00:00+00:00	long	198.437	198.23621	198.83857	20.08	40.16	0.133857	198.187	197.619	198.211	-0.1048	0.3316	-0.3056	4	5	1	0	0
GBP_JPY_01719_20251003_120000	GBP_JPY	2025-10-03T12:00:00+00:00	short	198.229	198.4135	197.86	18.45	36.9	0.123	198.119	197.841	198.442	-0.1506	0.5088	-0.3326	4	12	0	1	0
GBP_JPY_01720_20251003_164500	GBP_JPY	2025-10-03T16:45:00+00:00	long	198.456	198.29818	198.77164	15.78	31.56	0.105214	197.727	198.324	198.191	0.1356	0.0869	0.2621	4	16	0	0	1
GBP_JPY_01721_20251003_191500	GBP_JPY	2025-10-03T19:15:00+00:00	long	198.745	198.52418	199.18664	22.08	44.16	0.147214	197.773	198.476	198.638	0.2126	0.2331	0.2857	4	19	0	0	1
GBP_JPY_01722_20251006_000000	GBP_JPY	2025-10-06T00:00:00+00:00	long	200.689	200.37079	201.32543	31.82	63.64	0.212143	197.841	198.227	198.762	0.0555	1.2935	-0.0446	0	0	1	0	0
GBP_JPY_01723_20251006_023000	GBP_JPY	2025-10-06T02:30:00+00:00	long	200.863	200.38729	201.81443	47.57	95.14	0.317143	197.804	198.036	200.558	-0.1075	1.6507	-0.1071	0	2	1	0	0
GBP_JPY_01724_20251006_061500	GBP_JPY	2025-10-06T06:15:00+00:00	long	201.809	201.54254	202.34193	26.65	53.29	0.177643	198.496	198.638	201.597	-0.0119	1.6501	0.0543	0	6	1	0	0
GBP_JPY_01725_20251006_150000	GBP_JPY	2025-10-06T15:00:00+00:00	short	201.465	201.74368	200.90764	27.87	55.74	0.185786	198.092	200.886	201.848	-0.4276	1.7105	-0.1546	0	15	0	1	1
GBP_JPY_01726_20251006_194500	GBP_JPY	2025-10-06T19:45:00+00:00	long	202.337	202.13043	202.75014	20.66	41.31	0.137714	198.795	202.118	202.155	-0.2351	1.7999	-0.0178	0	19	0	0	1
GBP_JPY_01727_20251006_233000	GBP_JPY	2025-10-06T23:30:00+00:00	long	202.807	202.68475	203.0515	12.23	24.45	0.0815	198.751	201.961	202.668	-0.2981	1.9434	0.0415	0	23	0	0	0
GBP_JPY_01728_20251007_030000	GBP_JPY	2025-10-07T03:00:00+00:00	long	202.962	202.77836	203.32929	18.36	36.73	0.122429	200.886	201.466	202.707	-0.0615	0.5257	0.3125	1	3	1	0	0
GBP_JPY_01729_20251007_100000	GBP_JPY	2025-10-07T10:00:00+00:00	short	202.365	202.55561	201.98379	19.06	38.12	0.127071	201.901	202.627	202.532	0.1183	0.3966	-0.0498	1	10	0	1	0
GBP_JPY_01730_20251007_141500	GBP_JPY	2025-10-07T14:15:00+00:00	short	202.25	202.43739	201.87521	18.74	37.48	0.124929	201.812	202.733	202.623	-0.1096	0.3505	-0.1751	1	14	0	1	1
GBP_JPY_01731_20251007_173000	GBP_JPY	2025-10-07T17:30:00+00:00	long	202.89	202.66693	203.33614	22.31	44.61	0.148714	202.106	202.746	202.458	-0.4566	0.8102	-0.3591	1	17	0	0	1
GBP_JPY_01732_20251007_193000	GBP_JPY	2025-10-07T19:30:00+00:00	long	203.361	203.10064	203.88171	26.04	52.07	0.173571	202.216	202.599	203.184	-0.3603	0.7765	-0.2412	1	19	0	0	1
GBP_JPY_01733_20251007_211500	GBP_JPY	2025-10-07T21:15:00+00:00	long	203.924	203.68957	204.39286	23.44	46.89	0.156286	202.5	202.674	203.64	-0.467	1.016	-0.3864	1	21	0	0	1
GBP_JPY_01734_20251008_081500	GBP_JPY	2025-10-08T08:15:00+00:00	short	203.939	204.12564	203.56571	18.66	37.33	0.124429	202.533	203.64	204.185	-0.6389	1.2651	-0.5074	2	8	1	1	0
GBP_JPY_01735_20251008_103000	GBP_JPY	2025-10-08T10:30:00+00:00	long	204.418	204.19686	204.86029	22.11	44.23	0.147429	202.362	203.871	204.107	-0.388	1.2747	-0.1444	2	10	0	1	0
GBP_JPY_01736_20251008_114500	GBP_JPY	2025-10-08T11:45:00+00:00	long	204.793	204.53211	205.31479	26.09	52.18	0.173929	202.614	203.771	204.665	-0.4397	1.2965	-0.2136	2	11	0	1	0
GBP_JPY_01737_20251008_133000	GBP_JPY	2025-10-08T13:30:00+00:00	long	205.235	204.96596	205.77307	26.9	53.81	0.179357	202.566	203.884	205.028	-0.3444	1.298	-0.0976	2	13	0	1	1
GBP_JPY_01738_20251008_184500	GBP_JPY	2025-10-08T18:45:00+00:00	short	204.474	204.71818	203.98564	24.42	48.84	0.162786	203.176	204.22	204.69	-0.574	1.0253	-0.3817	2	18	0	0	1
GBP_JPY_01739_20251009_034500	GBP_JPY	2025-10-09T03:45:00+00:00	long	204.773	204.54564	205.22771	22.74	45.47	0.151571	204.326	204.643	204.635	-0.0884	0.262	-0.044	3	3	1	0	0
GBP_JPY_01740_20251009_100000	GBP_JPY	2025-10-09T10:00:00+00:00	short	204.373	204.58193	203.95514	20.89	41.79	0.139286	204.281	204.534	204.766	-0.1728	0.3448	-0.4822	3	10	0	1	0
GBP_JPY_01741_20251009_114500	GBP_JPY	2025-10-09T11:45:00+00:00	short	204.167	204.42886	203.64329	26.19	52.37	0.174571	204.795	204.626	204.383	-0.0198	0.0373	-0.3468	3	11	0	1	0
GBP_JPY_01742_20251009_181500	GBP_JPY	2025-10-09T18:15:00+00:00	short	203.682	204.06407	202.91786	38.21	76.41	0.254714	204.667	204.569	204.265	-0.4058	0.2128	-0.596	3	18	0	0	1
GBP_JPY_01743_20251010_093000	GBP_JPY	2025-10-10T09:30:00+00:00	short	203.087	203.30214	202.65671	21.51	43.03	0.143429	204.686	203.465	203.352	-0.3883	-0.2915	-0.5111	4	9	0	1	0
GBP_JPY_01744_20251010_134500	GBP_JPY	2025-10-10T13:45:00+00:00	short	202.533	202.81211	201.97479	27.91	55.82	0.186071	204.093	203.53	203.076	-0.4054	0.038	-0.8033	4	13	0	1	1
GBP_JPY_01745_20251010_234500	GBP_JPY	2025-10-10T23:45:00+00:00	short	202.661	202.93068	202.12164	26.97	53.94	0.179786	203.469	203.139	202.378	0.5171	-1.2012	0.4431	4	23	0	0	0
GBP_JPY_01746_20251013_010000	GBP_JPY	2025-10-13T01:00:00+00:00	long	202.943	202.51186	203.80529	43.11	86.23	0.287429	203.564	203.034	202.523	0.3338	-0.7136	0.3128	0	1	1	0	0
GBP_JPY_01747_20251013_090000	GBP_JPY	2025-10-13T09:00:00+00:00	short	202.665	202.79689	202.40121	13.19	26.38	0.087929	203.385	202.608	202.846	0.376	-0.3894	0.3956	0	9	0	1	0
GBP_JPY_01748_20251013_100000	GBP_JPY	2025-10-13T10:00:00+00:00	long	202.985	202.79804	203.35893	18.7	37.39	0.124643	202.933	202.49	202.662	0.19	-0.3592	0.239	0	10	0	1	0
GBP_JPY_01749_20251013_173000	GBP_JPY	2025-10-13T17:30:00+00:00	long	203.117	202.92136	203.50829	19.56	39.13	0.130429	202.911	202.896	202.837	-0.1477	-0.0577	0.1827	0	17	0	0	1
GBP_JPY_01750_20251014_024500	GBP_JPY	2025-10-14T02:45:00+00:00	long	203.266	203.11889	203.56021	14.71	29.42	0.098071	202.79	202.767	203.082	-0.3086	0.2565	-0.0247	1	2	1	0	0
GBP_JPY_01751_20251014_063000	GBP_JPY	2025-10-14T06:30:00+00:00	short	203.002	203.19421	202.61757	19.22	38.44	0.128143	202.904	203.067	203.404	-0.3623	0.1455	-0.0614	1	6	1	0	0
GBP_JPY_01752_20251014_070000	GBP_JPY	2025-10-14T07:00:00+00:00	short	202.703	202.92243	202.26414	21.94	43.89	0.146286	202.869	202.994	203.22	-0.2461	-0.0355	-0.0344	1	7	1	1	0
GBP_JPY_01753_20251014_084500	GBP_JPY	2025-10-14T08:45:00+00:00	short	202.391	202.64171	201.88957	25.07	50.14	0.167143	202.719	202.996	202.758	-0.2617	-0.106	-0.0569	1	8	1	1	0
GBP_JPY_01754_20251014_090000	GBP_JPY	2025-10-14T09:00:00+00:00	short	202.066	202.34736	201.50329	28.14	56.27	0.187571	202.662	203.034	202.697	-0.378	-0.0303	-0.5117	1	9	0	1	0
GBP_JPY_01755_20251014_100000	GBP_JPY	2025-10-14T10:00:00+00:00	short	201.551	201.89632	200.86036	34.53	69.06	0.230214	202.987	203.073	202.065	-0.4354	-0.2252	-0.5857	1	10	0	1	0
GBP_JPY_01756_20251014_171500	GBP_JPY	2025-10-14T17:15:00+00:00	long	202.139	201.80407	202.80886	33.49	66.99	0.223286	202.987	203.365	201.936	0.2854	-0.3577	-0.2259	1	17	0	0	1
GBP_JPY_01757_20251014_201500	GBP_JPY	2025-10-14T20:15:00+00:00	long	202.284	202.01711	202.81779	26.69	53.38	0.177929	203.017	202.704	202.169	0.3137	-0.3507	-0.0323	1	20	0	0	1
GBP_JPY_01758_20251015_004500	GBP_JPY	2025-10-15T00:45:00+00:00	short	202.023	202.16368	201.74164	14.07	28.14	0.093786	202.885	201.815	202.154	0.3094	-0.3351	-0.1035	2	0	1	0	0
GBP_JPY_01759_20251015_040000	GBP_JPY	2025-10-15T04:00:00+00:00	short	201.872	202.09989	201.41621	22.79	45.58	0.151929	203.348	201.883	202.278	0.4183	-0.7556	-0.03	2	4	1	0	0
GBP_JPY_01760_20251015_110000	GBP_JPY	2025-10-15T11:00:00+00:00	long	202.023	201.804	202.461	21.9	43.8	0.146	201.785	202.115	201.866	0.6376	-0.4981	0.466	2	11	0	1	0
GBP_JPY_01761_20251015_130000	GBP_JPY	2025-10-15T13:00:00+00:00	long	202.237	201.99968	202.71164	23.73	47.46	0.158214	201.662	202.203	201.897	0.6119	-0.3824	0.7539	2	13	0	1	1
GBP_JPY_01762_20251016_031500	GBP_JPY	2025-10-16T03:15:00+00:00	short	202.04	202.29982	201.52036	25.98	51.96	0.173214	202.185	202.335	202.363	0.4539	-0.5641	0.6978	3	3	1	0	0
GBP_JPY_01763_20251016_054500	GBP_JPY	2025-10-16T05:45:00+00:00	long	202.5	202.26686	202.96629	23.31	46.63	0.155429	201.649	202.343	202.339	0.3708	-0.1873	0.6105	3	5	1	0	0
GBP_JPY_01764_20251016_104500	GBP_JPY	2025-10-16T10:45:00+00:00	long	203.056	202.80079	203.56643	25.52	51.04	0.170143	201.906	202.573	202.773	0.1409	-0.0026	0.5738	3	10	0	1	0
GBP_JPY_01765_20251016_164500	GBP_JPY	2025-10-16T16:45:00+00:00	short	202.786	203.08343	202.19114	29.74	59.49	0.198286	202.111	202.339	203.184	0.2589	-0.1975	0.5319	3	16	0	0	1
GBP_JPY_01766_20251016_191500	GBP_JPY	2025-10-16T19:15:00+00:00	short	202.079	202.39861	201.43979	31.96	63.92	0.213071	202.537	202.522	202.469	0.3179	-0.5232	0.2703	3	19	0	0	1
GBP_JPY_01767_20251017_093000	GBP_JPY	2025-10-17T09:30:00+00:00	short	201.557	201.78746	201.09607	23.05	46.09	0.153643	202.858	201.985	201.696	0.4874	-1.039	0.3341	4	9	0	1	0
GBP_JPY_01768_20251017_094500	GBP_JPY	2025-10-17T09:45:00+00:00	short	201.33	201.57664	200.83671	24.66	49.33	0.164429	202.773	201.973	201.691	0.4874	-1.039	0.3341	4	9	0	1	0
GBP_JPY_01769_20251017_100000	GBP_JPY	2025-10-17T10:00:00+00:00	short	201.0	201.26764	200.46471	26.76	53.53	0.178429	202.629	201.921	201.786	0.5124	-1.0182	0.0447	4	10	0	1	0
GBP_JPY_01770_20251017_140000	GBP_JPY	2025-10-17T14:00:00+00:00	long	201.909	201.55854	202.60993	35.05	70.09	0.233643	203.069	201.886	201.191	0.266	-0.6658	-0.0424	4	14	0	1	1
GBP_JPY_01771_20251017_211500	GBP_JPY	2025-10-17T21:15:00+00:00	long	202.067	201.84414	202.51271	22.29	44.57	0.148571	201.844	201.664	201.83	-0.1822	0.1071	-0.0089	4	21	0	0	1
GBP_JPY_01772_20251020_010000	GBP_JPY	2025-10-20T01:00:00+00:00	long	202.531	202.31179	202.96943	21.92	43.84	0.146143	202.093	201.191	201.925	-0.3292	0.3767	-0.067	0	1	1	0	0
GBP_JPY_01773_20251020_034500	GBP_JPY	2025-10-20T03:45:00+00:00	long	202.725	202.45018	203.27464	27.48	54.96	0.183214	202.011	201.695	202.6	-0.3443	0.4533	-0.0974	0	3	1	0	0
GBP_JPY_01774_20251020_071500	GBP_JPY	2025-10-20T07:15:00+00:00	short	202.402	202.60686	201.99229	20.49	40.97	0.136571	201.86	201.945	202.677	-0.3279	0.4228	-0.1227	0	7	1	1	0
GBP_JPY_01775_20251020_120000	GBP_JPY	2025-10-20T12:00:00+00:00	short	202.034	202.29489	201.51221	26.09	52.18	0.173929	201.263	201.925	202.284	-0.3384	0.7076	-0.0573	0	12	0	1	0
GBP_JPY_01776_20251020_173000	GBP_JPY	2025-10-20T17:30:00+00:00	short	201.961	202.16136	201.56029	20.04	40.07	0.133571	201.709	202.72	202.202	-0.1123	0.1117	0.183	0	17	0	0	1
GBP_JPY_01777_20251021_000000	GBP_JPY	2025-10-21T00:00:00+00:00	short	201.933	202.04411	201.71079	11.11	22.22	0.074071	201.925	202.035	202.111	-0.103	0.1755	-0.1185	1	0	1	0	0
GBP_JPY_01778_20251021_024500	GBP_JPY	2025-10-21T02:45:00+00:00	long	202.158	202.017	202.44	14.1	28.2	0.094	202.6	202.114	202.034	-0.1158	-0.0629	-0.1534	1	2	1	0	0
GBP_JPY_01779_20251021_043000	GBP_JPY	2025-10-21T04:30:00+00:00	long	202.179	201.95357	202.62986	22.54	45.09	0.150286	202.81	202.202	201.956	-0.1304	0.0113	-0.2367	1	4	1	0	0
GBP_JPY_01780_20251021_081500	GBP_JPY	2025-10-21T08:15:00+00:00	long	202.566	202.33061	203.03679	23.54	47.08	0.156929	202.31	202.183	202.355	-0.4138	0.5762	-0.4844	1	8	1	1	0
GBP_JPY_01781_20251021_114500	GBP_JPY	2025-10-21T11:45:00+00:00	long	202.847	202.54571	203.44957	30.13	60.26	0.200857	202.197	202.031	202.438	-0.3618	0.6814	-0.3567	1	11	0	1	0
GBP_JPY_01782_20251021_153000	GBP_JPY	2025-10-21T15:30:00+00:00	long	203.46	203.21914	203.94171	24.09	48.17	0.160571	202.196	201.956	203.198	-0.363	0.9	-0.292	1	15	0	1	1
GBP_JPY_01783_20251021_154500	GBP_JPY	2025-10-21T15:45:00+00:00	long	203.508	203.26693	203.99014	24.11	48.21	0.160714	202.284	202.093	203.374	-0.363	0.9	-0.292	1	15	0	1	1
GBP_JPY_01784_20251022_030000	GBP_JPY	2025-10-22T03:00:00+00:00	short	202.835	202.96282	202.57936	12.78	25.56	0.085214	201.948	203.321	203.104	-0.4171	0.6452	-0.3213	2	3	1	0	0
GBP_JPY_01785_20251022_083000	GBP_JPY	2025-10-22T08:30:00+00:00	long	203.153	203.00514	203.44871	14.79	29.57	0.098571	202.586	203.084	203.08	-0.1006	0.227	0.0508	2	8	1	1	0
GBP_JPY_01786_20251022_084500	GBP_JPY	2025-10-22T08:45:00+00:00	long	203.211	203.07396	203.48507	13.7	27.41	0.091357	202.648	203.152	203.039	-0.1006	0.227	0.0508	2	8	1	1	0
GBP_JPY_01787_20251022_091500	GBP_JPY	2025-10-22T09:15:00+00:00	short	202.525	202.72729	202.12043	20.23	40.46	0.134857	202.742	203.148	203.107	-0.1926	0.3167	-0.4108	2	9	0	1	0
GBP_JPY_01788_20251022_110000	GBP_JPY	2025-10-22T11:00:00+00:00	short	202.067	202.34804	201.50493	28.1	56.21	0.187357	202.276	203.03	202.254	-0.2031	0.0508	-0.4425	2	11	0	1	0
GBP_JPY_01789_20251022_161500	GBP_JPY	2025-10-22T16:15:00+00:00	long	202.647	202.37646	203.18807	27.05	54.11	0.180357	203.243	202.833	202.353	-0.1533	0.2454	-0.2579	2	16	0	0	1
GBP_JPY_01790_20251023_040000	GBP_JPY	2025-10-23T04:00:00+00:00	long	203.18	203.03268	203.47464	14.73	29.46	0.098214	202.771	202.477	203.02	-0.062	0.4422	-0.2386	3	4	1	0	0
GBP_JPY_01791_20251023_090000	GBP_JPY	2025-10-23T09:00:00+00:00	long	203.442	203.31204	203.70193	13.0	25.99	0.086643	202.705	202.656	203.256	-0.1292	0.5964	0.1087	3	9	0	1	0
GBP_JPY_01792_20251023_093000	GBP_JPY	2025-10-23T09:30:00+00:00	long	203.589	203.44918	203.86864	13.98	27.96	0.093214	202.301	202.846	203.204	-0.1292	0.5964	0.1087	3	9	0	1	0
GBP_JPY_01793_20251023_174500	GBP_JPY	2025-10-23T17:45:00+00:00	short	203.309	203.50207	202.92286	19.31	38.61	0.128714	202.834	203.321	203.475	0.0181	0.4806	-0.2449	3	17	0	0	1
GBP_JPY_01794_20251024_000000	GBP_JPY	2025-10-24T00:00:00+00:00	short	203.184	203.29779	202.95643	11.38	22.76	0.075857	202.823	203.736	203.294	0.0482	0.4253	-0.2157	4	0	1	0	0
GBP_JPY_01795_20251024_020000	GBP_JPY	2025-10-24T02:00:00+00:00	long	203.375	203.26046	203.60407	11.45	22.91	0.076357	202.908	203.721	203.309	0.0844	0.4106	-0.1798	4	2	1	0	0
GBP_JPY_01796_20251024_040000	GBP_JPY	2025-10-24T04:00:00+00:00	long	203.548	203.41664	203.81071	13.14	26.27	0.087571	203.181	203.599	203.323	0.1	0.3156	-0.1319	4	4	1	0	0
GBP_JPY_01797_20251024_091500	GBP_JPY	2025-10-24T09:15:00+00:00	long	203.873	203.72107	204.17686	15.19	30.39	0.101286	203.521	203.244	203.703	0.1673	0.1802	-0.1273	4	9	0	1	0
GBP_JPY_01798_20251024_110000	GBP_JPY	2025-10-24T11:00:00+00:00	short	203.465	203.68132	203.03236	21.63	43.26	0.144214	203.643	203.294	203.67	0.1216	0.2215	-0.2172	4	11	0	1	0
GBP_JPY_01799_20251024_151500	GBP_JPY	2025-10-24T15:15:00+00:00	short	203.375	203.5475	203.03	17.25	34.5	0.115	203.504	203.325	203.584	0.2888	0.0898	0.0202	4	15	0	1	1
GBP_JPY_01800_20251024_160000	GBP_JPY	2025-10-24T16:00:00+00:00	long	203.919	203.70568	204.34564	21.33	42.66	0.142214	203.599	203.546	203.475	0.1706	0.0917	0.0863	4	16	0	0	1
GBP_JPY_01801_20251024_174500	GBP_JPY	2025-10-24T17:45:00+00:00	short	203.184	203.48143	202.58914	29.74	59.49	0.198286	203.31	203.622	203.836	0.1111	0.1003	-0.1629	4	17	0	0	1
GBP_JPY_01802_20251027_000000	GBP_JPY	2025-10-27T00:00:00+00:00	long	203.547	203.43889	203.76321	10.81	21.62	0.072071	203.182	203.624	203.439	0.0981	0.3219	-0.0405	0	0	1	0	0
GBP_JPY_01803_20251027_004500	GBP_JPY	2025-10-27T00:45:00+00:00	long	203.813	203.67339	204.09221	13.96	27.92	0.093071	203.234	203.763	203.458	0.0981	0.3219	-0.0405	0	0	1	0	0
GBP_JPY_01804_20251027_080000	GBP_JPY	2025-10-27T08:00:00+00:00	long	204.012	203.88782	204.26036	12.42	24.84	0.082786	203.691	203.244	203.847	0.1784	0.1124	0.027	0	8	1	1	0
GBP_JPY_01805_20251027_100000	GBP_JPY	2025-10-27T10:00:00+00:00	short	203.633	203.79168	203.31564	15.87	31.74	0.105786	203.67	203.295	203.966	0.0155	0.1191	-0.0015	0	10	0	1	0
GBP_JPY_01806_20251027_153000	GBP_JPY	2025-10-27T15:30:00+00:00	long	203.94	203.75014	204.31971	18.99	37.97	0.126571	203.477	203.757	203.827	0.0619	0.1081	0.0165	0	15	0	1	1
GBP_JPY_01807_20251027_214500	GBP_JPY	2025-10-27T21:45:00+00:00	short	203.814	203.97729	203.48743	16.33	32.66	0.108857	203.363	203.819	204.08	0.209	-0.0288	0.2518	0	21	0	0	1
GBP_JPY_01808_20251028_040000	GBP_JPY	2025-10-28T04:00:00+00:00	short	203.416	203.57404	203.09993	15.8	31.61	0.105357	203.606	203.99	203.582	0.1581	-0.284	0.1831	1	4	1	0	0
GBP_JPY_01809_20251028_064500	GBP_JPY	2025-10-28T06:45:00+00:00	short	203.377	203.56246	203.00607	18.55	37.09	0.123643	203.872	204.04	203.505	0.2786	-0.5012	0.259	1	6	1	0	0
GBP_JPY_01810_20251028_073000	GBP_JPY	2025-10-28T07:30:00+00:00	short	203.159	203.35036	202.77629	19.14	38.27	0.127571	203.862	204.032	203.517	0.3587	-0.8228	0.38	1	7	1	1	0
GBP_JPY_01811_20251028_110000	GBP_JPY	2025-10-28T11:00:00+00:00	short	202.701	202.97196	202.15907	27.1	54.19	0.180643	203.63	203.863	203.14	0.2055	-0.5667	-0.1433	1	11	0	1	0
GBP_JPY_01812_20251028_111500	GBP_JPY	2025-10-28T11:15:00+00:00	short	202.473	202.74857	201.92186	27.56	55.11	0.183714	203.685	203.868	203.114	0.2055	-0.5667	-0.1433	1	11	0	1	0
GBP_JPY_01813_20251028_161500	GBP_JPY	2025-10-28T16:15:00+00:00	short	202.017	202.22668	201.59764	20.97	41.94	0.139786	204.061	203.506	202.268	0.0318	-0.5976	-0.5857	1	16	0	0	1
GBP_JPY_01814_20251029_000000	GBP_JPY	2025-10-29T00:00:00+00:00	short	201.742	201.86114	201.50371	11.91	23.83	0.079429	203.801	202.216	201.922	0.0498	-0.5171	-0.4822	2	0	1	0	0
GBP_JPY_01815_20251029_024500	GBP_JPY	2025-10-29T02:45:00+00:00	short	201.478	201.65564	201.12271	17.76	35.53	0.118429	203.703	202.32	201.951	0.0549	-0.6294	-0.4648	2	2	1	0	0
GBP_JPY_01816_20251029_081500	GBP_JPY	2025-10-29T08:15:00+00:00	long	201.788	201.60371	202.15657	18.43	36.86	0.122857	202.905	201.988	201.517	-0.2769	0.2989	-0.9557	2	8	1	1	0
GBP_JPY_01817_20251029_094500	GBP_JPY	2025-10-29T09:45:00+00:00	short	201.24	201.47957	200.76086	23.96	47.91	0.159714	202.979	201.976	201.644	-0.2239	0.0835	-0.9392	2	9	0	1	0
GBP_JPY_01818_20251029_161500	GBP_JPY	2025-10-29T16:15:00+00:00	short	200.77	201.00786	200.29429	23.79	47.57	0.158571	202.01	201.315	201.053	-0.0241	-0.1288	-0.3779	2	16	0	0	1
GBP_JPY_01819_20251029_224500	GBP_JPY	2025-10-29T22:45:00+00:00	long	201.628	201.32146	202.24107	30.65	61.31	0.204357	201.822	201.145	201.127	-0.454	0.4985	-0.593	2	22	0	0	0
GBP_JPY_01820_20251030_054500	GBP_JPY	2025-10-30T05:45:00+00:00	short	201.145	201.40664	200.62171	26.16	52.33	0.174429	201.577	201.098	201.446	-0.2499	0.2336	-0.4471	3	5	1	0	0
GBP_JPY_01821_20251030_060000	GBP_JPY	2025-10-30T06:00:00+00:00	short	201.027	201.29304	200.49493	26.6	53.21	0.177357	201.503	201.112	201.308	-0.1865	0.5978	-0.3735	3	6	1	0	0
GBP_JPY_01822_20251030_061500	GBP_JPY	2025-10-30T06:15:00+00:00	long	201.868	201.52525	202.5535	34.27	68.55	0.2285	201.468	201.147	201.349	-0.1865	0.5978	-0.3735	3	6	1	0	0
GBP_JPY_01823_20251030_093000	GBP_JPY	2025-10-30T09:30:00+00:00	long	202.61	202.14864	203.53271	46.14	92.27	0.307571	201.479	201.073	202.047	-0.0877	0.7815	-0.186	3	9	0	1	0
GBP_JPY_01824_20251031_150000	GBP_JPY	2025-10-31T15:00:00+00:00	short	202.13	202.35425	201.6815	22.42	44.85	0.1495	203.091	202.524	202.425	0.0087	-0.1024	-0.2375	4	15	0	1	1
GBP_JPY_01825_20251031_223000	GBP_JPY	2025-10-31T22:30:00+00:00	long	202.538	202.39314	202.82771	14.49	28.97	0.096571	202.481	202.775	202.411	-0.3329	0.0221	-0.0609	4	22	0	0	0
GBP_JPY_01826_20251103_000000	GBP_JPY	2025-11-03T00:00:00+00:00	short	202.242	202.40293	201.92014	16.09	32.19	0.107286	202.58	202.703	202.516	-0.3345	-0.0026	-0.1049	0	0	1	0	0
GBP_JPY_01827_20251103_013000	GBP_JPY	2025-11-03T01:30:00+00:00	long	202.583	202.40354	202.94193	17.95	35.89	0.119643	202.686	202.448	202.257	-0.3518	0.0642	-0.1483	0	1	1	0	0
GBP_JPY_01828_20251103_080000	GBP_JPY	2025-11-03T08:00:00+00:00	long	202.62	202.52293	202.81414	9.71	19.41	0.064714	202.489	202.352	202.504	-0.2619	0.1793	-0.0259	0	8	1	1	0
GBP_JPY_01829_20251103_103000	GBP_JPY	2025-11-03T10:30:00+00:00	short	202.198	202.35946	201.87507	16.15	32.29	0.107643	202.775	202.539	202.597	-0.4445	-0.1283	-0.1651	0	10	0	1	0
GBP_JPY_01830_20251103_163000	GBP_JPY	2025-11-03T16:30:00+00:00	short	202.192	202.37425	201.8275	18.23	36.45	0.1215	202.008	202.453	202.476	-0.2479	0.0071	-0.0046	0	16	0	0	1
GBP_JPY_01831_20251104_021500	GBP_JPY	2025-11-04T02:15:00+00:00	short	202.432	202.56014	202.17571	12.81	25.63	0.085429	202.458	202.487	202.544	-0.1527	0.1057	-0.0845	1	2	1	0	0
GBP_JPY_01832_20251104_031500	GBP_JPY	2025-11-04T03:15:00+00:00	long	202.656	202.503	202.962	15.3	30.6	0.102	202.416	202.451	202.438	-0.1475	0.1389	-0.0807	1	3	1	0	0
GBP_JPY_01833_20251104_043000	GBP_JPY	2025-11-04T04:30:00+00:00	short	202.331	202.4855	202.022	15.45	30.9	0.103	202.453	202.194	202.535	-0.1778	0.0136	-0.1172	1	4	1	0	0
GBP_JPY_01834_20251104_061500	GBP_JPY	2025-11-04T06:15:00+00:00	short	202.127	202.29671	201.78757	16.97	33.94	0.113143	202.461	202.63	202.412	-0.2133	-0.0084	-0.1339	1	6	1	0	0
GBP_JPY_01835_20251104_071500	GBP_JPY	2025-11-04T07:15:00+00:00	short	201.836	202.03668	201.43464	20.07	40.14	0.133786	202.544	202.681	202.135	-0.1942	-0.253	-0.1537	1	7	1	1	0
GBP_JPY_01836_20251104_080000	GBP_JPY	2025-11-04T08:00:00+00:00	short	201.565	201.78818	201.11864	22.32	44.64	0.148786	202.622	202.597	201.932	-0.1257	-0.3645	-0.1712	1	8	1	1	0
GBP_JPY_01837_20251104_100000	GBP_JPY	2025-11-04T10:00:00+00:00	short	201.175	201.49032	200.54436	31.53	63.06	0.210214	202.471	202.599	201.502	0.0043	-0.2985	-0.2416	1	10	0	1	0
GBP_JPY_01838_20251104_113000	GBP_JPY	2025-11-04T11:30:00+00:00	short	200.593	200.971	199.837	37.8	75.6	0.252	202.334	202.591	201.326	-0.1164	-0.4417	-0.4754	1	11	0	1	0
GBP_JPY_01839_20251105_023000	GBP_JPY	2025-11-05T02:30:00+00:00	short	199.637	199.82375	199.2635	18.67	37.35	0.1245	202.461	200.541	200.069	-0.212	-0.7153	-0.8046	2	2	1	0	0
GBP_JPY_01840_20251105_030000	GBP_JPY	2025-11-05T03:00:00+00:00	short	199.299	199.52046	198.85607	22.15	44.29	0.147643	202.603	200.497	199.981	-0.1798	-0.7562	-0.8313	2	3	1	0	0
GBP_JPY_01841_20251105_081500	GBP_JPY	2025-11-05T08:15:00+00:00	long	200.141	199.94536	200.53229	19.56	39.13	0.130429	201.531	200.044	200.025	-0.3072	0.0247	-0.7315	2	8	1	1	0
GBP_JPY_01842_20251105_100000	GBP_JPY	2025-11-05T10:00:00+00:00	long	200.388	200.13043	200.90314	25.76	51.51	0.171714	201.177	200.045	200.001	-0.218	-0.0989	-0.3575	2	10	0	1	0
GBP_JPY_01843_20251105_143000	GBP_JPY	2025-11-05T14:30:00+00:00	long	200.474	200.27825	200.8655	19.58	39.15	0.1305	200.541	199.639	200.15	0.0148	0.1185	-0.1875	2	14	0	1	1
GBP_JPY_01844_20251105_170000	GBP_JPY	2025-11-05T17:00:00+00:00	long	200.905	200.68321	201.34857	22.18	44.36	0.147857	200.31	199.643	200.55	-0.1088	0.6011	-0.036	2	17	0	0	1
GBP_JPY_01845_20251106_144500	GBP_JPY	2025-11-06T14:45:00+00:00	long	201.224	200.96482	201.74236	25.92	51.84	0.172786	200.464	200.976	201.124	0.3455	-0.0657	0.4463	3	14	0	1	1
GBP_JPY_01846_20251106_191500	GBP_JPY	2025-11-06T19:15:00+00:00	short	200.382	200.73364	199.67871	35.16	70.33	0.234429	200.973	200.985	200.661	0.5252	-0.6886	0.6381	3	19	0	0	1
GBP_JPY_01847_20251107_023000	GBP_JPY	2025-11-07T02:30:00+00:00	long	201.239	200.99525	201.7265	24.38	48.75	0.1625	201.0	201.017	200.878	0.3374	-0.4607	0.5337	4	2	1	0	0
GBP_JPY_01848_20251107_053000	GBP_JPY	2025-11-07T05:30:00+00:00	short	200.768	200.97939	200.34521	21.14	42.28	0.140929	201.023	200.536	200.912	0.2711	-0.5271	0.4226	4	5	1	0	0
GBP_JPY_01849_20251107_081500	GBP_JPY	2025-11-07T08:15:00+00:00	long	201.306	201.13757	201.64286	16.84	33.69	0.112286	200.982	200.986	200.957	0.2068	-0.3052	0.4581	4	8	1	1	0
GBP_JPY_01850_20251107_130000	GBP_JPY	2025-11-07T13:00:00+00:00	short	200.78	201.01529	200.30943	23.53	47.06	0.156857	201.062	200.966	200.985	0.329	-0.3352	0.2292	4	13	0	1	1
GBP_JPY_01851_20251107_153000	GBP_JPY	2025-11-07T15:30:00+00:00	long	201.253	200.99725	201.7645	25.58	51.15	0.1705	201.259	201.016	200.823	0.2774	-0.0958	0.1732	4	15	0	1	1
GBP_JPY_01852_20251107_170000	GBP_JPY	2025-11-07T17:00:00+00:00	long	201.643	201.31804	202.29293	32.5	64.99	0.216643	200.652	200.865	201.509	0.2799	0.0614	0.3748	4	17	0	0	1
GBP_JPY_01853_20251107_204500	GBP_JPY	2025-11-07T20:45:00+00:00	long	201.802	201.55482	202.29636	24.72	49.44	0.164786	201.093	201.309	201.626	0.1845	0.132	0.2207	4	20	0	0	1
GBP_JPY_01854_20251110_050000	GBP_JPY	2025-11-10T05:00:00+00:00	long	202.399	202.20668	202.78364	19.23	38.46	0.128214	200.865	201.647	202.272	0.1421	0.5743	0.2157	0	5	1	0	0
GBP_JPY_01855_20251110_101500	GBP_JPY	2025-11-10T10:15:00+00:00	long	202.913	202.6955	203.348	21.75	43.5	0.145	201.135	201.919	202.641	0.3234	0.4319	0.5411	0	10	0	1	0
GBP_JPY_01856_20251110_163000	GBP_JPY	2025-11-10T16:30:00+00:00	short	202.687	202.87225	202.3165	18.52	37.05	0.1235	201.359	202.306	202.911	-0.0804	0.4898	0.1209	0	16	0	0	1
GBP_JPY_01857_20251110_171500	GBP_JPY	2025-11-10T17:15:00+00:00	short	202.662	202.87264	202.24071	21.06	42.13	0.140429	201.53	202.426	202.814	-0.2281	0.5812	-0.0266	0	17	0	0	1
GBP_JPY_01858_20251110_214500	GBP_JPY	2025-11-10T21:45:00+00:00	long	203.03	202.87775	203.3345	15.23	30.45	0.1015	202.043	202.671	202.956	0.013	0.3217	0.1695	0	21	0	0	1
GBP_JPY_01859_20251111_030000	GBP_JPY	2025-11-11T03:00:00+00:00	long	203.176	203.00725	203.5135	16.88	33.75	0.1125	202.269	203.169	203.089	-0.0303	0.3205	0.1011	1	3	1	0	0
GBP_JPY_01860_20251111_073000	GBP_JPY	2025-11-11T07:30:00+00:00	short	203.017	203.12961	202.79179	11.26	22.52	0.075071	202.547	202.816	203.207	-0.0026	0.1221	0.0836	1	7	1	1	0
GBP_JPY_01861_20251111_084500	GBP_JPY	2025-11-11T08:45:00+00:00	short	202.844	202.99507	202.54186	15.11	30.21	0.100714	202.408	202.956	202.921	-0.0156	0.1084	0.0982	1	8	1	1	0
GBP_JPY_01862_20251111_090000	GBP_JPY	2025-11-11T09:00:00+00:00	short	202.488	202.68911	202.08579	20.11	40.22	0.134071	202.669	202.987	203.052	-0.0674	0.0961	-0.2371	1	9	0	1	0
GBP_JPY_01863_20251111_164500	GBP_JPY	2025-11-11T16:45:00+00:00	long	202.977	202.7505	203.43	22.65	45.3	0.151	202.86	203.195	202.535	0.3122	-0.0545	0.1132	1	16	0	0	1
GBP_JPY_01864_20251111_234500	GBP_JPY	2025-11-11T23:45:00+00:00	short	202.681	202.78257	202.47786	10.16	20.31	0.067714	203.04	202.623	202.843	0.2198	0.0091	-0.186	1	23	0	0	0
GBP_JPY_01865_20251112_041500	GBP_JPY	2025-11-12T04:15:00+00:00	long	202.906	202.74604	203.22593	16.0	31.99	0.106643	203.199	202.635	202.742	0.2216	-0.0117	-0.193	2	4	1	0	0
GBP_JPY_01866_20251112_061500	GBP_JPY	2025-11-12T06:15:00+00:00	long	202.938	202.78886	203.23629	14.91	29.83	0.099429	203.191	202.817	202.746	0.1237	0.2826	-0.2696	2	6	1	0	0
GBP_JPY_01867_20251112_064500	GBP_JPY	2025-11-12T06:45:00+00:00	long	203.167	203.01475	203.4715	15.23	30.45	0.1015	203.141	202.861	202.799	0.1237	0.2826	-0.2696	2	6	1	0	0
GBP_JPY_01868_20251112_100000	GBP_JPY	2025-11-12T10:00:00+00:00	long	203.543	203.34093	203.94714	20.21	40.41	0.134714	202.503	202.925	203.171	0.1965	0.2449	-0.0472	2	10	0	1	0
GBP_JPY_01869_20251112_160000	GBP_JPY	2025-11-12T16:00:00+00:00	short	202.842	203.0805	202.365	23.85	47.7	0.159	202.59	202.829	203.052	-0.2164	0.5636	-0.6199	2	16	0	0	1
GBP_JPY_01870_20251113_040000	GBP_JPY	2025-11-13T04:00:00+00:00	short	203.023	203.19936	202.67029	17.64	35.27	0.117571	202.829	202.841	203.268	0.0898	0.2008	-0.1005	3	4	1	0	0
GBP_JPY_01871_20251113_093000	GBP_JPY	2025-11-13T09:30:00+00:00	long	203.425	203.27114	203.73271	15.39	30.77	0.102571	203.229	203.078	203.264	0.2426	0.0614	-0.0335	3	9	0	1	0
GBP_JPY_01872_20251113_104500	GBP_JPY	2025-11-13T10:45:00+00:00	long	203.46	203.21507	203.94986	24.49	48.99	0.163286	202.989	203.193	203.308	0.4414	-0.1544	0.385	3	10	0	1	0
GBP_JPY_01873_20251113_130000	GBP_JPY	2025-11-13T13:00:00+00:00	long	203.546	203.24471	204.14857	30.13	60.26	0.200857	203.152	203.188	203.351	0.2444	-0.042	0.0807	3	13	0	1	1
GBP_JPY_01874_20251114_004500	GBP_JPY	2025-11-14T00:45:00+00:00	short	203.357	203.53389	203.00321	17.69	35.38	0.117929	203.082	203.472	203.776	0.4021	-0.1261	0.2613	4	0	1	0	0
GBP_JPY_01875_20251114_031500	GBP_JPY	2025-11-14T03:15:00+00:00	short	203.053	203.35054	202.45793	29.75	59.51	0.198357	203.137	203.806	203.429	0.3788	-0.1467	0.1768	4	3	1	0	0
GBP_JPY_01876_20251114_091500	GBP_JPY	2025-11-14T09:15:00+00:00	short	202.899	203.0955	202.506	19.65	39.3	0.131	203.215	203.826	203.264	0.1852	-0.0246	0.0434	4	9	0	1	0
GBP_JPY_01877_20251114_101500	GBP_JPY	2025-11-14T10:15:00+00:00	short	202.838	203.14957	202.21486	31.16	62.31	0.207714	203.258	203.813	202.903	0.012	0.0233	-0.0129	4	10	0	1	0
GBP_JPY_01878_20251114_103000	GBP_JPY	2025-11-14T10:30:00+00:00	long	203.821	203.40175	204.6595	41.92	83.85	0.2795	203.052	203.791	203.261	0.012	0.0233	-0.0129	4	10	0	1	0
GBP_JPY_01879_20251114_150000	GBP_JPY	2025-11-14T15:00:00+00:00	short	202.565	202.86157	201.97186	29.66	59.31	0.197714	203.703	203.196	203.087	0.148	-0.3628	-0.0137	4	15	0	1	1
GBP_JPY_01880_20251114_181500	GBP_JPY	2025-11-14T18:15:00+00:00	long	203.379	202.971	204.195	40.8	81.6	0.272	203.688	203.084	202.93	-0.2739	0.1567	-0.4307	4	18	0	0	1
GBP_JPY_01881_20251117_141500	GBP_JPY	2025-11-17T14:15:00+00:00	long	204.061	203.85143	204.48014	20.96	41.91	0.139714	202.921	203.288	203.795	-0.4617	0.6736	-0.0015	0	14	0	1	1
GBP_JPY_01882_20251117_174500	GBP_JPY	2025-11-17T17:45:00+00:00	long	204.504	204.26711	204.97779	23.69	47.38	0.157929	202.898	203.369	204.098	-0.1352	0.4986	0.2892	0	17	0	0	1
GBP_JPY_01883_20251117_184500	GBP_JPY	2025-11-17T18:45:00+00:00	long	204.514	204.27368	204.99464	24.03	48.06	0.160214	203.429	203.347	204.501	-0.1696	0.3615	0.1741	0	18	0	0	1
GBP_JPY_01884_20251118_060000	GBP_JPY	2025-11-18T06:00:00+00:00	short	203.868	204.02261	203.55879	15.46	30.92	0.103071	203.353	204.254	204.041	-0.0284	0.2742	0.092	1	6	1	0	0
GBP_JPY_01885_20251118_103000	GBP_JPY	2025-11-18T10:30:00+00:00	long	204.243	203.98575	204.7575	25.72	51.45	0.1715	203.749	204.178	203.987	-0.0965	0.2669	-0.0729	1	10	0	1	0
GBP_JPY_01886_20251118_193000	GBP_JPY	2025-11-18T19:30:00+00:00	long	204.52	204.2395	205.081	28.05	56.1	0.187	204.423	204.059	204.331	-0.157	0.3429	-0.2232	1	19	0	0	1
GBP_JPY_01887_20251119_034500	GBP_JPY	2025-11-19T03:45:00+00:00	short	204.199	204.34332	203.91036	14.43	28.86	0.096214	204.101	204.114	204.298	-0.1217	0.1901	-0.1414	2	3	1	0	0
GBP_JPY_01888_20251119_084500	GBP_JPY	2025-11-19T08:45:00+00:00	long	204.441	204.29261	204.73779	14.84	29.68	0.098929	204.034	204.639	204.24	-0.0647	0.1759	0.0221	2	8	1	1	0
GBP_JPY_01889_20251119_114500	GBP_JPY	2025-11-19T11:45:00+00:00	long	204.714	204.44379	205.25443	27.02	54.04	0.180143	204.162	204.328	204.257	-0.1389	0.4658	-0.1962	2	11	0	1	0
GBP_JPY_01890_20251119_164500	GBP_JPY	2025-11-19T16:45:00+00:00	long	205.322	205.09582	205.77436	22.62	45.24	0.150786	204.247	204.081	205.022	-0.3862	0.8935	-0.3694	2	16	0	0	1
GBP_JPY_01891_20251119_233000	GBP_JPY	2025-11-19T23:30:00+00:00	long	205.206	205.02279	205.57243	18.32	36.64	0.122143	204.424	204.52	204.883	-0.3774	1.08	-0.6483	2	23	0	0	0
GBP_JPY_01892_20251120_034500	GBP_JPY	2025-11-20T03:45:00+00:00	long	205.375	205.14121	205.84257	23.38	46.76	0.155857	204.201	205.022	205.043	-0.4647	1.2386	-0.6556	3	3	1	0	0
GBP_JPY_01893_20251120_080000	GBP_JPY	2025-11-20T08:00:00+00:00	long	205.765	205.56679	206.16143	19.82	39.64	0.132143	204.24	204.963	205.597	-0.5774	1.4699	-0.6767	3	8	1	1	0
GBP_JPY_01894_20251120_143000	GBP_JPY	2025-11-20T14:30:00+00:00	long	205.953	205.7535	206.352	19.95	39.9	0.133	205.01	205.128	205.776	-0.5813	0.9287	-0.465	3	14	0	1	1
GBP_JPY_01895_20251120_153000	GBP_JPY	2025-11-20T15:30:00+00:00	long	206.134	205.90182	206.59836	23.22	46.44	0.154786	204.878	205.253	205.951	-0.3906	0.8254	-0.1784	3	15	0	1	1
GBP_JPY_01896_20251120_161500	GBP_JPY	2025-11-20T16:15:00+00:00	long	206.584	206.30264	207.14671	28.14	56.27	0.187571	204.969	205.323	205.807	-0.1757	0.6404	0.0175	3	16	0	0	1
GBP_JPY_01897_20251121_093000	GBP_JPY	2025-11-21T09:30:00+00:00	short	205.15	205.41121	204.62757	26.12	52.24	0.174143	205.78	206.084	205.729	0.1858	-0.4604	0.0895	4	9	0	1	0
GBP_JPY_01898_20251121_114500	GBP_JPY	2025-11-21T11:45:00+00:00	short	204.74	205.16771	203.88457	42.77	85.54	0.285143	205.575	205.795	205.527	-0.0217	-0.2678	-0.1376	4	11	0	1	0
GBP_JPY_01899_20251124_014500	GBP_JPY	2025-11-24T01:45:00+00:00	long	205.2	205.01539	205.56921	18.46	36.92	0.123071	205.911	204.609	204.912	-0.2289	-0.4454	0.0994	0	1	1	0	0
GBP_JPY_01900_20251124_143000	GBP_JPY	2025-11-24T14:30:00+00:00	long	205.559	205.34846	205.98007	21.05	42.11	0.140357	204.926	205.175	205.243	0.197	0.067	0.1727	0	14	0	1	1
GBP_JPY_01901_20251125_010000	GBP_JPY	2025-11-25T01:00:00+00:00	long	205.683	205.54768	205.95364	13.53	27.06	0.090214	205.073	205.187	205.549	0.1147	0.141	0.0718	1	1	1	0	0
GBP_JPY_01902_20251125_024500	GBP_JPY	2025-11-25T02:45:00+00:00	short	205.369	205.54096	205.02507	17.2	34.39	0.114643	205.147	205.657	205.632	0.1425	-0.0319	0.1436	1	2	1	0	0
GBP_JPY_01903_20251125_093000	GBP_JPY	2025-11-25T09:30:00+00:00	long	205.494	205.33136	205.81929	16.26	32.53	0.108429	205.287	205.579	205.334	0.0929	-0.1435	0.2437	1	9	0	1	0
GBP_JPY_01904_20251125_104500	GBP_JPY	2025-11-25T10:45:00+00:00	short	205.153	205.36664	204.72571	21.36	42.73	0.142429	205.465	205.579	205.503	0.0061	-0.2581	0.1069	1	10	0	1	0
GBP_JPY_01905_20251125_161500	GBP_JPY	2025-11-25T16:15:00+00:00	long	205.615	205.32871	206.18757	28.63	57.26	0.190857	205.588	205.327	205.33	0.3444	-0.6329	0.6577	1	16	0	0	1
GBP_JPY_01906_20251125_234500	GBP_JPY	2025-11-25T23:45:00+00:00	short	205.245	205.42329	204.88843	17.83	35.66	0.118857	205.499	205.297	205.454	0.4271	-0.5127	0.4632	1	23	0	0	0
GBP_JPY_01907_20251126_080000	GBP_JPY	2025-11-26T08:00:00+00:00	long	206.005	205.81557	206.38386	18.94	37.89	0.126286	205.35	205.884	205.937	0.5886	-0.3006	0.6472	2	8	1	1	0
GBP_JPY_01908_20251126_133000	GBP_JPY	2025-11-26T13:30:00+00:00	long	206.27	206.03054	206.74893	23.95	47.89	0.159643	205.295	205.539	205.968	0.4121	0.0198	0.4591	2	13	0	1	1
GBP_JPY_01909_20251126_140000	GBP_JPY	2025-11-26T14:00:00+00:00	short	205.627	205.94629	204.98843	31.93	63.86	0.212857	205.086	205.618	205.907	0.2382	0.1132	0.3753	2	14	0	1	1
GBP_JPY_01910_20251126_151500	GBP_JPY	2025-11-26T15:15:00+00:00	long	206.663	206.23754	207.51393	42.55	85.09	0.283643	205.33	205.951	205.799	-0.051	0.3311	0.295	2	15	0	1	1
GBP_JPY_01911_20251128_134500	GBP_JPY	2025-11-28T13:45:00+00:00	short	206.224	206.51714	205.63771	29.31	58.63	0.195429	206.788	206.925	206.398	-0.1562	-0.0697	-0.2049	4	13	0	1	1
GBP_JPY_01912_20251128_163000	GBP_JPY	2025-11-28T16:30:00+00:00	long	206.736	206.49654	207.21493	23.95	47.89	0.159643	206.891	206.781	206.442	-0.088	-0.055	-0.0249	4	16	0	0	1
GBP_JPY_01913_20251128_180000	GBP_JPY	2025-11-28T18:00:00+00:00	long	206.842	206.55496	207.41607	28.7	57.41	0.191357	207.174	206.829	206.598	-0.0043	-0.0608	-0.0597	4	18	0	0	1
GBP_JPY_01914_20251201_000000	GBP_JPY	2025-12-01T00:00:00+00:00	short	206.404	206.57468	206.06264	17.07	34.14	0.113786	206.791	206.484	206.717	0.0207	-0.1088	-0.034	0	0	1	0	0
GBP_JPY_01915_20251201_021500	GBP_JPY	2025-12-01T02:15:00+00:00	short	206.194	206.46668	205.64864	27.27	54.54	0.181786	206.96	206.352	206.537	0.0776	-0.4084	0.0015	0	2	1	0	0
GBP_JPY_01916_20251201_043000	GBP_JPY	2025-12-01T04:30:00+00:00	short	205.67	205.99014	205.02971	32.01	64.03	0.213429	206.781	206.737	206.166	0.0915	-0.5023	-0.0627	0	4	1	0	0
GBP_JPY_01917_20251202_101500	GBP_JPY	2025-12-02T10:15:00+00:00	long	206.09	205.91825	206.4335	17.18	34.35	0.1145	205.286	205.424	205.864	-0.0241	0.328	0.0076	1	10	0	1	0
GBP_JPY_01918_20251202_180000	GBP_JPY	2025-12-02T18:00:00+00:00	short	205.622	205.87121	205.12357	24.92	49.84	0.166143	205.38	205.675	206.131	-0.2357	0.4083	-0.3289	1	18	0	0	1
GBP_JPY_01919_20251203_001500	GBP_JPY	2025-12-03T00:15:00+00:00	short	205.631	205.76846	205.35607	13.75	27.49	0.091643	205.348	205.731	205.854	0.1335	0.2767	-0.081	2	0	1	0	0
GBP_JPY_01920_20251203_041500	GBP_JPY	2025-12-03T04:15:00+00:00	long	206.035	205.86604	206.37293	16.9	33.79	0.112643	205.64	206.104	205.838	0.2265	0.0321	0.1014	2	4	1	0	0
GBP_JPY_01921_20251203_103000	GBP_JPY	2025-12-03T10:30:00+00:00	long	206.286	206.11425	206.6295	17.18	34.35	0.1145	206.072	205.855	206.065	0.2877	-0.2051	0.3565	2	10	0	1	0
GBP_JPY_01922_20251203_113000	GBP_JPY	2025-12-03T11:30:00+00:00	long	206.575	206.36082	207.00336	21.42	42.84	0.142786	206.089	205.934	206.285	0.3049	-0.2212	0.5163	2	11	0	1	0
GBP_JPY_01923_20251203_203000	GBP_JPY	2025-12-03T20:30:00+00:00	long	207.12	206.90571	207.54857	21.43	42.86	0.142857	205.783	205.944	206.965	0.5444	-0.5571	1.1373	2	20	0	0	1
GBP_JPY_01924_20251204_051500	GBP_JPY	2025-12-04T05:15:00+00:00	long	207.307	207.12464	207.67171	18.24	36.47	0.121571	205.992	206.859	207.199	0.1572	-0.1683	0.7771	3	5	1	0	0
GBP_JPY_01925_20251204_070000	GBP_JPY	2025-12-04T07:00:00+00:00	long	207.337	207.19707	207.61686	13.99	27.99	0.093286	206.02	206.873	207.163	0.1452	-0.3019	0.7653	3	7	1	1	0
GBP_JPY_01926_20251204_100000	GBP_JPY	2025-12-04T10:00:00+00:00	short	206.708	206.93193	206.26014	22.39	44.79	0.149286	206.182	207.15	207.128	0.2808	-0.4432	0.6313	3	10	0	1	0
GBP_JPY_01927_20251204_163000	GBP_JPY	2025-12-04T16:30:00+00:00	long	206.911	206.69189	207.34921	21.91	43.82	0.146071	206.853	207.173	206.487	0.0635	-0.3721	0.4281	3	16	0	0	1
GBP_JPY_01928_20251204_234500	GBP_JPY	2025-12-04T23:45:00+00:00	short	206.594	206.71207	206.35786	11.81	23.61	0.078714	207.216	206.611	206.721	-0.2279	-0.0921	-0.2157	3	23	0	0	0
GBP_JPY_01929_20251205_071500	GBP_JPY	2025-12-05T07:15:00+00:00	short	206.41	206.56311	206.10379	15.31	30.62	0.102071	207.336	206.713	206.574	-0.0034	-0.4014	0.054	4	7	1	1	0
GBP_JPY_01930_20251205_110000	GBP_JPY	2025-12-05T11:00:00+00:00	long	206.794	206.56321	207.25557	23.08	46.16	0.153857	206.705	206.748	206.688	-0.1995	0.0652	-0.0015	4	11	0	1	0
GBP_JPY_01931_20251208_000000	GBP_JPY	2025-12-08T00:00:00+00:00	short	206.707	206.86579	206.38943	15.88	31.76	0.105857	206.552	206.89	207.076	0.0017	0.1226	0.0323	0	0	1	0	0
GBP_JPY_01932_20251208_033000	GBP_JPY	2025-12-08T03:30:00+00:00	short	206.602	206.77364	206.25871	17.16	34.33	0.114429	206.675	207.172	206.808	-0.0163	-0.0639	0.0278	0	3	1	0	0
GBP_JPY_01933_20251208_071500	GBP_JPY	2025-12-08T07:15:00+00:00	long	206.994	206.88354	207.21493	11.05	22.09	0.073643	206.412	206.935	206.88	-0.0257	0.3875	-0.0599	0	7	1	1	0
GBP_JPY_01934_20251208_103000	GBP_JPY	2025-12-08T10:30:00+00:00	long	207.111	206.94043	207.45214	17.06	34.11	0.113714	206.662	207.014	206.933	0.0197	0.3448	-0.1678	0	10	0	1	0
GBP_JPY_01935_20251208_163000	GBP_JPY	2025-12-08T16:30:00+00:00	long	207.542	207.35557	207.91486	18.64	37.29	0.124286	207.214	206.754	207.269	-0.0884	0.3904	-0.1311	0	16	0	0	1
GBP_JPY_01936_20251209_070000	GBP_JPY	2025-12-09T07:00:00+00:00	long	207.992	207.86911	208.23779	12.29	24.58	0.081929	206.941	207.513	207.711	-0.0652	0.5193	-0.0292	1	7	1	1	0
GBP_JPY_01937_20251209_081500	GBP_JPY	2025-12-09T08:15:00+00:00	long	208.054	207.90807	208.34586	14.59	29.19	0.097286	206.999	207.498	207.857	-0.1458	0.5018	0.0	1	8	1	1	0
GBP_JPY_01938_20251209_094500	GBP_JPY	2025-12-09T09:45:00+00:00	long	208.171	207.99529	208.52243	17.57	35.14	0.117143	207.001	207.771	207.963	-0.1561	0.5394	0.024	1	9	0	1	0
GBP_JPY_01939_20251209_101500	GBP_JPY	2025-12-09T10:15:00+00:00	long	208.487	208.27743	208.90614	20.96	41.91	0.139714	207.067	207.732	208.024	-0.0961	0.6069	0.1246	1	10	0	1	0
GBP_JPY_01940_20251209_171500	GBP_JPY	2025-12-09T17:15:00+00:00	long	208.485	208.27961	208.89579	20.54	41.08	0.136929	207.489	207.773	208.247	0.0301	0.6487	-0.1119	1	17	0	0	1
GBP_JPY_01941_20251209_180000	GBP_JPY	2025-12-09T18:00:00+00:00	long	208.764	208.53096	209.23007	23.3	46.61	0.155357	207.569	207.711	208.428	0.1144	0.6177	-0.009	1	18	0	0	1
GBP_JPY_01942_20251209_234500	GBP_JPY	2025-12-09T23:45:00+00:00	short	208.503	208.63661	208.23579	13.36	26.72	0.089071	207.69	208.321	208.676	-0.0954	0.6048	-0.1997	1	23	0	0	0
GBP_JPY_01943_20251210_051500	GBP_JPY	2025-12-10T05:15:00+00:00	short	208.295	208.45421	207.97657	15.92	31.84	0.106143	207.773	208.487	208.433	-0.1632	0.4903	-0.1913	2	5	1	0	0
GBP_JPY_01944_20251210_080000	GBP_JPY	2025-12-10T08:00:00+00:00	long	208.565	208.45604	208.78293	10.9	21.79	0.072643	208.03	208.615	208.37	-0.073	0.4256	-0.1275	2	8	1	1	0
GBP_JPY_01945_20251210_171500	GBP_JPY	2025-12-10T17:15:00+00:00	short	208.392	208.57929	208.01743	18.73	37.46	0.124857	208.487	208.293	208.733	0.1144	-0.248	0.1797	2	17	0	0	1
GBP_JPY_01946_20251210_211500	GBP_JPY	2025-12-10T21:15:00+00:00	long	208.78	208.59239	209.15521	18.76	37.52	0.125071	208.709	208.715	208.639	0.4257	-0.366	0.4751	2	21	0	0	1
GBP_JPY_01947_20251211_041500	GBP_JPY	2025-12-11T04:15:00+00:00	short	208.11	208.34957	207.63086	23.96	47.91	0.159714	208.433	208.733	208.327	0.6031	-0.5637	0.5361	3	4	1	0	0
GBP_JPY_01948_20251211_080000	GBP_JPY	2025-12-11T08:00:00+00:00	long	208.547	208.364	208.913	18.3	36.6	0.122	208.563	208.59	208.411	0.4633	-0.4513	0.4184	3	8	1	1	0
GBP_JPY_01949_20251211_153000	GBP_JPY	2025-12-11T15:30:00+00:00	short	208.192	208.37586	207.82429	18.39	36.77	0.122571	208.575	208.397	208.237	0.7801	-0.8087	0.5769	3	15	0	1	1
GBP_JPY_01950_20251212_021500	GBP_JPY	2025-12-12T02:15:00+00:00	long	208.49	208.32918	208.81164	16.08	32.16	0.107214	208.368	208.41	208.241	0.3282	-0.07	0.1129	4	2	1	0	0
GBP_JPY_01951_20251212_090000	GBP_JPY	2025-12-12T09:00:00+00:00	short	208.328	208.47221	208.03957	14.42	28.84	0.096143	208.517	208.409	208.611	0.3806	-0.2455	0.11	4	9	0	1	0
GBP_JPY_01952_20251212_144500	GBP_JPY	2025-12-12T14:45:00+00:00	long	208.671	208.51371	208.98557	15.73	31.46	0.104857	208.308	208.512	208.531	0.0691	0.2892	-0.1173	4	14	0	1	1
GBP_JPY_01953_20251212_170000	GBP_JPY	2025-12-12T17:00:00+00:00	short	208.354	208.53336	207.99529	17.94	35.87	0.119571	208.244	208.494	208.566	-0.154	0.4601	-0.5925	4	17	0	0	1
GBP_JPY_01954_20251212_171500	GBP_JPY	2025-12-12T17:15:00+00:00	short	208.268	208.46396	207.87607	19.6	39.19	0.130643	208.153	208.448	208.594	-0.154	0.4601	-0.5925	4	17	0	0	1
GBP_JPY_01955_20251212_174500	GBP_JPY	2025-12-12T17:45:00+00:00	short	208.175	208.41296	207.69907	23.8	47.59	0.158643	208.455	208.508	208.487	-0.154	0.4601	-0.5925	4	17	0	0	1
GBP_JPY_01956_20251215_034500	GBP_JPY	2025-12-15T03:45:00+00:00	short	208.1	208.25846	207.78307	15.85	31.69	0.105643	208.47	208.625	208.357	0.0545	-0.036	-0.1396	0	3	1	0	0
GBP_JPY_01957_20251215_041500	GBP_JPY	2025-12-15T04:15:00+00:00	short	207.909	208.07357	207.57986	16.46	32.91	0.109714	208.517	208.594	208.176	0.0435	-0.1561	-0.1725	0	4	1	0	0
GBP_JPY_01958_20251215_053000	GBP_JPY	2025-12-15T05:30:00+00:00	short	207.565	207.76407	207.16686	19.91	39.81	0.132714	208.524	208.509	207.761	-0.0017	-0.1875	-0.2532	0	5	1	0	0
GBP_JPY_01959_20251215_071500	GBP_JPY	2025-12-15T07:15:00+00:00	short	207.228	207.42439	206.83521	19.64	39.28	0.130929	208.588	208.165	207.418	-0.0341	-0.4546	-0.2307	0	7	1	1	0
GBP_JPY_01960_20251215_120000	GBP_JPY	2025-12-15T12:00:00+00:00	long	207.537	207.33857	207.93386	19.84	39.69	0.132286	208.6	208.379	207.378	0.1296	-0.5343	0.0299	0	12	0	1	0
GBP_JPY_01961_20251215_143000	GBP_JPY	2025-12-15T14:30:00+00:00	long	207.641	207.46668	207.98964	17.43	34.86	0.116214	208.629	208.353	207.49	0.238	-0.614	0.1234	0	14	0	1	1
GBP_JPY_01962_20251215_174500	GBP_JPY	2025-12-15T17:45:00+00:00	long	207.822	207.58896	208.28807	23.3	46.61	0.155357	208.174	207.59	207.526	0.2104	-0.467	0.2995	0	17	0	0	1
GBP_JPY_01963_20251215_234500	GBP_JPY	2025-12-15T23:45:00+00:00	short	207.491	207.59954	207.27393	10.85	21.71	0.072357	208.307	207.462	207.621	0.1176	-0.4601	0.0471	0	23	0	0	0
GBP_JPY_01964_20251216_020000	GBP_JPY	2025-12-16T02:00:00+00:00	short	207.145	207.30314	206.82871	15.81	31.63	0.105429	208.388	207.531	207.526	0.1415	-0.569	0.0277	1	2	1	0	0
GBP_JPY_01965_20251216_034500	GBP_JPY	2025-12-16T03:45:00+00:00	short	207.017	207.24329	206.56443	22.63	45.26	0.150857	208.1	207.71	207.232	0.0903	-0.482	-0.0404	1	3	1	0	0
GBP_JPY_01966_20251216_100000	GBP_JPY	2025-12-16T10:00:00+00:00	long	207.259	207.05361	207.66979	20.54	41.08	0.136929	207.372	207.617	207.11	0.1986	-0.2081	0.1923	1	10	0	1	0
GBP_JPY_01967_20251216_113000	GBP_JPY	2025-12-16T11:30:00+00:00	long	207.655	207.40471	208.15557	25.03	50.06	0.166857	207.418	207.579	207.3	0.1099	-0.0826	0.1658	1	11	0	1	0
GBP_JPY_01968_20251216_171500	GBP_JPY	2025-12-16T17:15:00+00:00	short	207.266	207.57318	206.65164	30.72	61.44	0.204786	207.505	207.019	207.921	0.0612	-0.2449	0.1545	1	17	0	0	1
GBP_JPY_01969_20251217_024500	GBP_JPY	2025-12-17T02:45:00+00:00	short	207.453	207.62518	207.10864	17.22	34.44	0.114786	207.232	207.734	207.783	0.0051	-0.2748	0.3845	2	2	1	0	0
GBP_JPY_01970_20251217_081500	GBP_JPY	2025-12-17T08:15:00+00:00	long	207.893	207.71407	208.25086	17.89	35.79	0.119286	206.929	207.546	207.662	-0.3625	0.3332	0.0808	2	8	1	1	0
GBP_JPY_01971_20251217_090000	GBP_JPY	2025-12-17T09:00:00+00:00	short	207.488	207.72704	207.00993	23.9	47.81	0.159357	207.11	207.582	207.802	-0.3336	0.3951	-0.3918	2	9	0	1	0
GBP_JPY_01972_20251217_160000	GBP_JPY	2025-12-17T16:00:00+00:00	long	207.679	207.49054	208.05593	18.85	37.69	0.125643	207.839	207.679	207.573	-0.4966	0.5757	-0.5959	2	16	0	0	1
GBP_JPY_01973_20251217_170000	GBP_JPY	2025-12-17T17:00:00+00:00	long	207.921	207.70339	208.35621	21.76	43.52	0.145071	207.639	207.746	207.676	-0.1461	0.4064	-0.1215	2	17	0	0	1
GBP_JPY_01974_20251217_174500	GBP_JPY	2025-12-17T17:45:00+00:00	long	208.221	207.96396	208.73507	25.7	51.41	0.171357	207.638	207.695	207.775	-0.1461	0.4064	-0.1215	2	17	0	0	1
GBP_JPY_01975_20251218_014500	GBP_JPY	2025-12-18T01:45:00+00:00	short	207.937	208.09246	207.62607	15.55	31.09	0.103643	207.783	207.298	208.091	-0.0655	0.4613	-0.3836	3	1	1	0	0
GBP_JPY_01976_20251218_073000	GBP_JPY	2025-12-18T07:30:00+00:00	long	208.296	208.17311	208.54179	12.29	24.58	0.081929	207.617	208.276	208.163	0.1415	0.4228	-0.1054	3	7	1	1	0
GBP_JPY_01977_20251218_090000	GBP_JPY	2025-12-18T09:00:00+00:00	long	208.425	208.29139	208.69221	13.36	26.72	0.089071	207.494	208.196	208.347	0.1767	0.2753	0.3258	3	9	0	1	0
GBP_JPY_01978_20251218_111500	GBP_JPY	2025-12-18T11:15:00+00:00	short	208.031	208.22011	207.65279	18.91	37.82	0.126071	207.294	208.307	208.326	0.0521	0.2572	0.1741	3	11	0	1	0
GBP_JPY_01979_20251218_144500	GBP_JPY	2025-12-18T14:45:00+00:00	long	208.723	208.4725	209.224	25.05	50.1	0.167	207.487	207.965	207.973	-0.1083	0.2135	0.3799	3	14	0	1	1
GBP_JPY_01980_20251218_234500	GBP_JPY	2025-12-18T23:45:00+00:00	short	208.081	208.19789	207.84721	11.69	23.38	0.077929	208.206	208.146	208.176	-0.167	-0.0867	0.0277	3	23	0	0	0
GBP_JPY_01981_20251219_023000	GBP_JPY	2025-12-19T02:30:00+00:00	long	208.33	208.17175	208.6465	15.82	31.65	0.1055	207.951	208.531	208.196	-0.1533	0.173	0.0658	4	2	1	0	0
GBP_JPY_01982_20251219_051500	GBP_JPY	2025-12-19T05:15:00+00:00	long	208.759	208.54579	209.18543	21.32	42.64	0.142143	208.196	208.462	208.383	-0.1542	0.0732	0.098	4	5	1	0	0
GBP_JPY_01983_20251219_083000	GBP_JPY	2025-12-19T08:30:00+00:00	long	209.077	208.76607	209.69886	31.09	62.19	0.207286	208.386	208.328	208.564	-0.2069	0.0667	0.1249	4	8	1	1	0
GBP_JPY_01984_20251219_094500	GBP_JPY	2025-12-19T09:45:00+00:00	long	209.473	209.14857	210.12186	32.44	64.89	0.216286	208.409	208.172	208.797	-0.2216	0.5195	-0.0067	4	9	0	1	0
GBP_JPY_01985_20251219_111500	GBP_JPY	2025-12-19T11:15:00+00:00	long	210.079	209.70711	210.82279	37.19	74.38	0.247929	208.03	208.174	209.746	-0.0853	0.8125	0.248	4	11	0	1	0
GBP_JPY_01986_20251219_203000	GBP_JPY	2025-12-19T20:30:00+00:00	long	210.805	210.57475	211.2655	23.02	46.05	0.1535	208.328	209.075	210.721	0.0009	1.2144	0.0359	4	20	0	0	1
GBP_JPY_01987_20251222_091500	GBP_JPY	2025-12-22T09:15:00+00:00	long	211.03	210.87368	211.34264	15.63	31.26	0.104214	209.008	210.921	210.764	0.1802	0.483	0.3629	0	9	0	1	0
GBP_JPY_01988_20251222_093000	GBP_JPY	2025-12-22T09:30:00+00:00	long	211.127	210.96457	211.45186	16.24	32.49	0.108286	209.216	210.911	210.756	0.1802	0.483	0.3629	0	9	0	1	0
GBP_JPY_01989_20251222_104500	GBP_JPY	2025-12-22T10:45:00+00:00	long	211.42	211.20293	211.85414	21.71	43.41	0.144714	209.875	210.891	211.252	0.1981	0.3893	0.344	0	10	0	1	0
GBP_JPY_01990_20251222_134500	GBP_JPY	2025-12-22T13:45:00+00:00	long	211.54	211.34918	211.92164	19.08	38.16	0.127214	210.363	210.876	211.457	0.1879	0.0591	0.4973	0	13	0	1	1
GBP_JPY_01991_20251222_233000	GBP_JPY	2025-12-22T23:30:00+00:00	long	211.361	211.25611	211.57079	10.49	20.98	0.069929	210.956	211.275	211.262	0.4399	-0.4583	0.628	0	23	0	0	0
GBP_JPY_01992_20251223_024500	GBP_JPY	2025-12-23T02:45:00+00:00	short	210.924	211.11911	210.53379	19.51	39.02	0.130071	210.951	211.44	211.278	0.4507	-0.5992	0.6177	1	2	1	0	0
GBP_JPY_01993_20251223_054500	GBP_JPY	2025-12-23T05:45:00+00:00	short	210.609	210.80325	210.2205	19.43	38.85	0.1295	210.702	211.189	210.738	0.501	-0.7259	0.7183	1	5	1	0	0
GBP_JPY_01994_20251223_100000	GBP_JPY	2025-12-23T10:00:00+00:00	long	210.771	210.55404	211.20493	21.7	43.39	0.144643	211.179	211.225	210.503	0.4141	-1.0099	0.6662	1	10	0	1	0
GBP_JPY_01995_20251223_153000	GBP_JPY	2025-12-23T15:30:00+00:00	long	210.904	210.68232	211.34736	22.17	44.34	0.147786	211.102	210.893	210.524	0.2042	-0.5395	0.4242	1	15	0	1	1
GBP_JPY_01996_20251223_224500	GBP_JPY	2025-12-23T22:45:00+00:00	long	210.933	210.82854	211.14193	10.45	20.89	0.069643	211.262	210.625	210.749	0.2901	-0.4395	0.3076	1	22	0	0	0
GBP_JPY_01997_20251223_233000	GBP_JPY	2025-12-23T23:30:00+00:00	long	211.123	211.00814	211.35271	11.49	22.97	0.076571	211.361	210.53	210.865	0.2968	-0.5496	0.4265	1	23	0	0	0
GBP_JPY_01998_20251224_031500	GBP_JPY	2025-12-24T03:15:00+00:00	short	210.634	210.93571	210.03057	30.17	60.34	0.201143	210.882	210.657	210.991	0.2735	-0.5164	0.3851	2	3	1	0	0
GBP_JPY_01999_20251226_014500	GBP_JPY	2025-12-26T01:45:00+00:00	long	210.874	210.58589	211.45021	28.81	57.62	0.192071	210.946	210.64	210.577	-0.0984	-0.0391	-0.034	4	1	1	0	0
GBP_JPY_02000_20251226_164500	GBP_JPY	2025-12-26T16:45:00+00:00	long	211.446	211.29289	211.75221	15.31	30.62	0.102071	210.119	211.163	211.299	0.0263	0.4482	0.1408	4	16	0	0	1
GBP_JPY_02001_20251226_230000	GBP_JPY	2025-12-26T23:00:00+00:00	long	211.383	211.26514	211.61871	11.79	23.57	0.078571	210.464	210.996	211.285	-0.0654	0.4458	-0.0096	4	23	0	0	0
GBP_JPY_02002_20251229_000000	GBP_JPY	2025-12-29T00:00:00+00:00	short	211.096	211.24686	210.79429	15.09	30.17	0.100571	210.726	210.981	211.383	-0.1087	0.3567	-0.151	0	0	1	0	0
GBP_JPY_02003_20251229_020000	GBP_JPY	2025-12-29T02:00:00+00:00	short	210.815	211.06464	210.31571	24.96	49.93	0.166429	211.01	211.097	211.132	-0.0518	-0.0818	-0.0163	0	2	1	0	0
GBP_JPY_02004_20251229_090000	GBP_JPY	2025-12-29T09:00:00+00:00	short	210.72	210.89057	210.37886	17.06	34.11	0.113714	210.726	211.239	210.841	0.0357	-0.1874	0.0148	0	9	0	1	0
GBP_JPY_02005_20251229_121500	GBP_JPY	2025-12-29T12:15:00+00:00	long	211.004	210.75854	211.49493	24.55	49.09	0.163643	211.004	211.151	210.813	-0.0629	-0.0448	0.0652	0	12	0	1	0
GBP_JPY_02006_20251229_174500	GBP_JPY	2025-12-29T17:45:00+00:00	short	210.505	210.75743	210.00014	25.24	50.49	0.168286	211.275	211.215	210.8	-0.0807	-0.3113	-0.0452	0	17	0	0	1
GBP_JPY_02007_20251230_024500	GBP_JPY	2025-12-30T02:45:00+00:00	long	210.984	210.76393	211.42414	22.01	44.01	0.146714	211.091	210.771	210.719	-0.0586	-0.0122	-0.0378	1	2	1	0	0
GBP_JPY_02008_20251230_090000	GBP_JPY	2025-12-30T09:00:00+00:00	short	210.737	210.89664	210.41771	15.96	31.93	0.106429	210.725	210.787	210.899	-0.0603	-0.0634	0.1557	1	9	0	1	0
GBP_JPY_02009_20251231_101500	GBP_JPY	2025-12-31T10:15:00+00:00	short	210.544	210.66764	210.29671	12.36	24.73	0.082429	210.601	210.689	210.717	-0.3731	0.3943	-0.5885	2	10	0	1	0
GBP_JPY_02010_20251231_103000	GBP_JPY	2025-12-31T10:30:00+00:00	short	210.44	210.58089	210.15821	14.09	28.18	0.093929	210.726	210.646	210.714	-0.3731	0.3943	-0.5885	2	10	0	1	0
GBP_JPY_02011_20251231_143000	GBP_JPY	2025-12-31T14:30:00+00:00	long	210.867	210.67179	211.25743	19.52	39.04	0.130143	210.604	210.591	210.764	-0.0536	0.413	-0.2215	2	14	0	1	1
GBP_JPY_02012_20251231_220000	GBP_JPY	2025-12-31T22:00:00+00:00	long	211.116	210.95539	211.43721	16.06	32.12	0.107071	210.637	210.667	211.032	0.0681	0.1042	0.1255	2	22	0	0	0
GBP_JPY_02013_20260102_010000	GBP_JPY	2026-01-02T01:00:00+00:00	long	211.279	211.08732	211.66236	19.17	38.34	0.127786	210.571	210.617	210.907	0.0434	0.2078	0.0527	4	1	1	0	0
GBP_JPY_02014_20260102_050000	GBP_JPY	2026-01-02T05:00:00+00:00	long	211.356	211.22775	211.6125	12.82	25.65	0.0855	210.637	210.503	211.272	0.1882	0.1444	0.1701	4	5	1	0	0
GBP_JPY_02015_20260102_093000	GBP_JPY	2026-01-02T09:30:00+00:00	short	211.173	211.29536	210.92829	12.24	24.47	0.081571	210.714	210.924	211.399	-0.0179	0.1865	0.0587	4	9	0	1	0
GBP_JPY_02016_20260102_104500	GBP_JPY	2026-01-02T10:45:00+00:00	short	211.056	211.23889	210.69021	18.29	36.58	0.121929	210.296	211.135	211.195	0.0469	0.1775	0.1817	4	10	0	1	0
GBP_JPY_02017_20260102_173000	GBP_JPY	2026-01-02T17:30:00+00:00	long	211.349	211.12421	211.79857	22.48	44.96	0.149857	210.684	211.331	211.136	0.0571	-0.0989	0.3442	4	17	0	0	1
GBP_JPY_02018_20260105_000000	GBP_JPY	2026-01-05T00:00:00+00:00	short	210.803	210.93971	210.52957	13.67	27.34	0.091143	210.907	211.065	211.107	-0.3022	0.0255	-0.1537	0	0	1	0	0
GBP_JPY_02019_20260105_004500	GBP_JPY	2026-01-05T00:45:00+00:00	short	210.735	210.88554	210.43393	15.05	30.11	0.100357	211.021	210.948	211.098	-0.3022	0.0255	-0.1537	0	0	1	0	0
GBP_JPY_02020_20260105_020000	GBP_JPY	2026-01-05T02:00:00+00:00	long	211.215	211.01507	211.61486	19.99	39.99	0.133286	211.151	211.026	210.904	-0.4355	0.3711	-0.2826	0	2	1	0	0
GBP_JPY_02021_20260105_090000	GBP_JPY	2026-01-05T09:00:00+00:00	short	210.839	210.98032	210.55636	14.13	28.26	0.094214	211.314	211.09	211.017	-0.4125	0.0835	-0.3067	0	9	0	1	0
GBP_JPY_02022_20260105_101500	GBP_JPY	2026-01-05T10:15:00+00:00	short	210.571	210.74918	210.21464	17.82	35.64	0.118786	211.218	211.096	210.879	-0.3854	-0.0274	-0.2118	0	10	0	1	0
GBP_JPY_02023_20260105_163000	GBP_JPY	2026-01-05T16:30:00+00:00	long	211.064	210.85668	211.47864	20.73	41.46	0.138214	211.136	211.01	210.761	-0.3641	-0.0676	0.0579	0	16	0	0	1
GBP_JPY_02024_20260105_174500	GBP_JPY	2026-01-05T17:45:00+00:00	long	211.416	211.18521	211.87757	23.08	46.16	0.153857	211.34	210.933	211.169	-0.3923	-0.0057	0.043	0	17	0	0	1
GBP_JPY_02025_20260106_004500	GBP_JPY	2026-01-06T00:45:00+00:00	long	211.91	211.75679	212.21643	15.32	30.64	0.102143	210.743	210.838	211.648	0.064	-0.1366	0.7089	1	0	1	0	0
GBP_JPY_02026_20260106_110000	GBP_JPY	2026-01-06T11:00:00+00:00	short	211.717	211.89861	211.35379	18.16	36.32	0.121071	210.563	211.812	211.83	0.2636	-0.3486	0.6918	1	11	0	1	0
GBP_JPY_02027_20260106_191500	GBP_JPY	2026-01-06T19:15:00+00:00	long	211.639	211.45514	212.00671	18.39	36.77	0.122571	211.554	211.895	211.52	-0.1187	0.2316	-0.1655	1	19	0	0	1
GBP_JPY_02028_20260107_020000	GBP_JPY	2026-01-07T02:00:00+00:00	long	211.614	211.46646	211.90907	14.75	29.51	0.098357	212.107	211.494	211.497	-0.2151	0.0658	-0.2431	2	2	1	0	0
GBP_JPY_02029_20260107_033000	GBP_JPY	2026-01-07T03:30:00+00:00	long	211.682	211.50543	212.03514	17.66	35.31	0.117714	212.024	211.42	211.41	-0.255	0.1707	-0.2968	2	3	1	0	0
GBP_JPY_02030_20260107_070000	GBP_JPY	2026-01-07T07:00:00+00:00	short	211.339	211.46671	211.08357	12.77	25.54	0.085143	211.971	211.556	211.513	-0.3027	-0.03	-0.3041	2	7	1	1	0
GBP_JPY_02031_20260107_093000	GBP_JPY	2026-01-07T09:30:00+00:00	short	211.115	211.28771	210.76957	17.27	34.54	0.115143	211.794	211.472	211.195	-0.3956	0.0959	-0.4258	2	9	0	1	0
GBP_JPY_02032_20260107_131500	GBP_JPY	2026-01-07T13:15:00+00:00	long	211.354	211.18675	211.6885	16.72	33.45	0.1115	211.586	211.533	211.248	-0.1461	0.0422	-0.1531	2	13	0	1	1
GBP_JPY_02033_20260107_234500	GBP_JPY	2026-01-07T23:45:00+00:00	short	210.882	210.96996	210.70607	8.8	17.59	0.058643	211.424	211.137	211.055	-0.13	0.0843	-0.3245	2	23	0	0	0
GBP_JPY_02034_20260108_033000	GBP_JPY	2026-01-08T03:30:00+00:00	long	211.148	210.99929	211.44543	14.87	29.74	0.099143	211.681	211.111	210.992	-0.177	0.1232	-0.371	3	3	1	0	0
GBP_JPY_02035_20260108_070000	GBP_JPY	2026-01-08T07:00:00+00:00	short	210.78	210.90643	210.52714	12.64	25.29	0.084286	211.337	211.062	210.959	-0.0924	0.1842	-0.3761	3	7	1	1	0
GBP_JPY_02036_20260108_094500	GBP_JPY	2026-01-08T09:45:00+00:00	short	210.377	210.56546	210.00007	18.85	37.69	0.125643	211.132	211.042	210.752	-0.0411	-0.0109	-0.3476	3	9	0	1	0
GBP_JPY_02037_20260108_163000	GBP_JPY	2026-01-08T16:30:00+00:00	long	210.886	210.71768	211.22264	16.83	33.66	0.112214	211.204	211.078	210.662	-0.2676	0.3625	-0.4815	3	16	0	0	1
GBP_JPY_02038_20260109_001500	GBP_JPY	2026-01-09T00:15:00+00:00	short	210.531	210.68486	210.22329	15.39	30.77	0.102571	210.857	210.654	210.839	-0.1619	0.1072	-0.1679	4	0	1	0	0
GBP_JPY_02039_20260109_030000	GBP_JPY	2026-01-09T03:00:00+00:00	long	210.977	210.79796	211.33507	17.9	35.81	0.119357	210.956	210.622	210.822	-0.2193	0.16	-0.2051	4	3	1	0	0
GBP_JPY_02040_20260109_070000	GBP_JPY	2026-01-09T07:00:00+00:00	long	211.334	211.21068	211.58064	12.33	24.66	0.082214	210.779	210.67	211.271	-0.2688	0.4519	-0.2051	4	7	1	1	0
GBP_JPY_02041_20260109_094500	GBP_JPY	2026-01-09T09:45:00+00:00	long	211.469	211.32875	211.7495	14.03	28.05	0.0935	210.376	210.81	211.343	-0.2321	0.6442	-0.1235	4	9	0	1	0
GBP_JPY_02042_20260109_153000	GBP_JPY	2026-01-09T15:30:00+00:00	long	211.623	211.43261	212.00379	19.04	38.08	0.126929	210.662	210.927	211.483	-0.1518	0.3358	0.0909	4	15	0	1	1
GBP_JPY_02043_20260109_183000	GBP_JPY	2026-01-09T18:30:00+00:00	long	212.034	211.72832	212.64536	30.57	61.14	0.203786	210.735	211.248	211.816	-0.1802	0.7489	-0.1422	4	18	0	0	1
GBP_JPY_02044_20260109_233000	GBP_JPY	2026-01-09T23:30:00+00:00	short	211.596	211.69286	211.40229	9.69	19.37	0.064571	210.87	211.431	211.691	-0.2487	0.7007	-0.2799	4	23	0	0	0
GBP_JPY_02045_20260109_234500	GBP_JPY	2026-01-09T23:45:00+00:00	short	211.673	211.76932	211.48036	9.63	19.26	0.064214	210.715	211.487	211.657	-0.2487	0.7007	-0.2799	4	23	0	0	0
GBP_JPY_02046_20260112_041500	GBP_JPY	2026-01-12T04:15:00+00:00	long	211.93	211.75879	212.27243	17.12	34.24	0.114143	211.041	211.86	211.789	0.0034	0.549	-0.0737	0	4	1	0	0
GBP_JPY_02047_20260112_060000	GBP_JPY	2026-01-12T06:00:00+00:00	long	212.262	212.10407	212.57786	15.79	31.59	0.105286	211.271	211.889	212.103	0.0112	0.5788	-0.1005	0	6	1	0	0
GBP_JPY_02048_20260112_111500	GBP_JPY	2026-01-12T11:15:00+00:00	long	212.436	212.26211	212.78379	17.39	34.78	0.115929	211.462	211.63	212.229	0.3401	0.1167	0.3236	0	11	0	1	0
GBP_JPY_02049_20260112_154500	GBP_JPY	2026-01-12T15:45:00+00:00	long	212.794	212.6305	213.121	16.35	32.7	0.109	211.587	211.806	212.561	0.4096	0.2241	0.3446	0	15	0	1	1
GBP_JPY_02050_20260113_024500	GBP_JPY	2026-01-13T02:45:00+00:00	long	213.124	212.8855	213.601	23.85	47.7	0.159	211.697	212.561	212.726	-0.0111	0.3681	0.3052	1	2	1	0	0
GBP_JPY_02051_20260113_041500	GBP_JPY	2026-01-13T04:15:00+00:00	long	213.592	213.34557	214.08486	24.64	49.29	0.164286	211.932	212.73	213.38	0.0343	0.3955	0.3725	1	4	1	0	0
GBP_JPY_02052_20260113_103000	GBP_JPY	2026-01-13T10:30:00+00:00	long	214.129	213.95339	214.48021	17.56	35.12	0.117071	212.224	212.952	213.922	-0.1617	0.7283	0.1427	1	10	0	1	0
GBP_JPY_02053_20260113_144500	GBP_JPY	2026-01-13T14:45:00+00:00	short	213.883	214.03814	213.57271	15.51	31.03	0.103429	212.561	213.125	214.016	-0.2252	0.655	-0.0342	1	14	0	1	1
GBP_JPY_02054_20260113_151500	GBP_JPY	2026-01-13T15:15:00+00:00	short	213.737	213.89675	213.4175	15.98	31.95	0.1065	212.645	213.38	214.019	-0.2095	0.6583	-0.0482	1	15	0	1	1
GBP_JPY_02055_20260113_193000	GBP_JPY	2026-01-13T19:30:00+00:00	short	213.519	213.76018	213.03664	24.12	48.24	0.160786	212.843	213.942	213.751	-0.1963	0.5933	-0.2273	1	19	0	0	1
GBP_JPY_02056_20260114_030000	GBP_JPY	2026-01-14T03:00:00+00:00	long	213.916	213.71789	214.31221	19.81	39.62	0.132071	213.189	213.811	213.761	-0.175	0.5395	-0.3526	2	3	1	0	0
GBP_JPY_02057_20260114_123000	GBP_JPY	2026-01-14T12:30:00+00:00	short	213.372	213.61039	212.89521	23.84	47.68	0.158929	214.036	213.513	213.691	-0.0969	-0.0762	-0.1321	2	12	0	1	0
GBP_JPY_02058_20260114_173000	GBP_JPY	2026-01-14T17:30:00+00:00	short	212.767	213.05811	212.18479	29.11	58.22	0.194071	213.721	213.91	212.931	0.0661	-0.5034	0.1049	2	17	0	0	1
GBP_JPY_02059_20260115_090000	GBP_JPY	2026-01-15T09:00:00+00:00	long	213.181	213.01268	213.51764	16.83	33.66	0.112214	214.044	212.721	212.829	-0.1486	-0.3719	-0.0335	3	9	0	1	0
GBP_JPY_02060_20260115_103000	GBP_JPY	2026-01-15T10:30:00+00:00	long	213.251	212.99921	213.75457	25.18	50.36	0.167857	213.77	212.967	212.908	-0.1442	-0.1523	-0.0833	3	10	0	1	0
GBP_JPY_02061_20260115_123000	GBP_JPY	2026-01-15T12:30:00+00:00	short	212.661	212.93914	212.10471	27.81	55.63	0.185429	213.373	212.76	212.898	-0.1656	-0.138	-0.2483	3	12	0	1	0
GBP_JPY_02062_20260115_171500	GBP_JPY	2026-01-15T17:15:00+00:00	short	212.075	212.27771	211.66957	20.27	40.54	0.135143	212.901	212.902	212.387	-0.4932	0.2625	-0.521	3	17	0	0	1
GBP_JPY_02063_20260116_041500	GBP_JPY	2026-01-16T04:15:00+00:00	short	212.015	212.18032	211.68436	16.53	33.06	0.110214	212.822	212.387	212.095	-0.2646	-0.1363	-0.364	4	4	1	0	0
GBP_JPY_02064_20260116_123000	GBP_JPY	2026-01-16T12:30:00+00:00	long	212.024	211.82193	212.42814	20.21	40.41	0.134714	212.662	212.125	211.943	-0.1951	-0.2139	-0.108	4	12	0	1	0
GBP_JPY_02065_20260116_164500	GBP_JPY	2026-01-16T16:45:00+00:00	short	211.56	211.791	211.098	23.1	46.2	0.154	212.253	211.873	211.797	0.1465	-0.5266	0.2004	4	16	0	0	1
GBP_JPY_02066_20260119_000000	GBP_JPY	2026-01-19T00:00:00+00:00	short	210.706	210.90175	210.3145	19.58	39.15	0.1305	212.182	211.955	211.549	-0.1973	-0.4767	-0.1705	0	0	1	0	0
GBP_JPY_02067_20260119_050000	GBP_JPY	2026-01-19T05:00:00+00:00	long	211.404	211.15189	211.90821	25.21	50.42	0.168071	211.67	211.556	211.291	0.1085	-0.1417	-0.0202	0	5	1	0	0
GBP_JPY_02068_20260119_104500	GBP_JPY	2026-01-19T10:45:00+00:00	long	211.895	211.68307	212.31886	21.19	42.39	0.141286	211.886	211.508	211.644	0.1361	-0.1144	0.1187	0	10	0	1	0
GBP_JPY_02069_20260119_171500	GBP_JPY	2026-01-19T17:15:00+00:00	long	212.097	211.94904	212.39293	14.8	29.59	0.098643	211.521	211.299	211.831	0.3994	-0.0019	0.3267	0	17	0	0	1
GBP_JPY_02070_20260119_234500	GBP_JPY	2026-01-19T23:45:00+00:00	short	212.121	212.20704	211.94893	8.6	17.21	0.057357	211.433	211.709	212.319	0.3975	-0.0278	0.3297	0	23	0	0	0
GBP_JPY_02071_20260120_063000	GBP_JPY	2026-01-20T06:30:00+00:00	long	212.399	212.20454	212.78793	19.45	38.89	0.129643	211.409	212.37	212.229	0.2811	0.1299	0.3404	1	6	1	0	0
GBP_JPY_02072_20260120_080000	GBP_JPY	2026-01-20T08:00:00+00:00	long	212.618	212.47089	212.91221	14.71	29.42	0.098071	211.547	212.239	212.429	0.3483	0.3789	0.2709	1	8	1	1	0
GBP_JPY_02073_20260120_090000	GBP_JPY	2026-01-20T09:00:00+00:00	long	212.948	212.7605	213.323	18.75	37.5	0.125	211.564	212.306	212.621	0.5393	0.1854	0.6393	1	9	0	1	0
GBP_JPY_02074_20260120_091500	GBP_JPY	2026-01-20T09:15:00+00:00	long	213.144	212.93604	213.55993	20.8	41.59	0.138643	211.643	212.278	212.862	0.5393	0.1854	0.6393	1	9	0	1	0
GBP_JPY_02075_20260120_141500	GBP_JPY	2026-01-20T14:15:00+00:00	short	212.238	212.48507	211.74386	24.71	49.41	0.164714	211.803	212.142	212.497	0.8619	-0.1	0.2961	1	14	0	1	1
GBP_JPY_02076_20260121_043000	GBP_JPY	2026-01-21T04:30:00+00:00	short	212.376	212.55546	212.01707	17.95	35.89	0.119643	212.17	212.581	212.442	0.7042	-0.0734	0.1497	2	4	1	0	0
GBP_JPY_02077_20260121_100000	GBP_JPY	2026-01-21T10:00:00+00:00	short	212.188	212.36843	211.82714	18.04	36.09	0.120286	213.357	212.474	212.448	-0.0512	0.0355	-0.2931	2	10	0	1	0
GBP_JPY_02078_20260121_134500	GBP_JPY	2026-01-21T13:45:00+00:00	short	211.75	211.94296	211.36407	19.3	38.59	0.128643	212.377	212.554	211.865	-0.1781	0.1033	-0.3974	2	13	0	1	1
GBP_JPY_02079_20260121_160000	GBP_JPY	2026-01-21T16:00:00+00:00	long	212.316	212.08157	212.78486	23.44	46.89	0.156286	212.284	212.568	211.822	0.0461	0.0487	-0.0528	2	16	0	0	1
GBP_JPY_02080_20260122_054500	GBP_JPY	2026-01-22T05:45:00+00:00	long	212.973	212.80436	213.31029	16.86	33.73	0.112429	212.471	212.435	212.74	-0.256	0.2967	-0.0595	3	5	1	0	0
GBP_JPY_02081_20260122_091500	GBP_JPY	2026-01-22T09:15:00+00:00	long	213.315	213.14346	213.65807	17.15	34.31	0.114357	212.473	212.505	213.204	-0.2236	0.5382	-0.0848	3	9	0	1	0
GBP_JPY_02082_20260122_131500	GBP_JPY	2026-01-22T13:15:00+00:00	short	212.878	213.12786	212.37829	24.99	49.97	0.166571	211.86	212.545	213.312	-0.0982	0.4313	0.0813	3	13	0	1	1
GBP_JPY_02083_20260122_173000	GBP_JPY	2026-01-22T17:30:00+00:00	long	213.504	213.198	214.116	30.6	61.2	0.204	212.721	212.778	213.134	0.2743	0.1106	0.3746	3	17	0	0	1
GBP_JPY_02084_20260123_031500	GBP_JPY	2026-01-23T03:15:00+00:00	long	214.096	213.88943	214.50914	20.66	41.31	0.137714	212.517	212.936	213.932	0.5176	0.1844	0.5011	4	3	1	0	0
GBP_JPY_02085_20260123_084500	GBP_JPY	2026-01-23T08:45:00+00:00	long	214.214	214.028	214.586	18.6	37.2	0.124	213.168	213.693	214.113	0.4577	0.0579	0.432	4	8	1	1	0
GBP_JPY_02086_20260123_090000	GBP_JPY	2026-01-23T09:00:00+00:00	long	214.41	214.22914	214.77171	18.09	36.17	0.120571	213.252	213.696	214.016	0.3866	-0.2431	0.4557	4	9	0	1	0
GBP_JPY_02087_20260123_091500	GBP_JPY	2026-01-23T09:15:00+00:00	long	214.706	214.49075	215.1365	21.52	43.05	0.1435	213.315	213.687	214.037	0.3866	-0.2431	0.4557	4	9	0	1	0
GBP_JPY_02088_20260123_093000	GBP_JPY	2026-01-23T09:30:00+00:00	short	212.637	213.09643	211.71814	45.94	91.89	0.306286	213.353	213.704	214.166	0.3866	-0.2431	0.4557	4	9	0	1	0
GBP_JPY_02089_20260123_164500	GBP_JPY	2026-01-23T16:45:00+00:00	long	214.221	213.99986	214.66329	22.11	44.23	0.147429	213.285	213.987	214.05	0.2287	-0.2244	0.6656	4	16	0	0	1
GBP_JPY_02090_20260123_190000	GBP_JPY	2026-01-23T19:00:00+00:00	short	213.54	213.87718	212.86564	33.72	67.44	0.224786	213.481	214.024	214.573	0.4061	-1.2299	0.8598	4	19	0	0	1
GBP_JPY_02091_20260123_191500	GBP_JPY	2026-01-23T19:15:00+00:00	short	213.141	213.53411	212.35479	39.31	78.62	0.262071	213.553	213.976	214.194	0.4061	-1.2299	0.8598	4	19	0	0	1
GBP_JPY_02092_20260123_201500	GBP_JPY	2026-01-23T20:15:00+00:00	short	212.305	212.86129	211.19243	55.63	111.26	0.370857	213.729	214.037	213.144	0.3797	-1.3543	0.7912	4	20	0	0	1
GBP_JPY_02093_20260126_003000	GBP_JPY	2026-01-26T00:30:00+00:00	short	211.016	211.44907	210.14986	43.31	86.61	0.288714	213.759	214.065	212.359	1.1391	-2.4444	1.3164	0	0	1	0	0
GBP_JPY_02094_20260126_040000	GBP_JPY	2026-01-26T04:00:00+00:00	short	210.598	211.153	209.488	55.5	111.0	0.37	214.111	214.11	211.535	1.0413	-2.9054	1.3104	0	4	1	0	0
GBP_JPY_02095_20260127_014500	GBP_JPY	2026-01-27T01:45:00+00:00	long	211.116	210.90793	211.53214	20.81	41.61	0.138714	212.003	210.096	210.794	0.1147	-0.4911	0.0746	1	1	1	0	0
GBP_JPY_02096_20260127_044500	GBP_JPY	2026-01-27T04:45:00+00:00	long	211.27	211.04704	211.71593	22.3	44.59	0.148643	210.492	210.488	211.133	0.2191	0.174	0.1953	1	4	1	0	0
GBP_JPY_02097_20260127_114500	GBP_JPY	2026-01-27T11:45:00+00:00	short	210.613	210.98393	209.87114	37.09	74.19	0.247286	210.091	210.807	211.552	0.2133	0.0469	0.1997	1	11	0	1	0
GBP_JPY_02098_20260128_030000	GBP_JPY	2026-01-28T03:00:00+00:00	long	211.093	210.70086	211.87729	39.21	78.43	0.261429	210.998	210.662	210.963	0.9606	-0.8805	0.8831	2	3	1	0	0
GBP_JPY_02099_20260128_064500	GBP_JPY	2026-01-28T06:45:00+00:00	short	210.553	210.75443	210.15014	20.14	40.29	0.134286	211.396	210.887	210.751	1.0688	-1.3151	0.928	2	6	1	0	0
GBP_JPY_02100_20260128_134500	GBP_JPY	2026-01-28T13:45:00+00:00	short	210.129	210.37329	209.64043	24.43	48.86	0.162857	210.771	210.849	210.436	0.6095	-0.7312	0.4296	2	13	0	1	1
GBP_JPY_02101_20260128_160000	GBP_JPY	2026-01-28T16:00:00+00:00	long	210.581	210.32429	211.09443	25.67	51.34	0.171143	210.498	211.085	210.319	0.1532	-0.2558	0.1227	2	16	0	0	1
GBP_JPY_02102_20260128_170000	GBP_JPY	2026-01-28T17:00:00+00:00	long	211.334	210.99564	212.01071	33.84	67.67	0.225571	210.851	210.937	210.581	-0.0611	0.1468	0.2763	2	17	0	0	1
GBP_JPY_02103_20260129_000000	GBP_JPY	2026-01-29T00:00:00+00:00	short	211.547	211.78539	211.07021	23.84	47.68	0.158929	210.501	210.472	211.708	-0.7192	0.7408	-0.3114	3	0	1	0	0
GBP_JPY_02104_20260129_091500	GBP_JPY	2026-01-29T09:15:00+00:00	long	212.047	211.84643	212.44814	20.06	40.11	0.133714	210.61	211.817	211.646	-0.1434	0.4337	0.2203	3	9	0	1	0
GBP_JPY_02105_20260129_124500	GBP_JPY	2026-01-29T12:45:00+00:00	short	211.47	211.71236	210.98529	24.24	48.47	0.161571	210.436	211.683	211.623	-0.3895	0.565	-0.0747	3	12	0	1	0
GBP_JPY_02106_20260129_170000	GBP_JPY	2026-01-29T17:00:00+00:00	short	211.356	211.59236	210.88329	23.64	47.27	0.157571	211.335	211.553	211.822	-0.1172	-0.4275	-0.1871	3	17	0	0	1
GBP_JPY_02107_20260129_171500	GBP_JPY	2026-01-29T17:15:00+00:00	short	211.004	211.25846	210.49507	25.45	50.89	0.169643	211.279	211.51	211.876	-0.1172	-0.4275	-0.1871	3	17	0	0	1
GBP_JPY_02108_20260129_173000	GBP_JPY	2026-01-29T17:30:00+00:00	short	210.073	210.42046	209.37807	34.75	69.49	0.231643	211.123	211.487	211.8	-0.1172	-0.4275	-0.1871	3	17	0	0	1
GBP_JPY_02109_20260129_224500	GBP_JPY	2026-01-29T22:45:00+00:00	long	211.367	211.16943	211.76214	19.76	39.51	0.131714	211.643	211.898	211.138	0.1607	-0.1721	0.0435	3	22	0	0	0
GBP_JPY_02110_20260130_020000	GBP_JPY	2026-01-30T02:00:00+00:00	long	211.527	211.29343	211.99414	23.36	46.71	0.155714	211.614	211.6	211.195	-0.3483	0.2665	-0.3126	4	2	1	0	0
GBP_JPY_02111_20260130_154500	GBP_JPY	2026-01-30T15:45:00+00:00	long	212.165	211.931	212.633	23.4	46.8	0.156	211.689	211.578	211.982	-0.3663	0.6744	-0.4476	4	15	0	1	1
GBP_JPY_02112_20260130_174500	GBP_JPY	2026-01-30T17:45:00+00:00	short	211.582	211.91757	210.91086	33.56	67.11	0.223714	210.321	211.725	212.216	-0.2884	0.9234	-0.319	4	17	0	0	1
GBP_JPY_02113_20260202_001500	GBP_JPY	2026-02-02T00:15:00+00:00	long	212.439	212.19096	212.93507	24.8	49.61	0.165357	211.249	211.838	211.748	-1.0051	1.4578	-0.9184	0	0	1	0	0
GBP_JPY_02114_20260202_024500	GBP_JPY	2026-02-02T02:45:00+00:00	long	212.667	212.30357	213.39386	36.34	72.69	0.242286	211.483	211.982	212.286	-0.5473	1.127	-0.5603	0	2	1	0	0
GBP_JPY_02115_20260202_060000	GBP_JPY	2026-02-02T06:00:00+00:00	short	211.808	212.08625	211.2515	27.83	55.65	0.1855	211.843	211.662	212.162	-0.5132	0.5912	-0.5126	0	6	1	0	0
GBP_JPY_02116_20260202_121500	GBP_JPY	2026-02-02T12:15:00+00:00	long	212.335	212.05182	212.90136	28.32	56.64	0.188786	211.838	212.437	212.119	-0.4731	0.3847	-0.3361	0	12	0	1	0
GBP_JPY_02117_20260202_154500	GBP_JPY	2026-02-02T15:45:00+00:00	short	211.902	212.10675	211.4925	20.47	40.95	0.1365	212.163	212.297	212.075	-0.769	0.5558	-0.6752	0	15	0	1	1
GBP_JPY_02118_20260202_200000	GBP_JPY	2026-02-02T20:00:00+00:00	long	212.495	212.23293	213.01914	26.21	52.41	0.174714	211.723	211.566	212.369	-0.8301	0.8206	-0.4464	0	20	0	0	1
GBP_JPY_02119_20260203_143000	GBP_JPY	2026-02-03T14:30:00+00:00	long	213.197	213.01721	213.55657	17.98	35.96	0.119857	212.119	212.747	212.961	-0.4498	0.6028	-0.0453	1	14	0	1	1
GBP_JPY_02120_20260203_171500	GBP_JPY	2026-02-03T17:15:00+00:00	long	213.367	213.10043	213.90014	26.66	53.31	0.177714	212.372	212.593	213.187	0.1755	0.0302	0.5496	1	17	0	0	1
GBP_JPY_02121_20260203_204500	GBP_JPY	2026-02-03T20:45:00+00:00	short	212.873	213.06661	212.48579	19.36	38.72	0.129071	212.478	212.811	213.267	0.2479	-0.0109	0.2015	1	20	0	0	1
GBP_JPY_02122_20260204_020000	GBP_JPY	2026-02-04T02:00:00+00:00	long	213.505	213.30196	213.91107	20.3	40.61	0.135357	212.595	212.975	213.409	0.0669	0.3576	0.1016	2	2	1	0	0
GBP_JPY_02123_20260204_030000	GBP_JPY	2026-02-04T03:00:00+00:00	long	213.838	213.60893	214.29614	22.91	45.81	0.152714	212.757	213.255	213.503	0.1024	0.4277	0.1498	2	3	1	0	0
GBP_JPY_02124_20260204_060000	GBP_JPY	2026-02-04T06:00:00+00:00	long	214.308	214.12864	214.66671	17.94	35.87	0.119571	212.78	213.41	214.094	0.2227	0.5585	0.2082	2	6	1	0	0
GBP_JPY_02125_20260204_094500	GBP_JPY	2026-02-04T09:45:00+00:00	long	214.538	214.38211	214.84979	15.59	31.18	0.103929	212.856	213.207	214.403	0.1413	0.6544	0.1343	2	9	0	1	0
GBP_JPY_02126_20260204_124500	GBP_JPY	2026-02-04T12:45:00+00:00	long	214.974	214.75125	215.4195	22.27	44.55	0.1485	212.919	213.181	214.738	0.2231	0.5182	0.4438	2	12	0	1	0
GBP_JPY_02127_20260204_160000	GBP_JPY	2026-02-04T16:00:00+00:00	short	214.304	214.55204	213.80793	24.8	49.61	0.165357	213.188	214.022	214.835	0.1985	0.3728	0.1383	2	16	0	0	1
GBP_JPY_02128_20260204_180000	GBP_JPY	2026-02-04T18:00:00+00:00	short	213.826	214.17379	213.13043	34.78	69.56	0.231857	213.41	214.308	214.297	-0.1312	0.5818	-0.3037	2	18	0	0	1
GBP_JPY_02129_20260205_044500	GBP_JPY	2026-02-05T04:45:00+00:00	short	213.68	213.88207	213.27586	20.21	40.41	0.134714	214.081	214.129	214.08	-0.3096	0.3961	-0.581	3	4	1	0	0
GBP_JPY_02130_20260205_110000	GBP_JPY	2026-02-05T11:00:00+00:00	short	213.34	213.61932	212.78136	27.93	55.86	0.186214	214.738	214.235	214.01	-0.2827	0.4379	-1.0461	3	11	0	1	0
GBP_JPY_02131_20260205_113000	GBP_JPY	2026-02-05T11:30:00+00:00	short	213.223	213.53179	212.60543	30.88	61.76	0.205857	214.651	214.235	213.856	-0.2827	0.4379	-1.0461	3	11	0	1	0
GBP_JPY_02132_20260205_150000	GBP_JPY	2026-02-05T15:00:00+00:00	short	212.892	213.29593	212.08414	40.39	80.79	0.269286	214.835	214.162	213.246	-0.0905	0.0741	-0.9312	3	15	0	1	1
GBP_JPY_02133_20260205_173000	GBP_JPY	2026-02-05T17:30:00+00:00	short	212.053	212.52732	211.10436	47.43	94.86	0.316214	214.163	213.646	212.857	-0.0424	0.1155	-0.9953	3	17	0	0	1
GBP_JPY_02134_20260205_234500	GBP_JPY	2026-02-05T23:45:00+00:00	short	212.397	212.57518	212.04064	17.82	35.64	0.118786	214.081	213.422	212.605	-0.2524	0.0848	-0.9231	3	23	0	0	0
GBP_JPY_02135_20260206_014500	GBP_JPY	2026-02-06T01:45:00+00:00	short	212.012	212.24289	211.55021	23.09	46.18	0.153929	214.101	213.887	212.429	-0.2093	-0.0656	-0.9124	4	1	1	0	0
GBP_JPY_02136_20260206_071500	GBP_JPY	2026-02-06T07:15:00+00:00	long	212.44	212.27982	212.76036	16.02	32.04	0.106786	213.669	212.647	212.326	0.0712	-0.1395	-0.3715	4	7	1	1	0
GBP_JPY_02137_20260206_074500	GBP_JPY	2026-02-06T07:45:00+00:00	long	212.705	212.54718	213.02064	15.78	31.56	0.105214	213.801	212.487	212.396	0.0712	-0.1395	-0.3715	4	7	1	1	0
GBP_JPY_02138_20260206_110000	GBP_JPY	2026-02-06T11:00:00+00:00	long	213.075	212.79386	213.63729	28.11	56.23	0.187429	213.34	212.607	212.85	0.0976	-0.1767	0.0826	4	11	0	1	0
GBP_JPY_02139_20260206_183000	GBP_JPY	2026-02-06T18:30:00+00:00	long	213.857	213.60918	214.35264	24.78	49.56	0.165214	212.62	212.399	213.577	0.0941	0.1192	0.4015	4	18	0	0	1
GBP_JPY_02140_20260209_000000	GBP_JPY	2026-02-09T00:00:00+00:00	short	213.522	213.70629	213.15343	18.43	36.86	0.122857	212.404	213.246	213.994	0.2852	0.2395	0.5115	0	0	1	0	0
GBP_JPY_02141_20260209_010000	GBP_JPY	2026-02-09T01:00:00+00:00	long	214.267	213.97557	214.84986	29.14	58.29	0.194286	212.419	213.331	213.525	0.4263	0.2883	0.6568	0	1	1	0	0
GBP_JPY_02142_20260209_030000	GBP_JPY	2026-02-09T03:00:00+00:00	short	213.237	213.76511	212.18079	52.81	105.62	0.352071	211.967	213.502	213.482	0.3437	-0.0198	0.4542	0	3	1	0	0
GBP_JPY_02143_20260209_160000	GBP_JPY	2026-02-09T16:00:00+00:00	short	212.273	212.64136	211.53629	36.84	73.67	0.245571	213.266	213.184	213.239	0.8231	-0.7982	0.2579	0	16	0	0	1
GBP_JPY_02144_20260209_204500	GBP_JPY	2026-02-09T20:45:00+00:00	long	213.428	213.179	213.926	24.9	49.8	0.166	213.856	213.113	213.225	0.8182	-0.7506	0.5538	0	20	0	0	1
GBP_JPY_02145_20260210_034500	GBP_JPY	2026-02-10T03:45:00+00:00	short	213.108	213.369	212.586	26.1	52.2	0.174	213.034	212.854	213.39	0.6782	-0.5727	0.6117	1	3	1	0	0
GBP_JPY_02146_20260210_044500	GBP_JPY	2026-02-10T04:45:00+00:00	short	212.75	213.01357	212.22286	26.36	52.71	0.175714	213.361	212.309	213.107	0.7962	-0.9335	0.6527	1	4	1	0	0
GBP_JPY_02147_20260210_071500	GBP_JPY	2026-02-10T07:15:00+00:00	short	212.208	212.46107	211.70186	25.31	50.61	0.168714	213.225	213.307	212.469	0.6237	-0.8326	0.4686	1	7	1	1	0
GBP_JPY_02148_20260210_120000	GBP_JPY	2026-02-10T12:00:00+00:00	short	212.126	212.38689	211.60421	26.09	52.18	0.173929	213.131	213.265	212.496	0.4224	-0.9874	0.4108	1	12	0	1	0
GBP_JPY_02149_20260210_154500	GBP_JPY	2026-02-10T15:45:00+00:00	short	211.729	212.02857	211.12986	29.96	59.91	0.199714	212.854	213.107	212.359	0.0134	-0.751	0.2234	1	15	0	1	1
GBP_JPY_02150_20260210_161500	GBP_JPY	2026-02-10T16:15:00+00:00	short	211.422	211.73411	210.79779	31.21	62.42	0.208071	212.338	213.161	212.043	-0.0302	-0.7827	0.2426	1	16	0	0	1
GBP_JPY_02151_20260210_170000	GBP_JPY	2026-02-10T17:00:00+00:00	short	210.932	211.32361	210.14879	39.16	78.32	0.261071	212.851	212.628	211.637	0.0176	-1.0523	-0.0263	1	17	0	0	1
GBP_JPY_02152_20260211_021500	GBP_JPY	2026-02-11T02:15:00+00:00	short	210.383	210.53589	210.07721	15.29	30.58	0.101929	213.677	212.274	210.637	-0.042	-1.2399	-0.3055	2	2	1	0	0
GBP_JPY_02153_20260211_023000	GBP_JPY	2026-02-11T02:30:00+00:00	short	210.155	210.32279	209.81943	16.78	33.56	0.111857	213.61	212.239	210.615	-0.042	-1.2399	-0.3055	2	2	1	0	0
GBP_JPY_02154_20260211_044500	GBP_JPY	2026-02-11T04:45:00+00:00	short	209.805	210.02154	209.37193	21.65	43.31	0.144357	212.75	211.158	210.089	-0.0453	-1.1302	-0.2578	2	4	1	0	0
GBP_JPY_02155_20260211_064500	GBP_JPY	2026-02-11T06:45:00+00:00	short	209.414	209.62786	208.98629	21.39	42.77	0.142571	212.415	210.811	209.838	0.0126	-1.2566	-0.1586	2	6	1	0	0
GBP_JPY_02156_20260211_080000	GBP_JPY	2026-02-11T08:00:00+00:00	short	209.104	209.34154	208.62893	23.75	47.51	0.158357	212.372	210.776	209.431	0.1017	-1.4594	-0.0088	2	8	1	1	0
GBP_JPY_02157_20260211_111500	GBP_JPY	2026-02-11T11:15:00+00:00	long	209.91	209.61932	210.49136	29.07	58.14	0.193786	212.37	210.53	209.658	0.0302	-1.3382	0.1997	2	11	0	1	0
GBP_JPY_02158_20260211_153000	GBP_JPY	2026-02-11T15:30:00+00:00	short	209.39	209.81214	208.54571	42.21	84.43	0.281429	211.914	210.085	210.176	-0.3629	-0.5996	-0.2895	2	15	0	1	1
GBP_JPY_02159_20260211_203000	GBP_JPY	2026-02-11T20:30:00+00:00	short	208.326	208.65814	207.66171	33.21	66.43	0.221429	210.765	209.282	208.677	-0.0849	-1.1586	-0.033	2	20	0	0	1
GBP_JPY_02160_20260212_030000	GBP_JPY	2026-02-12T03:00:00+00:00	short	208.449	208.75864	207.82971	30.96	61.93	0.206429	210.032	210.145	208.898	-0.1429	-0.7313	-0.0308	3	3	1	0	0
GBP_JPY_02161_20260212_040000	GBP_JPY	2026-02-12T04:00:00+00:00	short	208.236	208.59696	207.51407	36.1	72.19	0.240643	210.033	209.921	208.444	-0.2461	-0.7024	-0.1691	3	4	1	0	0
GBP_JPY_02162_20260212_081500	GBP_JPY	2026-02-12T08:15:00+00:00	long	208.846	208.53379	209.47043	31.22	62.44	0.208143	209.226	208.648	208.467	-0.4582	0.111	-0.3928	3	8	1	1	0
GBP_JPY_02163_20260212_134500	GBP_JPY	2026-02-12T13:45:00+00:00	long	209.252	208.99089	209.77421	26.11	52.22	0.174071	210.147	208.791	208.825	-0.1999	-0.1192	-0.306	3	13	0	1	1
GBP_JPY_02164_20260212_174500	GBP_JPY	2026-02-12T17:45:00+00:00	short	208.417	208.74582	207.75936	32.88	65.76	0.219214	209.434	207.956	209.087	0.2218	-0.6327	0.1482	3	17	0	0	1
GBP_JPY_02165_20260212_180000	GBP_JPY	2026-02-12T18:00:00+00:00	short	208.192	208.5595	207.457	36.75	73.5	0.245	209.325	207.84	208.95	-0.1044	-0.185	-0.1465	3	18	0	0	1
GBP_JPY_02166_20260213_030000	GBP_JPY	2026-02-13T03:00:00+00:00	long	208.619	208.29907	209.25886	31.99	63.99	0.213286	208.444	209.457	208.223	-0.117	0.2709	-0.1686	4	3	1	0	0
GBP_JPY_02167_20260213_093000	GBP_JPY	2026-02-13T09:30:00+00:00	long	208.923	208.64389	209.48121	27.91	55.82	0.186071	208.583	208.37	208.453	-0.1213	0.2424	-0.1342	4	9	0	1	0
GBP_JPY_02168_20260213_161500	GBP_JPY	2026-02-13T16:15:00+00:00	short	208.458	208.73154	207.91093	27.35	54.71	0.182357	209.118	208.47	208.628	-0.2053	0.0144	-0.2818	4	16	0	0	1
GBP_JPY_02169_20260216_000000	GBP_JPY	2026-02-16T00:00:00+00:00	short	208.135	208.33825	207.7285	20.32	40.65	0.1355	207.94	209.127	208.492	-0.0253	-0.0138	0.1822	0	0	1	0	0
GBP_JPY_02170_20260216_020000	GBP_JPY	2026-02-16T02:00:00+00:00	long	208.843	208.60257	209.32386	24.04	48.09	0.160286	208.223	208.581	208.477	-0.096	0.2193	0.1432	0	2	1	0	0
GBP_JPY_02171_20260216_111500	GBP_JPY	2026-02-16T11:15:00+00:00	long	209.481	209.28086	209.88129	20.01	40.03	0.133429	209.278	208.41	209.272	0.0329	0.0384	0.1608	0	11	0	1	0
GBP_JPY_02172_20260216_150000	GBP_JPY	2026-02-16T15:00:00+00:00	short	209.125	209.29011	208.79479	16.51	33.02	0.110071	208.564	208.744	209.289	-0.1651	0.1764	-0.0029	0	15	0	1	1
GBP_JPY_02173_20260217_010000	GBP_JPY	2026-02-17T01:00:00+00:00	long	209.348	209.21257	209.61886	13.54	27.09	0.090286	208.477	209.496	209.144	-0.1374	0.4941	-0.1451	1	1	1	0	0
GBP_JPY_02174_20260217_021500	GBP_JPY	2026-02-17T02:15:00+00:00	short	208.883	209.111	208.427	22.8	45.6	0.152	208.848	209.261	209.347	-0.1467	0.0575	-0.1562	1	2	1	0	0
GBP_JPY_02175_20260217_034500	GBP_JPY	2026-02-17T03:45:00+00:00	short	208.527	208.83354	207.91393	30.65	61.31	0.204357	208.767	209.039	208.627	-0.1753	0.081	-0.1957	1	3	1	0	0
GBP_JPY_02176_20260217_090000	GBP_JPY	2026-02-17T09:00:00+00:00	short	207.541	207.82139	206.98021	28.04	56.08	0.186929	209.085	209.225	208.091	-0.2529	-0.1709	-0.5937	1	9	0	1	0
GBP_JPY_02177_20260217_144500	GBP_JPY	2026-02-17T14:45:00+00:00	short	207.378	207.61168	206.91064	23.37	46.74	0.155786	209.227	208.627	207.714	-0.2143	-0.1982	-0.6861	1	14	0	1	1
GBP_JPY_02178_20260217_213000	GBP_JPY	2026-02-17T21:30:00+00:00	long	208.004	207.82743	208.35714	17.66	35.31	0.117714	209.226	207.493	207.92	-0.0515	-0.1525	-0.5194	1	21	0	0	1
GBP_JPY_02179_20260218_033000	GBP_JPY	2026-02-18T03:30:00+00:00	long	208.031	207.79936	208.49429	23.16	46.33	0.154429	208.853	207.314	207.726	0.016	0.1913	-0.426	2	3	1	0	0
GBP_JPY_02180_20260218_103000	GBP_JPY	2026-02-18T10:30:00+00:00	long	208.507	208.29507	208.93086	21.19	42.39	0.141286	207.71	207.83	208.325	-0.0819	0.6522	-0.1494	2	10	0	1	0
GBP_JPY_02181_20260218_161500	GBP_JPY	2026-02-18T16:15:00+00:00	long	208.85	208.63239	209.28521	21.76	43.52	0.145071	207.42	208.275	208.574	-0.0719	0.61	0.1191	2	16	0	0	1
GBP_JPY_02182_20260219_034500	GBP_JPY	2026-02-19T03:45:00+00:00	long	209.125	208.93204	209.51093	19.3	38.59	0.128643	208.036	208.622	208.723	-0.4364	0.9861	-0.4573	3	3	1	0	0
GBP_JPY_02183_20260219_051500	GBP_JPY	2026-02-19T05:15:00+00:00	long	209.236	209.01089	209.68621	22.51	45.02	0.150071	208.112	209.013	209.034	-0.4273	1.0013	-0.4575	3	5	1	0	0
GBP_JPY_02184_20260219_104500	GBP_JPY	2026-02-19T10:45:00+00:00	short	209.09	209.32721	208.61557	23.72	47.44	0.158143	208.525	208.988	209.374	-0.2527	0.7117	-0.4401	3	10	0	1	0
GBP_JPY_02185_20260219_123000	GBP_JPY	2026-02-19T12:30:00+00:00	short	208.76	209.03332	208.21336	27.33	54.66	0.182214	208.726	208.839	209.034	-0.3643	0.5819	-0.5735	3	12	0	1	0
GBP_JPY_02186_20260219_134500	GBP_JPY	2026-02-19T13:45:00+00:00	short	208.22	208.51121	207.63757	29.12	58.24	0.194143	208.634	208.742	208.668	-0.4555	0.5979	-0.7913	3	13	0	1	1
GBP_JPY_02187_20260219_231500	GBP_JPY	2026-02-19T23:15:00+00:00	long	208.761	208.63736	209.00829	12.36	24.73	0.082429	209.007	209.207	208.637	-0.0798	0.1072	-0.2053	3	23	0	0	0
GBP_JPY_02188_20260220_013000	GBP_JPY	2026-02-20T01:30:00+00:00	long	208.929	208.74011	209.30679	18.89	37.78	0.125929	208.868	208.392	208.549	-0.1714	0.331	-0.2616	4	1	1	0	0
GBP_JPY_02189_20260220_094500	GBP_JPY	2026-02-20T09:45:00+00:00	long	209.07	208.848	209.514	22.2	44.4	0.148	209.374	208.606	208.649	-0.4186	0.3349	-0.4782	4	9	0	1	0
GBP_JPY_02190_20260220_103000	GBP_JPY	2026-02-20T10:30:00+00:00	long	209.211	208.95439	209.72421	25.66	51.32	0.171071	209.143	208.709	208.747	-0.3415	0.4754	-0.3969	4	10	0	1	0
GBP_JPY_02191_20260220_154500	GBP_JPY	2026-02-20T15:45:00+00:00	long	209.59	209.3455	210.079	24.45	48.9	0.163	208.617	208.609	209.167	0.0323	0.326	0.1441	4	15	0	1	1
GBP_JPY_02192_20260223_000000	GBP_JPY	2026-02-23T00:00:00+00:00	short	208.813	208.972	208.495	15.9	31.8	0.106	208.667	209.181	209.159	0.1963	-0.0316	0.1879	0	0	1	0	0
GBP_JPY_02193_20260223_021500	GBP_JPY	2026-02-23T02:15:00+00:00	short	208.654	208.89614	208.16971	24.21	48.43	0.161429	208.826	209.233	208.885	0.5115	-0.6552	0.4866	0	2	1	0	0
GBP_JPY_02194_20260223_084500	GBP_JPY	2026-02-23T08:45:00+00:00	long	208.979	208.8065	209.324	17.25	34.5	0.115	208.649	209.196	208.794	0.5912	-0.4479	0.6083	0	8	1	1	0
GBP_JPY_02195_20260223_174500	GBP_JPY	2026-02-23T17:45:00+00:00	short	208.392	208.62643	207.92314	23.44	46.89	0.156286	209.057	208.516	208.949	0.0568	-0.2745	-0.0452	0	17	0	0	1
GBP_JPY_02196_20260223_230000	GBP_JPY	2026-02-23T23:00:00+00:00	long	208.77	208.59771	209.11457	17.23	34.46	0.114857	209.159	209.044	208.583	-0.0102	-0.28	0.0489	0	23	0	0	0
GBP_JPY_02197_20260223_233000	GBP_JPY	2026-02-23T23:30:00+00:00	long	208.823	208.66925	209.1305	15.38	30.75	0.1025	209.099	209.177	208.671	-0.0102	-0.28	0.0489	0	23	0	0	0
GBP_JPY_02198_20260224_020000	GBP_JPY	2026-02-24T02:00:00+00:00	long	208.877	208.68221	209.26657	19.48	38.96	0.129857	208.812	208.934	208.631	-0.3635	0.5232	-0.2417	1	2	1	0	0
GBP_JPY_02199_20260224_061500	GBP_JPY	2026-02-24T06:15:00+00:00	long	209.337	209.15968	209.69164	17.73	35.46	0.118214	208.55	208.428	209.176	-0.4331	0.5525	-0.2759	1	6	1	0	0
GBP_JPY_02200_20260224_090000	GBP_JPY	2026-02-24T09:00:00+00:00	long	209.881	209.63929	210.36443	24.17	48.34	0.161143	209.044	208.514	209.284	-0.373	1.0435	-0.3527	1	9	0	1	0
GBP_JPY_02201_20260224_093000	GBP_JPY	2026-02-24T09:30:00+00:00	long	210.236	209.94746	210.81307	28.85	57.71	0.192357	209.003	208.547	209.151	-0.373	1.0435	-0.3527	1	9	0	1	0
GBP_JPY_02202_20260224_171500	GBP_JPY	2026-02-24T17:15:00+00:00	long	210.734	210.48811	211.22579	24.59	49.18	0.163929	208.734	209.176	210.532	-0.1874	0.961	0.1467	1	17	0	0	1
GBP_JPY_02203_20260224_220000	GBP_JPY	2026-02-24T22:00:00+00:00	short	210.3	210.44036	210.01929	14.04	28.07	0.093571	208.583	210.397	210.41	-0.1154	0.7537	0.0422	1	22	0	0	0
GBP_JPY_02204_20260225_020000	GBP_JPY	2026-02-25T02:00:00+00:00	long	210.453	210.2775	210.804	17.55	35.1	0.117	208.877	210.32	210.383	-0.0865	0.5224	0.0682	2	2	1	0	0
GBP_JPY_02205_20260225_050000	GBP_JPY	2026-02-25T05:00:00+00:00	long	210.588	210.29004	211.18393	29.8	59.59	0.198643	209.124	210.556	210.292	0.1231	0.459	0.1816	2	5	1	0	0
GBP_JPY_02206_20260225_103000	GBP_JPY	2026-02-25T10:30:00+00:00	long	211.116	210.85436	211.63929	26.16	52.33	0.174429	210.395	210.387	210.645	0.0526	0.2232	0.2373	2	10	0	1	0
GBP_JPY_02207_20260225_110000	GBP_JPY	2026-02-25T11:00:00+00:00	long	211.361	211.07504	211.93293	28.6	57.19	0.190643	210.233	210.37	210.946	0.0017	0.4524	0.1333	2	11	0	1	0
GBP_JPY_02208_20260225_144500	GBP_JPY	2026-02-25T14:45:00+00:00	long	211.87	211.60332	212.40336	26.67	53.34	0.177786	210.259	210.208	211.748	0.0382	0.5132	0.2521	2	14	0	1	1
GBP_JPY_02209_20260226_001500	GBP_JPY	2026-02-26T00:15:00+00:00	short	211.716	211.87693	211.39414	16.09	32.19	0.107286	210.276	211.638	212.006	0.3109	0.3017	0.4677	3	0	1	0	0
GBP_JPY_02210_20260226_020000	GBP_JPY	2026-02-26T02:00:00+00:00	short	211.646	211.86586	211.20629	21.99	43.97	0.146571	210.457	211.76	211.902	0.3515	0.2049	0.4429	3	2	1	0	0
GBP_JPY_02211_20260226_101500	GBP_JPY	2026-02-26T10:15:00+00:00	short	211.144	211.36846	210.69507	22.45	44.89	0.149643	210.97	211.976	211.558	0.1069	-0.1919	0.0503	3	10	0	1	0
GBP_JPY_02212_20260226_150000	GBP_JPY	2026-02-26T15:00:00+00:00	long	211.504	211.32271	211.86657	18.13	36.26	0.120857	211.94	211.69	211.225	0.282	-0.3389	0.2095	3	15	0	1	1
GBP_JPY_02213_20260226_170000	GBP_JPY	2026-02-26T17:00:00+00:00	short	211.017	211.26621	210.51857	24.92	49.84	0.166143	211.67	211.463	211.505	-0.0186	-0.2104	-0.1411	3	17	0	0	1
GBP_JPY_02214_20260226_193000	GBP_JPY	2026-02-26T19:30:00+00:00	short	210.528	210.84032	209.90336	31.23	62.46	0.208214	211.977	211.338	210.863	-0.2651	0.0397	-0.7724	3	19	0	0	1
GBP_JPY_02215_20260227_151500	GBP_JPY	2026-02-27T15:15:00+00:00	short	209.914	210.13975	209.4625	22.58	45.15	0.1505	211.391	210.211	210.03	-0.122	0.0051	-0.6797	4	15	0	1	1
GBP_JPY_02216_20260227_213000	GBP_JPY	2026-02-27T21:30:00+00:00	long	210.232	210.08029	210.53543	15.17	30.34	0.101143	210.637	210.386	210.17	0.1907	-0.0711	-0.0482	4	21	0	0	1
GBP_JPY_02217_20260302_000000	GBP_JPY	2026-03-02T00:00:00+00:00	short	209.525	209.79896	208.97707	27.4	54.79	0.182643	210.359	210.271	210.413	-0.2018	0.0179	-0.5074	0	0	1	0	0
GBP_JPY_02218_20260302_083000	GBP_JPY	2026-03-02T08:30:00+00:00	short	210.016	210.22782	209.59236	21.18	42.36	0.141214	210.053	210.17	210.437	-0.6083	0.6473	-0.6504	0	8	1	1	0
GBP_JPY_02219_20260302_101500	GBP_JPY	2026-03-02T10:15:00+00:00	short	209.447	209.78943	208.76214	34.24	68.49	0.228286	210.533	210.443	209.673	-0.7375	0.5367	-1.0825	0	10	0	1	0
GBP_JPY_02220_20260302_134500	GBP_JPY	2026-03-02T13:45:00+00:00	long	210.508	210.19921	211.12557	30.88	61.76	0.205857	209.953	209.969	210.365	-0.567	0.6741	-0.4047	0	13	0	1	1
GBP_JPY_02221_20260302_163000	GBP_JPY	2026-03-02T16:30:00+00:00	long	211.2	210.85993	211.88014	34.01	68.01	0.226714	210.094	210.174	210.89	-0.6722	0.8369	-0.2788	0	16	0	0	1
GBP_JPY_02222_20260303_024500	GBP_JPY	2026-03-03T02:45:00+00:00	long	211.216	210.98436	211.67929	23.16	46.33	0.154429	210.073	210.816	210.861	-0.6971	0.6931	-0.1511	1	2	1	0	0
GBP_JPY_02223_20260303_064500	GBP_JPY	2026-03-03T06:45:00+00:00	short	210.651	210.85029	210.25243	19.93	39.86	0.132857	210.344	210.875	210.737	-0.8943	0.5577	-0.4093	1	6	1	0	0
GBP_JPY_02224_20260303_074500	GBP_JPY	2026-03-03T07:45:00+00:00	short	210.321	210.5055	209.952	18.45	36.9	0.123	210.382	211.099	210.651	-0.8474	0.3571	-0.3847	1	7	1	1	0
GBP_JPY_02225_20260303_090000	GBP_JPY	2026-03-03T09:00:00+00:00	short	209.921	210.13721	209.48857	21.62	43.24	0.144143	209.713	211.019	210.229	-0.6171	0.2701	-0.1953	1	9	0	1	0
GBP_JPY_02226_20260303_143000	GBP_JPY	2026-03-03T14:30:00+00:00	long	210.104	209.73629	210.83943	36.77	73.54	0.245143	210.78	211.006	209.789	-0.7758	0.1652	-0.5502	1	14	0	1	1
GBP_JPY_02227_20260303_170000	GBP_JPY	2026-03-03T17:00:00+00:00	short	209.343	209.72486	208.57929	38.19	76.37	0.254571	211.348	210.775	210.008	-0.9195	0.0691	-0.5242	1	17	0	0	1
GBP_JPY_02228_20260303_193000	GBP_JPY	2026-03-03T19:30:00+00:00	long	210.3	209.86736	211.16529	43.26	86.53	0.288429	211.04	210.404	210.074	-0.9977	0.3025	-0.6873	1	19	0	0	1
GBP_JPY_02229_20260304_031500	GBP_JPY	2026-03-04T03:15:00+00:00	short	209.869	210.19214	209.22271	32.31	64.63	0.215429	211.213	209.999	210.201	-0.8823	0.1914	-0.6264	2	3	1	0	0
GBP_JPY_02230_20260304_093000	GBP_JPY	2026-03-04T09:30:00+00:00	long	210.411	210.12407	210.98486	28.69	57.39	0.191286	210.002	210.558	209.977	-0.2388	0.0362	0.1747	2	9	0	1	0
GBP_JPY_02231_20260304_130000	GBP_JPY	2026-03-04T13:00:00+00:00	long	210.517	210.17371	211.20357	34.33	68.66	0.228857	209.592	210.538	210.211	0.3251	-0.293	0.6402	2	13	0	1	1
GBP_JPY_02232_20260304_180000	GBP_JPY	2026-03-04T18:00:00+00:00	short	209.833	210.14586	209.20729	31.29	62.57	0.208571	210.054	209.813	210.178	0.2956	-0.4813	0.2971	2	18	0	0	1
GBP_JPY_02233_20260305_020000	GBP_JPY	2026-03-05T02:00:00+00:00	short	209.664	209.83554	209.32093	17.15	34.31	0.114357	210.4	210.284	209.946	0.452	-0.6145	0.4089	3	2	1	0	0
GBP_JPY_02234_20260305_074500	GBP_JPY	2026-03-05T07:45:00+00:00	short	209.284	209.50514	208.84171	22.11	44.23	0.147429	209.836	209.732	209.529	-0.0043	-0.2367	-0.027	3	7	1	1	0
GBP_JPY_02235_20260305_093000	GBP_JPY	2026-03-05T09:30:00+00:00	long	209.776	209.54329	210.24143	23.27	46.54	0.155143	210.412	209.86	209.283	-0.0956	-0.1283	-0.1325	3	9	0	1	0
GBP_JPY_02236_20260305_110000	GBP_JPY	2026-03-05T11:00:00+00:00	long	209.841	209.556	210.411	28.5	57.0	0.19	210.169	210.095	209.603	0.1215	-0.0324	-0.0442	3	11	0	1	0
GBP_JPY_02237_20260305_141500	GBP_JPY	2026-03-05T14:15:00+00:00	long	210.343	210.07236	210.88429	27.06	54.13	0.180429	210.135	209.769	210.03	-0.0851	0.0839	0.1138	3	14	0	1	1
GBP_JPY_02238_20260305_180000	GBP_JPY	2026-03-05T18:00:00+00:00	short	209.855	210.13871	209.28757	28.37	56.74	0.189143	209.829	209.499	210.236	-0.4589	0.4084	-0.3651	3	18	0	0	1
GBP_JPY_02239_20260306_011500	GBP_JPY	2026-03-06T01:15:00+00:00	long	210.478	210.25354	210.92693	22.45	44.89	0.149643	209.96	210.03	210.21	-0.2432	0.3739	-0.0987	4	1	1	0	0
GBP_JPY_02240_20260306_040000	GBP_JPY	2026-03-06T04:00:00+00:00	long	210.579	210.37489	210.98721	20.41	40.82	0.136071	209.564	210.525	210.501	-0.08	0.3517	0.0127	4	4	1	0	0
GBP_JPY_02241_20260306_113000	GBP_JPY	2026-03-06T11:30:00+00:00	short	210.396	210.61554	209.95693	21.95	43.91	0.146357	209.773	210.429	210.756	-0.4182	0.4531	-0.2314	4	11	0	1	0
GBP_JPY_02242_20260306_180000	GBP_JPY	2026-03-06T18:00:00+00:00	long	210.993	210.55146	211.87607	44.15	88.31	0.294357	209.855	210.584	210.819	0.1882	0.0387	0.5947	4	18	0	0	1
GBP_JPY_02243_20260309_174500	GBP_JPY	2026-03-09T17:45:00+00:00	long	211.872	211.62064	212.37471	25.14	50.27	0.167571	210.518	211.147	211.716	-0.0561	0.5058	0.137	0	17	0	0	1
GBP_JPY_02244_20260310_043000	GBP_JPY	2026-03-10T04:30:00+00:00	short	211.627	211.82629	211.22843	19.93	39.86	0.132857	210.845	211.78	211.871	0.9619	-0.673	1.0929	1	4	1	0	0
GBP_JPY_02245_20260310_093000	GBP_JPY	2026-03-10T09:30:00+00:00	long	211.991	211.83446	212.30407	15.65	31.31	0.104357	211.261	211.981	211.729	0.7605	-0.6771	1.0412	1	9	0	1	0
GBP_JPY_02246_20260310_113000	GBP_JPY	2026-03-10T11:30:00+00:00	long	212.207	211.98789	212.64521	21.91	43.82	0.146071	211.19	211.906	211.933	0.9641	-0.5888	1.0534	1	11	0	1	0
GBP_JPY_02247_20260310_214500	GBP_JPY	2026-03-10T21:45:00+00:00	short	211.991	212.19179	211.58943	20.08	40.16	0.133857	212.01	211.904	212.159	0.4138	-0.3352	0.3272	1	21	0	0	1
GBP_JPY_02248_20260311_033000	GBP_JPY	2026-03-11T03:30:00+00:00	long	212.356	212.21468	212.63864	14.13	28.26	0.094214	211.871	212.221	212.156	-0.0714	0.382	-0.0335	2	3	1	0	0
GBP_JPY_02249_20260311_034500	GBP_JPY	2026-03-11T03:45:00+00:00	long	212.463	212.31471	212.75957	14.83	29.66	0.098857	211.724	212.117	212.157	-0.0714	0.382	-0.0335	2	3	1	0	0
GBP_JPY_02250_20260311_040000	GBP_JPY	2026-03-11T04:00:00+00:00	long	212.637	212.48132	212.94836	15.57	31.14	0.103786	211.661	212.236	212.171	0.0594	0.4117	0.1087	2	4	1	0	0
GBP_JPY_02251_20260311_091500	GBP_JPY	2026-03-11T09:15:00+00:00	short	212.498	212.64939	212.19521	15.14	30.28	0.100929	211.84	212.149	212.677	0.0086	0.285	-0.0112	2	9	0	1	0
GBP_JPY_02252_20260311_131500	GBP_JPY	2026-03-11T13:15:00+00:00	long	212.816	212.54514	213.35771	27.09	54.17	0.180571	212.206	212.103	212.516	-0.2792	0.3315	-0.0379	2	13	0	1	1
GBP_JPY_02253_20260311_171500	GBP_JPY	2026-03-11T17:15:00+00:00	long	212.978	212.71839	213.49721	25.96	51.92	0.173071	212.192	212.847	212.695	-0.5692	0.6329	-0.3238	2	17	0	0	1
GBP_JPY_02254_20260312_034500	GBP_JPY	2026-03-12T03:45:00+00:00	short	212.742	212.91429	212.39743	17.23	34.46	0.114857	212.462	212.521	212.892	-0.6215	0.4937	-0.3596	3	3	1	0	0
GBP_JPY_02255_20260313_051500	GBP_JPY	2026-03-13T05:15:00+00:00	long	212.808	212.65296	213.11807	15.5	31.01	0.103357	212.692	212.578	212.64	-0.2193	0.1421	-0.1414	4	5	1	0	0
GBP_JPY_02256_20260313_091500	GBP_JPY	2026-03-13T09:15:00+00:00	short	212.377	212.55775	212.0155	18.08	36.15	0.1205	212.628	212.724	212.457	-0.5629	0.3317	-0.4828	4	9	0	1	0
GBP_JPY_02257_20260313_100000	GBP_JPY	2026-03-13T10:00:00+00:00	short	211.974	212.19032	211.54136	21.63	43.26	0.144214	212.619	212.734	212.473	-0.8069	0.4005	-0.8408	4	10	0	1	0
GBP_JPY_02258_20260313_104500	GBP_JPY	2026-03-13T10:45:00+00:00	short	211.721	211.98264	211.19771	26.16	52.33	0.174429	212.664	212.719	212.296	-0.8069	0.4005	-0.8408	4	10	0	1	0
GBP_JPY_02259_20260313_140000	GBP_JPY	2026-03-13T14:00:00+00:00	short	211.218	211.51189	210.63021	29.39	58.78	0.195929	212.586	212.668	211.566	-0.7589	0.3768	-1.0651	4	14	0	1	1
GBP_JPY_02260_20260313_230000	GBP_JPY	2026-03-13T23:00:00+00:00	short	211.113	211.26868	210.80164	15.57	31.14	0.103786	212.731	211.513	211.304	-0.8444	0.2416	-0.9099	4	23	0	0	0
GBP_JPY_02261_20260316_051500	GBP_JPY	2026-03-16T05:15:00+00:00	long	211.493	211.32136	211.83629	17.16	34.33	0.114429	212.809	211.246	211.242	-0.5698	0.1927	-0.7355	0	5	1	0	0
GBP_JPY_02262_20260316_084500	GBP_JPY	2026-03-16T08:45:00+00:00	short	211.13	211.25911	210.87179	12.91	25.82	0.086071	212.554	211.366	211.432	-0.5748	-0.0571	-0.6136	0	8	1	1	0
GBP_JPY_02263_20260316_160000	GBP_JPY	2026-03-16T16:00:00+00:00	long	211.412	211.24325	211.7495	16.88	33.75	0.1125	211.399	211.318	211.323	0.1891	-0.1069	0.2093	0	16	0	0	1
GBP_JPY_02264_20260316_174500	GBP_JPY	2026-03-16T17:45:00+00:00	long	211.611	211.43679	211.95943	17.42	34.84	0.116143	211.243	211.51	211.503	0.2784	-0.1431	0.3199	0	17	0	0	1
GBP_JPY_02265_20260316_223000	GBP_JPY	2026-03-16T22:30:00+00:00	long	212.032	211.89357	212.30886	13.84	27.69	0.092286	211.215	210.99	211.944	0.7486	-0.3294	0.7492	0	22	0	0	0
GBP_JPY_02266_20260317_043000	GBP_JPY	2026-03-17T04:30:00+00:00	long	212.025	211.89557	212.28386	12.94	25.89	0.086286	211.322	211.509	211.812	0.3817	-0.0289	0.3582	1	4	1	0	0
GBP_JPY_02267_20260317_090000	GBP_JPY	2026-03-17T09:00:00+00:00	short	211.673	211.80275	211.4135	12.98	25.95	0.0865	211.148	211.956	211.95	0.4374	0.037	0.3064	1	9	0	1	0
GBP_JPY_02268_20260317_114500	GBP_JPY	2026-03-17T11:45:00+00:00	long	212.066	211.84036	212.51729	22.56	45.13	0.150429	211.168	211.764	211.865	0.5723	-0.1531	0.5795	1	11	0	1	0
GBP_JPY_02269_20260317_204500	GBP_JPY	2026-03-17T20:45:00+00:00	long	212.361	212.19439	212.69421	16.66	33.32	0.111071	211.858	211.844	212.145	0.4116	-0.1896	0.427	1	20	0	0	1
GBP_JPY_02270_20260318_090000	GBP_JPY	2026-03-18T09:00:00+00:00	short	212.091	212.21914	211.83471	12.81	25.63	0.085429	211.673	212.376	212.155	0.5269	-0.3803	0.5575	2	9	0	1	0
GBP_JPY_02271_20260318_103000	GBP_JPY	2026-03-18T10:30:00+00:00	short	212.033	212.19543	211.70814	16.24	32.49	0.108286	211.918	212.398	212.168	0.274	-0.3008	0.3735	2	10	0	1	0
GBP_JPY_02272_20260318_104500	GBP_JPY	2026-03-18T10:45:00+00:00	short	212.023	212.18586	211.69729	16.29	32.57	0.108571	211.865	212.374	212.152	0.274	-0.3008	0.3735	2	10	0	1	0
GBP_JPY_02273_20260318_124500	GBP_JPY	2026-03-18T12:45:00+00:00	long	212.304	212.12068	212.67064	18.33	36.66	0.122214	212.199	212.274	212.194	0.1919	-0.1389	0.1867	2	12	0	1	0
GBP_JPY_02274_20260318_224500	GBP_JPY	2026-03-18T22:45:00+00:00	short	212.192	212.38175	211.8125	18.98	37.95	0.1265	212.374	212.015	212.266	-0.573	0.4936	-0.5759	2	22	0	0	0
GBP_JPY_02275_20260318_234500	GBP_JPY	2026-03-18T23:45:00+00:00	short	211.834	212.03661	211.42879	20.26	40.52	0.135071	212.302	212.194	212.194	-0.7678	0.5171	-0.7331	2	23	0	0	0
GBP_JPY_02276_20260319_034500	GBP_JPY	2026-03-19T03:45:00+00:00	long	212.265	212.09743	212.60014	16.76	33.51	0.111714	212.379	212.293	211.977	-0.5081	0.4464	-0.4973	3	3	1	0	0
GBP_JPY_02277_20260319_100000	GBP_JPY	2026-03-19T10:00:00+00:00	short	211.518	211.73571	211.08257	21.77	43.54	0.145143	212.225	212.258	211.949	-0.6412	0.303	-0.6859	3	10	0	1	0
GBP_JPY_02278_20260319_104500	GBP_JPY	2026-03-19T10:45:00+00:00	short	211.197	211.48007	210.63086	28.31	56.61	0.188714	212.015	212.194	211.839	-0.6412	0.303	-0.6859	3	10	0	1	0
GBP_JPY_02279_20260319_180000	GBP_JPY	2026-03-19T18:00:00+00:00	long	211.845	211.42436	212.68629	42.06	84.13	0.280429	212.448	212.176	211.234	0.0104	-0.8107	0.2755	3	18	0	0	1
GBP_JPY_02280_20260319_220000	GBP_JPY	2026-03-19T22:00:00+00:00	long	212.114	211.82546	212.69107	28.85	57.71	0.192357	212.258	211.517	211.618	1.0027	-1.3615	1.1554	3	22	0	0	0
GBP_JPY_02281_20260320_044500	GBP_JPY	2026-03-20T04:45:00+00:00	long	212.112	211.93896	212.45807	17.3	34.61	0.115357	212.077	211.227	211.907	0.7756	-0.9733	0.9983	4	4	1	0	0
GBP_JPY_02282_20260320_100000	GBP_JPY	2026-03-20T10:00:00+00:00	long	212.463	212.33539	212.71821	12.76	25.52	0.085071	211.517	212.118	212.372	1.0531	-0.5916	1.2312	4	10	0	1	0
GBP_JPY_02283_20260320_170000	GBP_JPY	2026-03-20T17:00:00+00:00	short	212.032	212.29043	211.51514	25.84	51.69	0.172286	211.234	212.163	212.245	0.1589	0.4818	-0.422	4	17	0	0	1
GBP_JPY_02284_20260320_210000	GBP_JPY	2026-03-20T21:00:00+00:00	long	212.476	212.22314	212.98171	25.29	50.57	0.168571	211.618	212.372	212.272	-0.284	1.0565	-0.6908	4	21	0	0	1
GBP_JPY_02285_20260323_003000	GBP_JPY	2026-03-23T00:30:00+00:00	short	211.749	212.00582	211.23536	25.68	51.36	0.171214	211.781	212.626	212.448	-0.367	0.8963	-0.9082	0	0	1	0	0
GBP_JPY_02286_20260323_040000	GBP_JPY	2026-03-23T04:00:00+00:00	long	212.639	212.34275	213.2315	29.63	59.25	0.1975	211.858	212.245	212.102	-0.0917	0.8709	-0.6209	0	4	1	0	0
GBP_JPY_02287_20260323_090000	GBP_JPY	2026-03-23T09:00:00+00:00	short	212.132	212.31575	211.7645	18.38	36.75	0.1225	212.372	212.478	212.401	-0.2474	0.666	-0.8431	0	9	0	1	0
GBP_JPY_02288_20260323_123000	GBP_JPY	2026-03-23T12:30:00+00:00	short	211.781	212.09975	211.1435	31.87	63.75	0.2125	212.626	211.747	212.343	-0.4667	0.4445	-0.84	0	12	0	1	0
GBP_JPY_02289_20260323_171500	GBP_JPY	2026-03-23T17:15:00+00:00	long	213.133	212.52507	214.34886	60.79	121.59	0.405286	211.793	212.53	212.494	0.7005	-0.438	1.0144	0	17	0	0	1
GBP_JPY_02290_20260324_040000	GBP_JPY	2026-03-24T04:00:00+00:00	short	212.348	212.55693	211.93014	20.89	41.79	0.139286	212.642	212.659	212.765	0.2605	-0.5624	0.4628	1	4	1	0	0
GBP_JPY_02291_20260324_100000	GBP_JPY	2026-03-24T10:00:00+00:00	long	212.944	212.74504	213.34193	19.9	39.79	0.132643	212.001	212.695	212.581	0.7105	-0.6905	1.0663	1	10	0	1	0
GBP_JPY_02292_20260324_114500	GBP_JPY	2026-03-24T11:45:00+00:00	short	212.433	212.69614	211.90671	26.31	52.63	0.175429	212.186	212.677	212.865	0.5065	-0.4924	0.6116	1	11	0	1	0
GBP_JPY_02293_20260325_014500	GBP_JPY	2026-03-25T01:45:00+00:00	long	212.917	212.71493	213.32114	20.21	40.41	0.134714	212.683	212.724	212.735	-0.0052	0.2204	-0.1102	2	1	1	0	0
GBP_JPY_02294_20260325_081500	GBP_JPY	2026-03-25T08:15:00+00:00	short	212.716	212.85807	212.43186	14.21	28.41	0.094714	212.485	212.698	212.88	0.0742	0.2295	-0.1769	2	8	1	1	0
GBP_JPY_02295_20260325_104500	GBP_JPY	2026-03-25T10:45:00+00:00	long	213.096	212.90421	213.47957	19.18	38.36	0.127857	212.865	212.763	212.793	-0.0956	0.4076	-0.2993	2	10	0	1	0
GBP_JPY_02296_20260325_203000	GBP_JPY	2026-03-25T20:30:00+00:00	long	213.149	212.93279	213.58143	21.62	43.24	0.144143	212.699	212.744	212.994	0.0233	0.1138	0.0493	2	20	0	0	1
GBP_JPY_02297_20260326_094500	GBP_JPY	2026-03-26T09:45:00+00:00	short	212.912	213.04111	212.65379	12.91	25.82	0.086071	212.793	213.066	212.983	-0.257	0.1912	-0.1352	3	9	0	1	0
GBP_JPY_02298_20260326_163000	GBP_JPY	2026-03-26T16:30:00+00:00	long	213.118	212.94689	213.46021	17.11	34.22	0.114071	212.873	213.057	212.74	-0.2627	0.2375	-0.1226	3	16	0	0	1
GBP_JPY_02299_20260327_080000	GBP_JPY	2026-03-27T08:00:00+00:00	long	213.007	212.88871	213.24357	11.83	23.66	0.078857	213.019	212.981	212.928	-0.1462	0.0865	-0.1131	4	8	1	1	0
GBP_JPY_02300_20260327_123000	GBP_JPY	2026-03-27T12:30:00+00:00	short	212.705	212.87643	212.36214	17.14	34.29	0.114286	212.853	212.753	212.828	-0.3495	0.2358	-0.355	4	12	0	1	0
GBP_JPY_02301_20260327_143000	GBP_JPY	2026-03-27T14:30:00+00:00	short	212.516	212.69225	212.1635	17.63	35.25	0.1175	212.817	212.942	212.752	-0.144	0.1265	-0.3242	4	14	0	1	1
GBP_JPY_02302_20260327_224500	GBP_JPY	2026-03-27T22:45:00+00:00	short	212.531	212.68721	212.21857	15.62	31.24	0.104143	212.78	212.939	212.653	-0.0417	0.1971	-0.3125	4	22	0	0	0
GBP_JPY_02303_20260330_000000	GBP_JPY	2026-03-30T00:00:00+00:00	short	212.345	212.50089	212.03321	15.59	31.18	0.103929	212.782	212.818	212.615	-0.2914	0.3452	-0.5431	0	0	1	0	0
GBP_JPY_02304_20260330_024500	GBP_JPY	2026-03-30T02:45:00+00:00	short	212.11	212.36146	211.60707	25.15	50.29	0.167643	212.983	212.333	212.338	-0.3711	0.3199	-0.7267	0	2	1	0	0
GBP_JPY_02305_20260330_100000	GBP_JPY	2026-03-30T10:00:00+00:00	short	211.691	211.862	211.349	17.1	34.2	0.114	212.983	212.601	211.941	-0.1814	-0.1044	-0.5093	0	10	0	1	0
GBP_JPY_02306_20260330_113000	GBP_JPY	2026-03-30T11:30:00+00:00	short	211.361	211.58836	210.90629	22.74	45.47	0.151571	212.828	212.68	211.494	-0.2161	-0.0932	-0.5949	0	11	0	1	0
GBP_JPY_02307_20260330_144500	GBP_JPY	2026-03-30T14:45:00+00:00	short	211.057	211.25629	210.65843	19.93	39.86	0.132857	212.333	212.113	211.14	-0.1973	-0.2127	-0.3915	0	14	0	1	1
GBP_JPY_02308_20260330_161500	GBP_JPY	2026-03-30T16:15:00+00:00	short	210.7	210.91632	210.26736	21.63	43.26	0.144214	212.507	211.919	211.017	-0.5189	-0.2264	-0.8536	0	16	0	0	1
GBP_JPY_02309_20260330_163000	GBP_JPY	2026-03-30T16:30:00+00:00	short	210.362	210.60307	209.87986	24.11	48.21	0.160714	212.648	211.979	210.94	-0.5189	-0.2264	-0.8536	0	16	0	0	1
GBP_JPY_02310_20260330_191500	GBP_JPY	2026-03-30T19:15:00+00:00	short	210.239	210.50611	209.70479	26.71	53.42	0.178071	212.77	212.019	210.464	-0.5139	-0.4396	-0.647	0	19	0	0	1
GBP_JPY_02311_20260331_033000	GBP_JPY	2026-03-31T03:30:00+00:00	long	210.768	210.59689	211.11021	17.11	34.22	0.114071	211.947	210.94	210.5	-0.2798	0.0	-0.3901	1	3	1	0	0
GBP_JPY_02312_20260331_034500	GBP_JPY	2026-03-31T03:45:00+00:00	long	211.047	210.86207	211.41686	18.49	36.99	0.123286	211.874	210.812	210.538	-0.2798	0.0	-0.3901	1	3	1	0	0
GBP_JPY_02313_20260331_123000	GBP_JPY	2026-03-31T12:30:00+00:00	long	210.963	210.72268	211.44364	24.03	48.06	0.160214	211.333	210.462	210.942	-0.2279	0.0326	-0.1617	1	12	0	1	0
GBP_JPY_02314_20260331_150000	GBP_JPY	2026-03-31T15:00:00+00:00	long	211.122	210.91982	211.52636	20.22	40.44	0.134786	210.909	210.487	210.805	0.1777	-0.0025	0.068	1	15	0	1	1
GBP_JPY_02315_20260331_174500	GBP_JPY	2026-03-31T17:45:00+00:00	short	209.808	210.17411	209.07579	36.61	73.22	0.244071	210.548	210.82	210.97	0.4841	-0.2727	-0.0796	1	17	0	0	1
GBP_JPY_02316_20260401_004500	GBP_JPY	2026-04-01T00:45:00+00:00	short	209.743	209.94571	209.33757	20.27	40.54	0.135143	210.516	210.956	209.821	0.8045	-0.6537	0.3035	2	0	1	0	0
GBP_JPY_02317_20260401_034500	GBP_JPY	2026-04-01T03:45:00+00:00	long	210.256	210.05982	210.64836	19.62	39.24	0.130786	211.047	210.95	209.945	0.8689	-0.6861	0.3477	2	3	1	0	0
GBP_JPY_02318_20260401_080000	GBP_JPY	2026-04-01T08:00:00+00:00	long	210.467	210.29493	210.81114	17.21	34.41	0.114714	210.463	210.128	210.231	0.9019	-0.5858	0.4151	2	8	1	1	0
GBP_JPY_02319_20260401_104500	GBP_JPY	2026-04-01T10:45:00+00:00	long	210.557	210.29096	211.08907	26.6	53.21	0.177357	210.807	210.056	210.301	0.9571	-0.5418	0.4597	2	10	0	1	0
GBP_JPY_02320_20260401_130000	GBP_JPY	2026-04-01T13:00:00+00:00	long	211.002	210.73307	211.53986	26.89	53.79	0.179286	210.935	209.906	210.634	1.227	-0.76	0.7773	2	13	0	1	1
GBP_JPY_02321_20260401_170000	GBP_JPY	2026-04-01T17:00:00+00:00	long	211.184	210.91904	211.71393	26.5	52.99	0.176643	210.9	210.001	210.904	0.8863	-0.3847	1.1117	2	17	0	0	1
GBP_JPY_02322_20260401_184500	GBP_JPY	2026-04-01T18:45:00+00:00	long	211.37	211.11104	211.88793	25.9	51.79	0.172643	209.735	210.154	211.252	0.8379	-0.2829	1.0983	2	18	0	0	1
GBP_JPY_02323_20260402_001500	GBP_JPY	2026-04-02T00:15:00+00:00	short	211.037	211.21175	210.6875	17.48	34.95	0.1165	209.878	210.642	211.162	0.3133	0.0107	0.6263	3	0	1	0	0
GBP_JPY_02324_20260402_080000	GBP_JPY	2026-04-02T08:00:00+00:00	short	210.828	211.00114	210.48171	17.31	34.63	0.115429	210.469	211.336	210.893	-0.3665	0.4821	-0.3123	3	8	1	1	0
GBP_JPY_02325_20260402_084500	GBP_JPY	2026-04-02T08:45:00+00:00	short	210.661	210.80982	210.36336	14.88	29.76	0.099214	210.277	211.281	210.867	-0.3665	0.4821	-0.3123	3	8	1	1	0
GBP_JPY_02326_20260402_090000	GBP_JPY	2026-04-02T09:00:00+00:00	short	210.41	210.57404	210.08193	16.4	32.81	0.109357	210.335	211.184	210.826	-0.49	0.6791	-0.4891	3	9	0	1	0
GBP_JPY_02327_20260402_174500	GBP_JPY	2026-04-02T17:45:00+00:00	long	211.014	210.74775	211.5465	26.62	53.25	0.1775	211.252	211.129	210.777	-0.6135	0.5527	-0.6795	3	17	0	0	1
GBP_JPY_02328_20260403_151500	GBP_JPY	2026-04-03T15:15:00+00:00	short	211.038	211.13336	210.84729	9.54	19.07	0.063571	210.899	211.08	211.134	0.0564	-0.0081	-0.0121	4	15	0	1	1
GBP_JPY_02329_20260403_180000	GBP_JPY	2026-04-03T18:00:00+00:00	short	210.649	210.83318	210.28064	18.42	36.84	0.122786	210.974	211.2	210.714	-0.1984	0.187	-0.281	4	18	0	0	1
GBP_JPY_02330_20260406_030000	GBP_JPY	2026-04-06T03:00:00+00:00	long	210.778	210.53457	211.26486	24.34	48.69	0.162286	210.974	211.13	210.626	-0.2288	0.0946	-0.2841	0	3	1	0	0
GBP_JPY_02331_20260406_103000	GBP_JPY	2026-04-06T10:30:00+00:00	long	211.2	211.06554	211.46893	13.45	26.89	0.089643	211.274	210.567	210.936	0.1863	-0.1234	0.1088	0	10	0	1	0
GBP_JPY_02332_20260406_164500	GBP_JPY	2026-04-06T16:45:00+00:00	long	211.459	211.31779	211.74143	14.12	28.24	0.094143	210.814	210.666	211.139	0.2185	-0.0188	0.3034	0	16	0	0	1
GBP_JPY_02333_20260407_034500	GBP_JPY	2026-04-07T03:45:00+00:00	long	211.465	211.342	211.711	12.3	24.6	0.082	210.81	211.139	211.33	0.2241	0.0532	0.2592	1	3	1	0	0
GBP_JPY_02334_20260407_091500	GBP_JPY	2026-04-07T09:15:00+00:00	long	211.536	211.41643	211.77514	11.96	23.91	0.079714	210.843	211.39	211.352	0.0997	0.109	0.2073	1	9	0	1	0
GBP_JPY_02335_20260407_113000	GBP_JPY	2026-04-07T11:30:00+00:00	long	211.775	211.57154	212.18193	20.35	40.69	0.135643	211.191	211.344	211.487	0.1575	0.0665	0.2589	1	11	0	1	0
GBP_JPY_02336_20260407_171500	GBP_JPY	2026-04-07T17:15:00+00:00	long	211.865	211.68296	212.22907	18.2	36.41	0.121357	211.494	211.255	211.642	0.2512	0.154	0.0642	1	17	0	0	1
GBP_JPY_02337_20260407_223000	GBP_JPY	2026-04-07T22:30:00+00:00	long	211.989	211.8855	212.196	10.35	20.7	0.069	211.394	211.487	211.912	0.454	-0.0664	0.402	1	22	0	0	0
GBP_JPY_02338_20260407_231500	GBP_JPY	2026-04-07T23:15:00+00:00	long	212.164	212.05289	212.38621	11.11	22.22	0.074071	211.383	211.617	211.98	0.4645	-0.0889	0.3771	1	23	0	0	0
GBP_JPY_02339_20260408_010000	GBP_JPY	2026-04-08T01:00:00+00:00	long	212.313	212.12079	212.69743	19.22	38.44	0.128143	211.343	211.686	212.069	1.0821	-0.4685	1.0473	2	1	1	0	0
GBP_JPY_02340_20260408_024500	GBP_JPY	2026-04-08T02:45:00+00:00	long	212.696	212.40682	213.27436	28.92	57.84	0.192786	211.33	211.707	212.514	1.259	-0.6093	1.265	2	2	1	0	0
GBP_JPY_02341_20260408_063000	GBP_JPY	2026-04-08T06:30:00+00:00	short	212.156	212.39386	211.68029	23.79	47.57	0.158571	211.359	211.798	212.348	1.18	-0.869	1.3119	2	6	1	0	0
GBP_JPY_02342_20260408_083000	GBP_JPY	2026-04-08T08:30:00+00:00	long	212.706	212.50929	213.09943	19.67	39.34	0.131143	211.262	211.919	212.508	1.3559	-0.9357	1.5328	2	8	1	1	0
GBP_JPY_02343_20260408_130000	GBP_JPY	2026-04-08T13:00:00+00:00	long	212.858	212.64168	213.29064	21.63	43.26	0.144214	211.686	212.312	212.714	1.178	-0.8455	1.4967	2	13	0	1	1
GBP_JPY_02344_20260408_213000	GBP_JPY	2026-04-08T21:30:00+00:00	short	212.524	212.69404	212.18393	17.0	34.01	0.113357	211.912	212.406	212.629	0.6532	-0.6919	0.9609	2	21	0	0	1
GBP_JPY_02345_20260409_034500	GBP_JPY	2026-04-09T03:45:00+00:00	long	212.717	212.56925	213.0125	14.78	29.55	0.0985	212.443	212.894	212.472	-0.1251	0.104	0.0247	3	3	1	0	0
GBP_JPY_02346_20260409_100000	GBP_JPY	2026-04-09T10:00:00+00:00	long	212.8	212.66414	213.07171	13.59	27.17	0.090571	212.411	212.526	212.72	-0.2779	0.4772	-0.2317	3	10	0	1	0
GBP_JPY_02347_20260409_111500	GBP_JPY	2026-04-09T11:15:00+00:00	long	212.999	212.84621	213.30457	15.28	30.56	0.101857	212.496	212.505	212.697	-0.077	0.3972	-0.1817	3	11	0	1	0
GBP_JPY_02348_20260409_143000	GBP_JPY	2026-04-09T14:30:00+00:00	long	213.291	213.12954	213.61393	16.15	32.29	0.107643	213.06	212.516	213.182	-0.1	0.4044	-0.28	3	14	0	1	1
GBP_JPY_02349_20260409_181500	GBP_JPY	2026-04-09T18:15:00+00:00	long	213.636	213.44154	214.02493	19.45	38.89	0.129643	212.831	212.583	213.596	0.1634	0.3062	0.0253	3	18	0	0	1
GBP_JPY_02350_20260409_223000	GBP_JPY	2026-04-09T22:30:00+00:00	long	213.824	213.67604	214.11993	14.8	29.59	0.098643	212.539	212.801	213.597	0.282	0.3501	0.2148	3	22	0	0	0
GBP_JPY_02351_20260410_090000	GBP_JPY	2026-04-10T09:00:00+00:00	long	213.755	213.66511	213.93479	8.99	17.98	0.059929	212.72	213.487	213.626	0.1749	0.3099	0.1672	4	9	0	1	0
GBP_JPY_02352_20260410_121500	GBP_JPY	2026-04-10T12:15:00+00:00	long	213.867	213.72032	214.16036	14.67	29.34	0.097786	213.148	213.457	213.765	0.3058	0.1617	0.2581	4	12	0	1	0
GBP_JPY_02353_20260410_153000	GBP_JPY	2026-04-10T15:30:00+00:00	long	214.132	213.98329	214.42943	14.87	29.74	0.099143	213.345	213.721	213.985	0.2978	0.0981	0.3153	4	15	0	1	1
GBP_JPY_02354_20260410_170000	GBP_JPY	2026-04-10T17:00:00+00:00	long	214.413	214.24521	214.74857	16.78	33.56	0.111857	213.471	213.635	214.217	0.3689	-0.0377	0.3429	4	17	0	0	1
GBP_JPY_02355_20260410_171500	GBP_JPY	2026-04-10T17:15:00+00:00	long	214.413	214.245	214.749	16.8	33.6	0.112	213.596	213.616	214.383	0.3689	-0.0377	0.3429	4	17	0	0	1
GBP_JPY_02356_20260410_211500	GBP_JPY	2026-04-10T21:15:00+00:00	long	214.472	214.33089	214.75421	14.11	28.22	0.094071	213.499	213.758	214.361	0.2752	0.1704	0.2717	4	21	0	0	1
GBP_JPY_02357_20260413_000000	GBP_JPY	2026-04-13T00:00:00+00:00	short	213.634	213.83404	213.23393	20.0	40.01	0.133357	213.472	213.748	214.572	-0.2727	0.392	-0.1981	0	0	1	0	0
GBP_JPY_02358_20260413_100000	GBP_JPY	2026-04-13T10:00:00+00:00	long	214.263	214.13614	214.51671	12.69	25.37	0.084571	213.756	214.529	214.064	0.1498	0.1644	0.1476	0	10	0	1	0
GBP_JPY_02359_20260413_134500	GBP_JPY	2026-04-13T13:45:00+00:00	long	214.534	214.40339	214.79521	13.06	26.12	0.087071	213.911	214.054	214.506	-0.1682	0.3091	-0.0171	0	13	0	1	1
GBP_JPY_02360_20260413_160000	GBP_JPY	2026-04-13T16:00:00+00:00	long	214.72	214.57332	215.01336	14.67	29.34	0.097786	214.217	214.084	214.526	-0.191	0.2356	-0.0728	0	16	0	0	1
GBP_JPY_02361_20260413_183000	GBP_JPY	2026-04-13T18:30:00+00:00	long	214.949	214.75893	215.32914	19.01	38.01	0.126714	214.327	214.072	214.804	-0.1075	0.3253	0.0	0	18	0	0	1
GBP_JPY_02362_20260413_224500	GBP_JPY	2026-04-13T22:45:00+00:00	long	215.247	215.11554	215.50993	13.15	26.29	0.087643	214.549	214.369	215.208	0.2805	0.0508	0.2732	0	22	0	0	0
GBP_JPY_02363_20260414_041500	GBP_JPY	2026-04-14T04:15:00+00:00	short	214.92	215.06679	214.62643	14.68	29.36	0.097857	214.11	214.809	215.172	0.6315	-0.2975	0.7678	1	4	1	0	0
GBP_JPY_02364_20260414_141500	GBP_JPY	2026-04-14T14:15:00+00:00	long	215.483	215.29796	215.85307	18.5	37.01	0.123357	214.638	215.2	215.225	1.0076	-0.6669	1.1402	1	14	0	1	1
GBP_JPY_02365_20260415_003000	GBP_JPY	2026-04-15T00:30:00+00:00	short	215.282	215.38936	215.06729	10.74	21.47	0.071571	215.146	215.245	215.476	0.3046	-0.3458	0.4816	2	0	1	0	0
GBP_JPY_02366_20260415_020000	GBP_JPY	2026-04-15T02:00:00+00:00	long	215.564	215.44411	215.80379	11.99	23.98	0.079929	215.3	215.438	215.45	0.2694	-0.2644	0.4388	2	2	1	0	0
GBP_JPY_02367_20260415_110000	GBP_JPY	2026-04-15T11:00:00+00:00	short	215.328	215.50039	214.98321	17.24	34.48	0.114929	215.234	215.497	215.586	0.0569	-0.1811	0.1958	2	11	0	1	0
GBP_JPY_02368_20260415_151500	GBP_JPY	2026-04-15T15:15:00+00:00	long	215.624	215.46907	215.93386	15.49	30.99	0.103286	215.644	215.572	215.342	-0.1389	0.2482	-0.2348	2	15	0	1	1
GBP_JPY_02369_20260416_054500	GBP_JPY	2026-04-16T05:45:00+00:00	short	215.351	215.49157	215.06986	14.06	28.11	0.093714	215.649	215.718	215.402	0.2852	-0.332	0.1954	3	5	1	0	0
GBP_JPY_02370_20260416_090000	GBP_JPY	2026-04-16T09:00:00+00:00	long	215.713	215.52968	216.07964	18.33	36.66	0.122214	215.608	215.858	215.446	0.1612	-0.1471	0.1195	3	9	0	1	0
GBP_JPY_02371_20260416_121500	GBP_JPY	2026-04-16T12:15:00+00:00	short	215.311	215.47	214.993	15.9	31.8	0.106	215.3	215.476	215.524	-0.017	0.0881	-0.135	3	12	0	1	0
GBP_JPY_02372_20260416_164500	GBP_JPY	2026-04-16T16:45:00+00:00	long	215.605	215.44707	215.92086	15.79	31.59	0.105286	215.593	215.402	215.542	-0.1315	0.1214	-0.1165	3	16	0	0	1
GBP_JPY_02373_20260416_171500	GBP_JPY	2026-04-16T17:15:00+00:00	short	215.206	215.39811	214.82179	19.21	38.42	0.128071	215.765	215.5	215.454	-0.2111	0.1717	-0.3427	3	17	0	0	1
GBP_JPY_02374_20260416_231500	GBP_JPY	2026-04-16T23:15:00+00:00	short	215.273	215.37864	215.06171	10.56	21.13	0.070429	215.608	215.524	215.333	-0.1805	0.095	-0.2338	3	23	0	0	0
GBP_JPY_02375_20260417_033000	GBP_JPY	2026-04-17T03:30:00+00:00	long	215.366	215.23668	215.62464	12.93	25.86	0.086214	215.463	215.5	215.326	-0.2405	0.3774	-0.3919	4	3	1	0	0
GBP_JPY_02376_20260417_071500	GBP_JPY	2026-04-17T07:15:00+00:00	long	215.597	215.48664	215.81771	11.04	22.07	0.073571	215.491	215.365	215.487	-0.2269	0.4757	-0.3992	4	7	1	1	0
GBP_JPY_02377_20260417_094500	GBP_JPY	2026-04-17T09:45:00+00:00	short	215.277	215.40943	215.01214	13.24	26.49	0.088286	215.566	215.433	215.599	-0.2406	0.3873	-0.5201	4	9	0	1	0
GBP_JPY_02378_20260417_124500	GBP_JPY	2026-04-17T12:45:00+00:00	short	215.202	215.38414	214.83771	18.21	36.43	0.121429	215.311	215.127	215.326	0.1172	0.0044	-0.0539	4	12	0	1	0
GBP_JPY_02379_20260417_160000	GBP_JPY	2026-04-17T16:00:00+00:00	short	215.093	215.27214	214.73471	17.91	35.83	0.119429	215.486	215.346	215.357	0.5207	-0.6457	0.2378	4	16	0	0	1
GBP_JPY_02380_20260417_163000	GBP_JPY	2026-04-17T16:30:00+00:00	short	214.758	214.98996	214.29407	23.2	46.39	0.154643	215.517	215.388	215.28	0.5207	-0.6457	0.2378	4	16	0	0	1
GBP_JPY_02381_20260417_173000	GBP_JPY	2026-04-17T17:30:00+00:00	short	214.07	214.38361	213.44279	31.36	62.72	0.209071	215.304	215.439	214.753	0.3568	-0.886	0.352	4	17	0	0	1
GBP_JPY_02382_20260420_000000	GBP_JPY	2026-04-20T00:00:00+00:00	short	214.08	214.24254	213.75493	16.25	32.51	0.108357	215.205	215.367	214.399	-0.4135	-0.1446	-0.2981	0	0	1	0	0
GBP_JPY_02383_20260420_021500	GBP_JPY	2026-04-20T02:15:00+00:00	long	214.552	214.37329	214.90943	17.87	35.74	0.119143	215.306	215.314	214.354	-0.3582	-0.0308	-0.3179	0	2	1	0	0
GBP_JPY_02384_20260420_090000	GBP_JPY	2026-04-20T09:00:00+00:00	short	214.366	214.47646	214.14507	11.05	22.09	0.073643	215.436	214.366	214.556	-0.0841	-0.3369	0.0052	0	9	0	1	0
GBP_JPY_02385_20260420_103000	GBP_JPY	2026-04-20T10:30:00+00:00	long	214.713	214.55475	215.0295	15.83	31.65	0.1055	215.452	214.431	214.433	-0.1952	-0.1946	-0.1649	0	10	0	1	0
GBP_JPY_02386_20260420_124500	GBP_JPY	2026-04-20T12:45:00+00:00	long	214.836	214.61861	215.27079	21.74	43.48	0.144929	215.205	214.175	214.58	-0.2374	-0.0755	-0.0968	0	12	0	1	0
GBP_JPY_02387_20260420_213000	GBP_JPY	2026-04-20T21:30:00+00:00	long	214.973	214.83243	215.25414	14.06	28.11	0.093714	214.413	214.433	214.784	0.0042	0.2986	-0.0207	0	21	0	0	1
GBP_JPY_02388_20260421_074500	GBP_JPY	2026-04-21T07:45:00+00:00	short	214.825	214.91404	214.64693	8.9	17.81	0.059357	214.581	214.782	214.908	0.1378	0.039	0.0755	1	7	1	1	0
GBP_JPY_02389_20260421_093000	GBP_JPY	2026-04-21T09:30:00+00:00	short	214.773	214.8975	214.524	12.45	24.9	0.083	214.433	214.973	214.801	0.0816	-0.034	0.1022	1	9	0	1	0
GBP_JPY_02390_20260421_110000	GBP_JPY	2026-04-21T11:00:00+00:00	short	214.648	214.82607	214.29186	17.81	35.61	0.118714	214.639	215.001	214.754	0.0332	0.1239	0.0452	1	11	0	1	0
GBP_JPY_02391_20260421_130000	GBP_JPY	2026-04-21T13:00:00+00:00	long	215.062	214.86271	215.46057	19.93	39.86	0.132857	214.781	214.911	214.965	-0.0816	0.1787	-0.0503	1	13	0	1	1
GBP_JPY_02392_20260422_110000	GBP_JPY	2026-04-22T11:00:00+00:00	long	215.42	215.27814	215.70371	14.19	28.37	0.094571	214.65	215.202	215.171	-0.0961	0.1137	0.1866	2	11	0	1	0
GBP_JPY_02393_20260422_143000	GBP_JPY	2026-04-22T14:30:00+00:00	short	215.06	215.19768	214.78464	13.77	27.54	0.091786	215.178	215.303	215.307	-0.2745	0.1251	-0.1176	2	14	0	1	1
GBP_JPY_02394_20260422_184500	GBP_JPY	2026-04-22T18:45:00+00:00	long	215.377	215.22089	215.68921	15.61	31.22	0.104071	215.352	215.292	215.166	-0.3234	0.0621	-0.0526	2	18	0	0	1
GBP_JPY_02395_20260422_234500	GBP_JPY	2026-04-22T23:45:00+00:00	short	215.23	215.32182	215.04636	9.18	18.36	0.061214	215.213	215.587	215.439	-0.31	0.0602	-0.0518	2	23	0	0	0
GBP_JPY_02396_20260423_060000	GBP_JPY	2026-04-23T06:00:00+00:00	short	215.116	215.25239	214.84321	13.64	27.28	0.090929	215.274	215.26	215.218	-0.3655	0.0941	-0.1577	3	6	1	0	0
GBP_JPY_02397_20260423_093000	GBP_JPY	2026-04-23T09:30:00+00:00	long	215.415	215.30304	215.63893	11.2	22.39	0.074643	215.189	215.394	215.231	-0.389	0.3312	-0.1887	3	9	0	1	0
GBP_JPY_02398_20260423_113000	GBP_JPY	2026-04-23T11:30:00+00:00	long	215.589	215.43482	215.89736	15.42	30.84	0.102786	215.506	215.327	215.27	-0.4433	0.2096	-0.1781	3	11	0	1	0
GBP_JPY_02399_20260423_154500	GBP_JPY	2026-04-23T15:45:00+00:00	short	215.128	215.31882	214.74636	19.08	38.16	0.127214	215.036	215.229	215.487	-0.3036	0.0916	-0.0489	3	15	0	1	1
GBP_JPY_02400_20260423_190000	GBP_JPY	2026-04-23T19:00:00+00:00	short	215.081	215.26796	214.70707	18.7	37.39	0.124643	215.294	215.184	215.268	-0.0888	-0.0326	-0.0948	3	19	0	0	1
GBP_JPY_02401_20260424_111500	GBP_JPY	2026-04-24T11:15:00+00:00	long	215.311	215.16732	215.59836	14.37	28.74	0.095786	215.348	215.051	215.018	-0.1017	0.0182	-0.2081	4	11	0	1	0
GBP_JPY_02402_20260424_193000	GBP_JPY	2026-04-24T19:30:00+00:00	long	215.461	215.27789	215.82721	18.31	36.62	0.122071	215.1	215.02	215.329	0.147	-0.0715	0.2187	4	19	0	0	1
GBP_JPY_02403_20260427_130000	GBP_JPY	2026-04-27T13:00:00+00:00	long	215.807	215.65261	216.11579	15.44	30.88	0.102929	215.385	215.636	215.669	0.3614	-0.3138	0.5033	0	13	0	1	1
GBP_JPY_02404_20260428_001500	GBP_JPY	2026-04-28T00:15:00+00:00	short	215.635	215.72318	215.45864	8.82	17.64	0.058786	215.36	215.722	215.72	0.1119	-0.084	0.2111	1	0	1	0	0
GBP_JPY_02405_20260428_060000	GBP_JPY	2026-04-28T06:00:00+00:00	short	215.392	215.53836	215.09929	14.64	29.27	0.097571	215.708	215.827	215.709	-0.1364	-0.0955	-0.093	1	6	1	0	0
GBP_JPY_02406_20260428_093000	GBP_JPY	2026-04-28T09:30:00+00:00	short	215.121	215.28975	214.7835	16.87	33.75	0.1125	215.631	215.74	215.186	-0.3581	0.0578	-0.2298	1	9	0	1	0
GBP_JPY_02407_20260428_171500	GBP_JPY	2026-04-28T17:15:00+00:00	long	215.458	215.24425	215.8855	21.37	42.75	0.1425	215.823	215.72	215.175	-0.2991	0.314	-0.4264	1	17	0	0	1
GBP_JPY_02408_20260429_124500	GBP_JPY	2026-04-29T12:45:00+00:00	long	215.828	215.68357	216.11686	14.44	28.89	0.096286	215.27	215.573	215.694	0.0453	0.1623	0.0964	2	12	0	1	0
GBP_JPY_02409_20260429_174500	GBP_JPY	2026-04-29T17:45:00+00:00	long	216.157	215.97325	216.5245	18.38	36.75	0.1225	215.578	215.682	215.893	0.0	0.2398	0.0289	2	17	0	0	1
GBP_JPY_02410_20260430_090000	GBP_JPY	2026-04-30T09:00:00+00:00	long	216.277	216.14543	216.54014	13.16	26.31	0.087714	215.62	216.0	216.107	-0.2513	0.5969	-0.2	3	9	0	1	0
GBP_JPY_02411_20260430_103000	GBP_JPY	2026-04-30T10:30:00+00:00	long	216.583	216.43075	216.8875	15.23	30.45	0.1015	215.604	216.115	216.418	-0.2213	0.2893	-0.14	3	10	0	1	0
GBP_JPY_02412_20260430_104500	GBP_JPY	2026-04-30T10:45:00+00:00	short	215.954	216.21039	215.44121	25.64	51.28	0.170929	215.634	216.123	216.392	-0.2213	0.2893	-0.14	3	10	0	1	0
GBP_JPY_02413_20260430_113000	GBP_JPY	2026-04-30T11:30:00+00:00	short	215.416	215.75189	214.74421	33.59	67.18	0.223929	215.71	216.206	216.584	-0.1735	-0.1233	-0.1082	3	11	0	1	0
GBP_JPY_02414_20260430_130000	GBP_JPY	2026-04-30T13:00:00+00:00	short	214.871	215.31511	213.98279	44.41	88.82	0.296071	215.86	216.131	214.938	0.0478	-1.6169	0.1125	3	13	0	1	1
GBP_JPY_02415_20260430_131500	GBP_JPY	2026-04-30T13:15:00+00:00	short	213.966	214.53075	212.8365	56.48	112.95	0.3765	215.804	216.163	215.056	0.0478	-1.6169	0.1125	3	13	0	1	1
GBP_JPY_02416_20260430_133000	GBP_JPY	2026-04-30T13:30:00+00:00	short	213.097	213.77779	211.73543	68.08	136.16	0.453857	215.799	216.149	215.071	0.0478	-1.6169	0.1125	3	13	0	1	1
GBP_JPY_02417_20260430_140000	GBP_JPY	2026-04-30T14:00:00+00:00	short	212.132	212.99739	210.40121	86.54	173.08	0.576929	215.865	216.067	214.872	0.0325	-2.1721	0.0874	3	14	0	1	1
GBP_JPY_02418_20260501_010000	GBP_JPY	2026-05-01T01:00:00+00:00	long	213.113	212.92164	213.49571	19.14	38.27	0.127571	216.131	214.872	212.986	0.4581	-2.2878	0.9154	4	1	1	0	0
GBP_JPY_02419_20260501_023000	GBP_JPY	2026-05-01T02:30:00+00:00	long	213.42	213.23486	213.79029	18.51	37.03	0.123429	216.009	210.832	213.198	0.3774	-2.0031	0.8422	4	2	1	0	0
GBP_JPY_02420_20260501_024500	GBP_JPY	2026-05-01T02:45:00+00:00	long	213.535	213.33507	213.93486	19.99	39.99	0.133286	216.079	211.363	213.114	0.3774	-2.0031	0.8422	4	2	1	0	0
GBP_JPY_02421_20260501_030000	GBP_JPY	2026-05-01T03:00:00+00:00	long	213.679	213.45614	214.12471	22.29	44.57	0.148571	216.0	211.288	213.288	0.4136	-2.0032	0.8833	4	3	1	0	0
GBP_JPY_02422_20260501_093000	GBP_JPY	2026-05-01T09:30:00+00:00	short	213.528	213.7155	213.153	18.75	37.5	0.125	216.418	212.573	213.678	0.5587	-2.8934	1.022	4	9	0	1	0
GBP_JPY_02423_20260501_094500	GBP_JPY	2026-05-01T09:45:00+00:00	short	212.277	212.63325	211.5645	35.62	71.25	0.2375	216.392	212.745	213.727	0.5587	-2.8934	1.022	4	9	0	1	0
GBP_JPY_02424_20260501_150000	GBP_JPY	2026-05-01T15:00:00+00:00	long	213.359	213.14279	213.79143	21.62	43.24	0.144143	211.288	213.677	213.154	0.5542	-0.1441	0.8644	4	15	0	1	1
GBP_JPY_02425_20260501_170000	GBP_JPY	2026-05-01T17:00:00+00:00	long	213.552	213.32475	214.0065	22.72	45.45	0.1515	212.249	213.854	213.471	0.3377	-0.0268	0.2982	4	17	0	0	1
GBP_JPY_02426_20260501_231500	GBP_JPY	2026-05-01T23:15:00+00:00	short	213.105	213.23614	212.84271	13.11	26.23	0.087429	213.012	212.749	213.26	-0.0861	0.3162	-0.2147	4	23	0	0	0
GBP_JPY_02427_20260504_044500	GBP_JPY	2026-05-04T04:45:00+00:00	long	213.328	213.16289	213.65821	16.51	33.02	0.110071	213.892	213.43	213.183	-0.0511	-0.1024	-0.1632	0	4	1	0	0
GBP_JPY_02428_20260504_064500	GBP_JPY	2026-05-04T06:45:00+00:00	short	212.402	212.79318	211.61964	39.12	78.24	0.260786	213.809	213.487	213.447	0.0537	-0.6247	-0.0346	0	6	1	0	0
GBP_JPY_02429_20260504_130000	GBP_JPY	2026-05-04T13:00:00+00:00	short	212.682	212.87271	212.30057	19.07	38.14	0.127143	212.93	213.102	212.868	-0.3363	0.3308	-0.4439	0	13	0	1	1
GBP_JPY_02430_20260504_154500	GBP_JPY	2026-05-04T15:45:00+00:00	long	213.025	212.8315	213.412	19.35	38.7	0.129	213.43	213.183	212.827	-0.4117	0.3474	-0.5334	0	15	0	1	1
GBP_JPY_02431_20260504_190000	GBP_JPY	2026-05-04T19:00:00+00:00	short	212.562	212.75957	212.16686	19.76	39.51	0.131714	213.503	212.751	212.856	-0.4762	0.2077	-0.5883	0	19	0	0	1
GBP_JPY_02432_20260504_214500	GBP_JPY	2026-05-04T21:45:00+00:00	short	212.168	212.41336	211.67729	24.54	49.07	0.163571	213.248	213.113	212.759	-0.255	-0.179	-0.335	0	21	0	0	1
GBP_JPY_02433_20260505_090000	GBP_JPY	2026-05-05T09:00:00+00:00	long	212.74	212.63007	212.95986	10.99	21.99	0.073286	213.225	212.766	212.595	-0.3641	0.1905	-0.3638	1	9	0	1	0
GBP_JPY_02434_20260505_103000	GBP_JPY	2026-05-05T10:30:00+00:00	long	212.854	212.69532	213.17136	15.87	31.74	0.105786	212.82	212.652	212.758	-0.2475	0.2193	-0.2079	1	10	0	1	0
GBP_JPY_02435_20260505_120000	GBP_JPY	2026-05-05T12:00:00+00:00	long	213.288	213.04146	213.78107	24.65	49.31	0.164357	212.868	212.654	213.008	-0.2313	0.3472	-0.1232	1	12	0	1	0
GBP_JPY_02436_20260505_160000	GBP_JPY	2026-05-05T16:00:00+00:00	long	213.748	213.55471	214.13457	19.33	38.66	0.128857	212.963	212.632	213.612	-0.1477	0.4783	-0.0509	1	16	0	0	1
GBP_JPY_02437_20260505_234500	GBP_JPY	2026-05-05T23:45:00+00:00	short	213.692	213.78468	213.50664	9.27	18.54	0.061786	212.69	212.986	213.812	0.0308	0.4243	0.0621	1	23	0	0	0
GBP_JPY_02438_20260506_021500	GBP_JPY	2026-05-06T02:15:00+00:00	long	213.987	213.79961	214.36179	18.74	37.48	0.124929	212.696	213.573	213.74	0.1976	0.2971	0.2712	2	2	1	0	0
GBP_JPY_02439_20260506_071500	GBP_JPY	2026-05-06T07:15:00+00:00	short	213.003	213.24482	212.51936	24.18	48.36	0.161214	212.709	213.941	214.2	0.5078	-0.8627	0.5475	2	7	1	1	0
GBP_JPY_02440_20260506_073000	GBP_JPY	2026-05-06T07:30:00+00:00	short	211.748	212.14475	210.9545	39.67	79.35	0.2645	212.679	213.946	214.078	0.5078	-0.8627	0.5475	2	7	1	1	0
GBP_JPY_02441_20260507_000000	GBP_JPY	2026-05-07T00:00:00+00:00	short	212.366	212.51514	212.06771	14.91	29.83	0.099429	213.661	212.497	212.543	0.4832	-1.0503	0.3871	3	0	1	0	0
GBP_JPY_02442_20260507_004500	GBP_JPY	2026-05-07T00:45:00+00:00	short	212.292	212.42936	212.01729	13.74	27.47	0.091571	213.709	212.463	212.46	0.4832	-1.0503	0.3871	3	0	1	0	0
